-- phpMyAdmin SQL Dump
-- version 4.9.7
-- https://www.phpmyadmin.net/
--
-- Host: localhost:3306
-- Generation Time: Aug 23, 2021 at 02:46 AM
-- Server version: 10.3.30-MariaDB-cll-lve
-- PHP Version: 7.3.28

SET SQL_MODE = "NO_AUTO_VALUE_ON_ZERO";
SET AUTOCOMMIT = 0;
START TRANSACTION;
SET time_zone = "+00:00";


/*!40101 SET @OLD_CHARACTER_SET_CLIENT=@@CHARACTER_SET_CLIENT */;
/*!40101 SET @OLD_CHARACTER_SET_RESULTS=@@CHARACTER_SET_RESULTS */;
/*!40101 SET @OLD_COLLATION_CONNECTION=@@COLLATION_CONNECTION */;
/*!40101 SET NAMES utf8mb4 */;

--
-- Database: `u1041558_puskesmas`
--

-- --------------------------------------------------------

--
-- Table structure for table `tb_diagnosa`
--

CREATE TABLE `tb_diagnosa` (
  `id_diagnosa` varchar(50) NOT NULL,
  `id_kunjungan` varchar(50) NOT NULL,
  `id_dokter` varchar(50) NOT NULL,
  `keluhan_akhir` text NOT NULL,
  `aturan_pakai` text NOT NULL
) ENGINE=InnoDB DEFAULT CHARSET=utf8mb4;

--
-- Dumping data for table `tb_diagnosa`
--

INSERT INTO `tb_diagnosa` (`id_diagnosa`, `id_kunjungan`, `id_dokter`, `keluhan_akhir`, `aturan_pakai`) VALUES
('04a3ec74-3e15-4b3f-b341-1da825f5a667', 'eb441095-c9ba-4f85-88c5-54fcc0a3413e', '54cde188-40b6-4092-9b95-afb9fa767fbe', 'Nyeri ulu hati, kontrol tekanan darah, nyeri pinggang', 'Ranitidin 2x1\r\nAs. Mefenamat 3x1\r\nAmlodipin 1x10mg\r\nCaptopril 2x25mg\r\nVit b komp 3x1'),
('3062c504-1897-46b6-84b8-5487e59d287d', '70a9cb25-cee0-4de6-b3f4-a236923b9d48', '54cde188-40b6-4092-9b95-afb9fa767fbe', 'Sakit perut bawah\r\n', 'Mini aspi 1x80 mg\r\nNifedipine 3x10 mg\r\nTTD 2x1 tab'),
('52f8499b-81cf-4856-8f0b-d225703c6238', '10157419-084d-4bb8-a1fc-82a40c91d544', '54cde188-40b6-4092-9b95-afb9fa767fbe', 'Tidak ada keluhan', 'Tablet tambah darah 2x1 tab\r\nKalsium laktat 3x500 mg'),
('5ad9f6a9-da0b-4dd0-b6a3-2c8d3c42c5c2', '144cb8b6-9607-4181-b88e-0c992f5ef8e9', '54cde188-40b6-4092-9b95-afb9fa767fbe', 'Kontrol tekanan darah tinggi, sakit kepala sebelah bagian kiri', 'Amlidipin 5mg 1x1\r\nIbuprofen 3x400 mg\r\nVit b komp 3x1 tab'),
('6373b696-2eaa-499f-a868-510171325f89', '9aaacb15-370c-4ad7-a195-7c201734c762', '54cde188-40b6-4092-9b95-afb9fa767fbe', 'Pilek sekak 1 minggu yang lalu. Pilek berwarna kekuningan. Demam (+)\r\nBatuk (-), nyeir tenggorokan\r\nRiw. Kontak erat pasien susp/terkonfirmasi covid 19 (-)\r\nRiw berpergian ke wilayan transmisi lokal covid 19(-)', 'Amoksisilin 3 x 500 mg\r\nPct 3 x 500 mg\r\nCTM 3 x 4mg\r\nVit c 1 x 250 mg'),
('6cae92f8-ddaa-48a1-96cb-2c9f3688fcbe', '96a0a234-0c6f-4ca4-a0f3-ef5f6798f235', '54cde188-40b6-4092-9b95-afb9fa767fbe', 'Kontrol', 'Clobazam 1x10 mg\r\nDiazepam 2x2mg\r\nAntasida 3x1'),
('77a1947f-8840-42c3-9ecd-ecb3cfb96d8e', '56616999-28a7-4969-aae7-ff61f6e0090f', '54cde188-40b6-4092-9b95-afb9fa767fbe', 'Gatal-gatal dan kemerahan dileher dan bokong. Makin gatal saat berkeringat.', 'Salep ketokonazole 2 x 1\r\nCetirizine syr 1 x 1 cth'),
('8e8a50a2-32f1-41c3-8c71-d72bb57e8986', '27450a68-e317-483d-80ab-27de90450ff1', '54cde188-40b6-4092-9b95-afb9fa767fbe', 'Mual dan muntah disertai pusing sejak 1 bulan.', 'Tablet tambah darah 1x1 tab po\r\nAs folat 1x400 ug po\r\nVitamin B6 3x1 tab po\r\nAntasida syrup 3x1C\r\n'),
('8fe010a8-f6ac-41fd-8efe-4aff00744ec3', '449ac1f7-d550-4e82-9c24-f6814916b7cf', '54cde188-40b6-4092-9b95-afb9fa767fbe', 'Menyesak, sakit tenggorokan, sakit menelan', 'As.mefenamat 3x1 tab\r\nMP tab 4mg 3x1\r\nRanitidin tab 2x1\r\nAntasida tab 3x1'),
('99ba5560-f736-4353-a392-d8a53825031f', '35c5f001-db75-4e23-a8af-2e8036a70ef5', '54cde188-40b6-4092-9b95-afb9fa767fbe', 'Nyeri diantara leher dan bahu', 'Ibuprofen 3x1 sesudah makan\r\nVit b komplek 3x1'),
('a3c370a1-392e-4a12-a109-22e6bf9a7eb8', 'e302d495-57bb-4fd4-bf66-e1a133b92c90', '54cde188-40b6-4092-9b95-afb9fa767fbe', 'Batuk dan pilek sejak 2 hari yang lalu. Demam (-) sesak (-)\r\nKejang (-)\r\nTelinga kiri terasa penuh. Keluar cairan (-)', 'Dextrofen 3 x 1 cth\r\nPulv : 1 x 1\r\nMP 4 mg\r\nVit C 50 mg\r\n\r\n-phenylglycerol 2 x 1'),
('aa4ab422-51fd-4392-90ef-5390b4894481', '9e37cb88-1c67-4384-9c75-f2c2a6b2eaa4', '54cde188-40b6-4092-9b95-afb9fa767fbe', 'Mules ingin melahirkan', 'Amoxicillin 3x500 mg\r\nAs. Mefenemat 3x500 mg\r\nTTD 2x1 tab \r\nVit. B kompleks 1x1 tab\r\nVitamin A 1 tab dosis tunggal'),
('b7bc03d3-8051-41d3-bce5-e6a2e0281e84', '35f72a49-74a2-456f-a996-6be64adf5e8e', '54cde188-40b6-4092-9b95-afb9fa767fbe', 'Tidak ada keluhan. Jarak kehamilan anak kedua dengan kehamilan saat ini lebih dari 10 tahun.', 'Tablet tambah darah 2x1 tab\r\nKalk 3x500 mg\r\nVitamin B kompleks 1x1 tab'),
('c7e2dc46-2c8e-4b66-998d-95ea4cb22ffa', 'edc729df-74d2-4e6d-97e4-59f7da61102c', '54cde188-40b6-4092-9b95-afb9fa767fbe', 'Tangan dan kaki kesemutan, bahu kanan nyeri bila digerakkan dan mengangkat berat', 'As.mefenamat 3x500mg sesudah makan\r\nVit b komp 3x1\r\nPct bila demam'),
('dd601c8b-3217-4c01-8e24-fec63181c97b', '460297b8-c0d4-46eb-b3f0-7d210eec620a', '54cde188-40b6-4092-9b95-afb9fa767fbe', 'Keputihan sejak 1 bulan yang lalu. Keputihan berwarna putih, gatal dan berbau.  Riw DM tidak diketahui. Riw keluarga dengan DM (+)', '2 x 500 mg selama 7 hari'),
('dea7df7d-4f36-4d18-bce1-3698ecb6f189', 'd48af2d4-6fce-44a5-bec7-772f83ffc958', '54cde188-40b6-4092-9b95-afb9fa767fbe', 'Kontrol tekanan darah, badan ngilu', 'Amlodipin 1x1 pagi\r\nAs.mefenamat 3x500 mg sebelum makan\r\nVit b komp 3x1'),
('e1896a75-d8cb-437e-95b6-5c69d779f64c', '78500363-8f3a-4315-926c-1c57a19d99f9', '54cde188-40b6-4092-9b95-afb9fa767fbe', 'Nyeri pada kedua lutut. Gatal pada kaki kanan', 'Natrium diclofenac 2x1\r\nRanitidin 2x1\r\nVit bkomp 3x1\r\nBetametason cream 2x1\r\nAmoxicillin 3x1'),
('e3cfa133-78b4-4bd5-89d1-9e1315094a57', '434eb40c-c2b9-4ae1-97f3-1dea67108a0f', '42103a6b-9303-4744-94c6-5f423c5a99a7', 'Nyeri ulu hati, mual (-), muntah (-)\r\nNyeri dada seperti tertindih (-)\r\nRiw minum obat anti nyeri berulang.\r\nPasien mengeluhkan nyeri pada punggung kiri, tifak dipengaruhi gerakan. Riw trauma (-)\r\n\r\nEKG: sinus rhytm', 'Antasida 3 x 1 tab\r\nPCt 3 x 500 mg\r\nVit b complex 3 x 1'),
('eba7266a-f4cb-4c72-b714-41478dc17b1b', 'e289f4b7-ed6e-4e02-b383-289d00a30054', '54cde188-40b6-4092-9b95-afb9fa767fbe', 'Kedua lutut sakit,kesemutan, riwayat darah tinggi dan dm terkontrol', 'Metformin 3x500mg\r\nCaptopril3x25mg\r\nAmlodipin 1x5mg\r\nSimvastatin 1x20mg\r\nVit b komp 3x1\r\nAs mefenamat 3x1');

-- --------------------------------------------------------

--
-- Table structure for table `tb_diagnosa_obat`
--

CREATE TABLE `tb_diagnosa_obat` (
  `id` int(8) NOT NULL,
  `id_diagnosa` varchar(50) NOT NULL,
  `id_obat` varchar(50) NOT NULL,
  `qty` smallint(4) NOT NULL
) ENGINE=InnoDB DEFAULT CHARSET=utf8mb4;

--
-- Dumping data for table `tb_diagnosa_obat`
--

INSERT INTO `tb_diagnosa_obat` (`id`, `id_diagnosa`, `id_obat`, `qty`) VALUES
(61, 'b7bc03d3-8051-41d3-bce5-e6a2e0281e84', 'e40fcf60-66fa-41ad-9c2a-722054a8e71d', 10),
(62, '52f8499b-81cf-4856-8f0b-d225703c6238', 'e40fcf60-66fa-41ad-9c2a-722054a8e71d', 10),
(63, 'dd601c8b-3217-4c01-8e24-fec63181c97b', '4c22184b-022f-4183-8358-20e600feb04b', 14),
(64, 'e1896a75-d8cb-437e-95b6-5c69d779f64c', '4c2b1f2a-b396-43a4-87f2-14a4c664514e', 1),
(65, '6cae92f8-ddaa-48a1-96cb-2c9f3688fcbe', '052cf09a-0eb1-467e-9f88-d4689618cb08', 10),
(66, '6cae92f8-ddaa-48a1-96cb-2c9f3688fcbe', '20204fff-aef0-4c21-b5bd-6c374aec1e2d', 15),
(67, '6cae92f8-ddaa-48a1-96cb-2c9f3688fcbe', '915144ca-db65-4783-8560-a14fa1f5eff4', 30),
(68, '8fe010a8-f6ac-41fd-8efe-4aff00744ec3', '052cf09a-0eb1-467e-9f88-d4689618cb08', 10),
(69, '8fe010a8-f6ac-41fd-8efe-4aff00744ec3', 'be05fed6-3b25-4954-a2be-b881ecd2160c', 10),
(70, '8fe010a8-f6ac-41fd-8efe-4aff00744ec3', 'ea5fd180-ed3d-467b-85a6-cc88410fe34f', 15),
(71, 'dea7df7d-4f36-4d18-bce1-3698ecb6f189', '6cc825f7-c2e3-4bf7-b57e-e5708237a5c2', 15),
(72, 'dea7df7d-4f36-4d18-bce1-3698ecb6f189', 'be05fed6-3b25-4954-a2be-b881ecd2160c', 10),
(73, '5ad9f6a9-da0b-4dd0-b6a3-2c8d3c42c5c2', 'e7af6b7d-8486-417b-84c2-9a8e5f9098af', 15),
(74, '5ad9f6a9-da0b-4dd0-b6a3-2c8d3c42c5c2', 'b1868293-398b-4fa8-af81-e6b7e34489a2', 10),
(75, 'c7e2dc46-2c8e-4b66-998d-95ea4cb22ffa', 'be05fed6-3b25-4954-a2be-b881ecd2160c', 10),
(76, '99ba5560-f736-4353-a392-d8a53825031f', 'b1868293-398b-4fa8-af81-e6b7e34489a2', 10),
(77, 'eba7266a-f4cb-4c72-b714-41478dc17b1b', 'e7af6b7d-8486-417b-84c2-9a8e5f9098af', 15),
(78, 'eba7266a-f4cb-4c72-b714-41478dc17b1b', 'be05fed6-3b25-4954-a2be-b881ecd2160c', 10),
(79, 'eba7266a-f4cb-4c72-b714-41478dc17b1b', '58905602-193d-447c-bed4-51299e6e6777', 42),
(80, '04a3ec74-3e15-4b3f-b341-1da825f5a667', '6cc825f7-c2e3-4bf7-b57e-e5708237a5c2', 15),
(81, '04a3ec74-3e15-4b3f-b341-1da825f5a667', 'be05fed6-3b25-4954-a2be-b881ecd2160c', 10),
(82, '04a3ec74-3e15-4b3f-b341-1da825f5a667', '58905602-193d-447c-bed4-51299e6e6777', 30),
(83, '77a1947f-8840-42c3-9ecd-ecb3cfb96d8e', '92d42e5e-6004-4a25-b2e8-ec075c48cfdc', 10),
(84, '77a1947f-8840-42c3-9ecd-ecb3cfb96d8e', 'e040e329-aaba-48b9-b66d-b40985bae7b3', 0),
(85, 'a3c370a1-392e-4a12-a109-22e6bf9a7eb8', 'd74074e5-e0bc-4808-bdea-1b37924229a4', 1),
(86, 'a3c370a1-392e-4a12-a109-22e6bf9a7eb8', 'ea5fd180-ed3d-467b-85a6-cc88410fe34f', 10),
(87, 'a3c370a1-392e-4a12-a109-22e6bf9a7eb8', 'a662add8-4507-4436-89f3-788502cb8a30', 10),
(88, '6373b696-2eaa-499f-a868-510171325f89', 'b0a795fc-b8a4-44d4-8cd2-b17121812c67', 10),
(89, '6373b696-2eaa-499f-a868-510171325f89', 'c9c693f9-4289-4afb-a4bd-fd05611fbcdb', 10),
(90, '6373b696-2eaa-499f-a868-510171325f89', '8d06cabb-0ce8-4bbe-be4d-151bbc324b32', 10),
(91, '6373b696-2eaa-499f-a868-510171325f89', 'a662add8-4507-4436-89f3-788502cb8a30', 10),
(92, '8e8a50a2-32f1-41c3-8c71-d72bb57e8986', 'ae21cb53-cf4e-47ca-8c7a-4ca90a8974d8', 10),
(93, '8e8a50a2-32f1-41c3-8c71-d72bb57e8986', 'e40fcf60-66fa-41ad-9c2a-722054a8e71d', 30),
(94, 'e3cfa133-78b4-4bd5-89d1-9e1315094a57', '052cf09a-0eb1-467e-9f88-d4689618cb08', 15),
(95, 'e3cfa133-78b4-4bd5-89d1-9e1315094a57', '8d06cabb-0ce8-4bbe-be4d-151bbc324b32', 10),
(96, '3062c504-1897-46b6-84b8-5487e59d287d', '35d7e65a-41d3-43f8-9390-61cd4c34b055', 10),
(97, '3062c504-1897-46b6-84b8-5487e59d287d', 'f3cc059e-6ee4-4dba-921a-2d0b4a668909', 20),
(98, '3062c504-1897-46b6-84b8-5487e59d287d', 'e40fcf60-66fa-41ad-9c2a-722054a8e71d', 30),
(99, 'aa4ab422-51fd-4392-90ef-5390b4894481', 'ff6b8edc-f7a9-4e79-80e0-f1ca95c91c48', 10),
(100, 'aa4ab422-51fd-4392-90ef-5390b4894481', 'be05fed6-3b25-4954-a2be-b881ecd2160c', 10),
(101, 'aa4ab422-51fd-4392-90ef-5390b4894481', 'e40fcf60-66fa-41ad-9c2a-722054a8e71d', 20),
(102, 'aa4ab422-51fd-4392-90ef-5390b4894481', '5affbd9f-83f3-41a3-86de-39301b014242', 0),
(103, 'aa4ab422-51fd-4392-90ef-5390b4894481', '0dcaa3fe-4f68-4a54-a9a3-67c2d6386b48', 0);

-- --------------------------------------------------------

--
-- Table structure for table `tb_diagnosa_penyakit`
--

CREATE TABLE `tb_diagnosa_penyakit` (
  `id` int(8) NOT NULL,
  `id_diagnosa` varchar(50) NOT NULL,
  `id_penyakit` varchar(50) NOT NULL
) ENGINE=InnoDB DEFAULT CHARSET=utf8mb4;

--
-- Dumping data for table `tb_diagnosa_penyakit`
--

INSERT INTO `tb_diagnosa_penyakit` (`id`, `id_diagnosa`, `id_penyakit`) VALUES
(66, 'b7bc03d3-8051-41d3-bce5-e6a2e0281e84', 'e7d664b2-2790-47b7-958a-efcc2efc0bf7'),
(67, '52f8499b-81cf-4856-8f0b-d225703c6238', 'bd3b1b08-148d-449c-bee8-0a9a56d3e296'),
(68, 'dd601c8b-3217-4c01-8e24-fec63181c97b', '646d7d5d-13c3-46e5-be4b-21f5bf17db6f'),
(69, 'e1896a75-d8cb-437e-95b6-5c69d779f64c', '3617a4f5-1f33-4804-bc31-5752db68ff78'),
(70, 'e1896a75-d8cb-437e-95b6-5c69d779f64c', 'a6757429-6997-44a3-8efa-18713193df50'),
(71, '6cae92f8-ddaa-48a1-96cb-2c9f3688fcbe', '66835064-29ed-4b70-a9b2-d50269c63725'),
(72, '8fe010a8-f6ac-41fd-8efe-4aff00744ec3', '4e6e2914-ba5e-4fe7-97f4-1396a77af12b'),
(73, '8fe010a8-f6ac-41fd-8efe-4aff00744ec3', '69aa1bfc-a119-403f-b24f-b81bc0bf1e18'),
(74, 'dea7df7d-4f36-4d18-bce1-3698ecb6f189', '17195c4e-c562-4cba-8aeb-c891b1ea6a1a'),
(75, '5ad9f6a9-da0b-4dd0-b6a3-2c8d3c42c5c2', '17195c4e-c562-4cba-8aeb-c891b1ea6a1a'),
(76, '5ad9f6a9-da0b-4dd0-b6a3-2c8d3c42c5c2', '634889c9-dfac-420b-b062-55072712d2c0'),
(77, 'c7e2dc46-2c8e-4b66-998d-95ea4cb22ffa', 'f79acf2f-e423-4697-94c2-d9a205db9394'),
(78, '99ba5560-f736-4353-a392-d8a53825031f', 'f79acf2f-e423-4697-94c2-d9a205db9394'),
(79, 'eba7266a-f4cb-4c72-b714-41478dc17b1b', '3617a4f5-1f33-4804-bc31-5752db68ff78'),
(80, 'eba7266a-f4cb-4c72-b714-41478dc17b1b', '17195c4e-c562-4cba-8aeb-c891b1ea6a1a'),
(81, '04a3ec74-3e15-4b3f-b341-1da825f5a667', '69aa1bfc-a119-403f-b24f-b81bc0bf1e18'),
(82, '04a3ec74-3e15-4b3f-b341-1da825f5a667', '17195c4e-c562-4cba-8aeb-c891b1ea6a1a'),
(83, '04a3ec74-3e15-4b3f-b341-1da825f5a667', 'f79acf2f-e423-4697-94c2-d9a205db9394'),
(84, '77a1947f-8840-42c3-9ecd-ecb3cfb96d8e', '43db27dd-3d05-4f1d-afe7-ea1430d5f562'),
(85, 'a3c370a1-392e-4a12-a109-22e6bf9a7eb8', '4e6e2914-ba5e-4fe7-97f4-1396a77af12b'),
(86, 'a3c370a1-392e-4a12-a109-22e6bf9a7eb8', '90dd9156-19fa-40d1-90b0-5f663c1c0a53'),
(87, 'a3c370a1-392e-4a12-a109-22e6bf9a7eb8', '5d7d5b84-b8d7-4090-b622-7e8a794f2296'),
(88, '6373b696-2eaa-499f-a868-510171325f89', '4e6e2914-ba5e-4fe7-97f4-1396a77af12b'),
(89, '6373b696-2eaa-499f-a868-510171325f89', '90dd9156-19fa-40d1-90b0-5f663c1c0a53'),
(90, '8e8a50a2-32f1-41c3-8c71-d72bb57e8986', 'edc7c023-52cc-4065-b797-7ab863e3861f'),
(91, 'e3cfa133-78b4-4bd5-89d1-9e1315094a57', 'c40c5051-6caa-4d3e-901e-b54e63ea4d6a'),
(92, 'e3cfa133-78b4-4bd5-89d1-9e1315094a57', 'f79acf2f-e423-4697-94c2-d9a205db9394'),
(93, '3062c504-1897-46b6-84b8-5487e59d287d', '129c0bc6-2c62-46ec-b4ea-a798f65a2d63'),
(94, 'aa4ab422-51fd-4392-90ef-5390b4894481', '8fee424d-f9e1-4a5a-9d31-744cff9a11af');

-- --------------------------------------------------------

--
-- Table structure for table `tb_diagnosa_tindakan`
--

CREATE TABLE `tb_diagnosa_tindakan` (
  `id` int(8) NOT NULL,
  `id_diagnosa` varchar(50) NOT NULL,
  `id_tindakan` varchar(50) NOT NULL,
  `satuan` smallint(6) NOT NULL
) ENGINE=InnoDB DEFAULT CHARSET=utf8mb4;

--
-- Dumping data for table `tb_diagnosa_tindakan`
--

INSERT INTO `tb_diagnosa_tindakan` (`id`, `id_diagnosa`, `id_tindakan`, `satuan`) VALUES
(47, 'b7bc03d3-8051-41d3-bce5-e6a2e0281e84', '3961b2b7-3e24-4b45-97ff-9f75565ceeac', 0),
(48, 'b7bc03d3-8051-41d3-bce5-e6a2e0281e84', '5d6662f7-399c-4ce8-af54-e148be064954', 0),
(49, 'b7bc03d3-8051-41d3-bce5-e6a2e0281e84', '9a35cd1c-d2a1-412f-a8eb-01ab9523e0ec', 0),
(50, '52f8499b-81cf-4856-8f0b-d225703c6238', '5eed4bb1-9ff4-4366-bc29-541d008db71e', 0),
(51, 'dd601c8b-3217-4c01-8e24-fec63181c97b', 'c2cff4eb-401a-40dd-9865-f96242790704', 10000),
(52, 'e1896a75-d8cb-437e-95b6-5c69d779f64c', '41cbef64-9f3a-4368-8d8e-ddd8ce7e6f97', 0),
(53, '6cae92f8-ddaa-48a1-96cb-2c9f3688fcbe', '41cbef64-9f3a-4368-8d8e-ddd8ce7e6f97', 0),
(54, '8fe010a8-f6ac-41fd-8efe-4aff00744ec3', '41cbef64-9f3a-4368-8d8e-ddd8ce7e6f97', 0),
(55, 'dea7df7d-4f36-4d18-bce1-3698ecb6f189', '41cbef64-9f3a-4368-8d8e-ddd8ce7e6f97', 0),
(56, '5ad9f6a9-da0b-4dd0-b6a3-2c8d3c42c5c2', '41cbef64-9f3a-4368-8d8e-ddd8ce7e6f97', 0),
(57, 'c7e2dc46-2c8e-4b66-998d-95ea4cb22ffa', '41cbef64-9f3a-4368-8d8e-ddd8ce7e6f97', 1),
(58, '99ba5560-f736-4353-a392-d8a53825031f', '41cbef64-9f3a-4368-8d8e-ddd8ce7e6f97', 0),
(59, 'eba7266a-f4cb-4c72-b714-41478dc17b1b', '2c88a68a-6c77-41d3-b5d9-f2dbb842d694', 0),
(60, 'eba7266a-f4cb-4c72-b714-41478dc17b1b', 'c2cff4eb-401a-40dd-9865-f96242790704', 0),
(61, '04a3ec74-3e15-4b3f-b341-1da825f5a667', '41cbef64-9f3a-4368-8d8e-ddd8ce7e6f97', 0),
(62, '77a1947f-8840-42c3-9ecd-ecb3cfb96d8e', '41cbef64-9f3a-4368-8d8e-ddd8ce7e6f97', 0),
(63, 'a3c370a1-392e-4a12-a109-22e6bf9a7eb8', '41cbef64-9f3a-4368-8d8e-ddd8ce7e6f97', 0),
(64, '6373b696-2eaa-499f-a868-510171325f89', '41cbef64-9f3a-4368-8d8e-ddd8ce7e6f97', 0),
(65, '8e8a50a2-32f1-41c3-8c71-d72bb57e8986', '5eed4bb1-9ff4-4366-bc29-541d008db71e', 0),
(66, 'e3cfa133-78b4-4bd5-89d1-9e1315094a57', '41cbef64-9f3a-4368-8d8e-ddd8ce7e6f97', 0),
(67, '3062c504-1897-46b6-84b8-5487e59d287d', '9a35cd1c-d2a1-412f-a8eb-01ab9523e0ec', 0),
(68, 'aa4ab422-51fd-4392-90ef-5390b4894481', '5eed4bb1-9ff4-4366-bc29-541d008db71e', 0);

-- --------------------------------------------------------

--
-- Table structure for table `tb_dokter`
--

CREATE TABLE `tb_dokter` (
  `id_dokter` varchar(50) NOT NULL,
  `sip` varchar(50) NOT NULL,
  `nama_dokter` varchar(80) NOT NULL,
  `spesialis` varchar(50) NOT NULL,
  `alamat` text NOT NULL,
  `no_telp` varchar(15) NOT NULL
) ENGINE=InnoDB DEFAULT CHARSET=utf8mb4;

--
-- Dumping data for table `tb_dokter`
--

INSERT INTO `tb_dokter` (`id_dokter`, `sip`, `nama_dokter`, `spesialis`, `alamat`, `no_telp`) VALUES
('42103a6b-9303-4744-94c6-5f423c5a99a7', '503/008/SIP/DPMPPTSPRINDAG/2018', 'dr RUDI HARTONO', 'DOKTER UMUM', 'JL.RAYA AIRGEGAS', '08117172440'),
('54cde188-40b6-4092-9b95-afb9fa767fbe', '503/011/SIP/DPMPPTSPRINDAG/2017', 'dr ALMAN PRATAMA MANALU', 'DOKTER UMUM', 'JL. RAYA AIRGEGAS', '087792213763'),
('ab50b9c3-7550-49b4-a7f1-5a0139bc90b2', '503/009/SIP/DPMPPTSPRINDAG/2019', 'drg PODANG CANDA FARISTI', 'DOKTER GIGI', 'JL. RAYA AIRGEGAS', '087880933710');

-- --------------------------------------------------------

--
-- Table structure for table `tb_kasir`
--

CREATE TABLE `tb_kasir` (
  `id_kasir` varchar(50) NOT NULL,
  `id_kunjungan` varchar(50) NOT NULL,
  `id_diagnosa` varchar(50) NOT NULL,
  `total` int(9) NOT NULL,
  `kondisi` enum('1','2') NOT NULL
) ENGINE=InnoDB DEFAULT CHARSET=utf8mb4;

--
-- Dumping data for table `tb_kasir`
--

INSERT INTO `tb_kasir` (`id_kasir`, `id_kunjungan`, `id_diagnosa`, `total`, `kondisi`) VALUES
('00b83914-ab91-4e0b-bbb5-fb39fec5433d', '9e37cb88-1c67-4384-9c75-f2c2a6b2eaa4', 'aa4ab422-51fd-4392-90ef-5390b4894481', 0, '1'),
('0b979955-29fd-490b-b919-b3285b4a927a', '144cb8b6-9607-4181-b88e-0c992f5ef8e9', '5ad9f6a9-da0b-4dd0-b6a3-2c8d3c42c5c2', 0, '1'),
('0d08ac4d-342a-4948-9e2d-c3563436c5b0', '9aaacb15-370c-4ad7-a195-7c201734c762', '6373b696-2eaa-499f-a868-510171325f89', 0, '1'),
('12ab12e8-01c9-4378-8384-accafcb54150', '78500363-8f3a-4315-926c-1c57a19d99f9', 'e1896a75-d8cb-437e-95b6-5c69d779f64c', 0, '1'),
('1666fe93-b40a-4381-b93f-a86a2a9faadf', '96a0a234-0c6f-4ca4-a0f3-ef5f6798f235', '6cae92f8-ddaa-48a1-96cb-2c9f3688fcbe', 0, '1'),
('33970216-74d2-4b3e-9367-821848e25093', '35f72a49-74a2-456f-a996-6be64adf5e8e', 'b7bc03d3-8051-41d3-bce5-e6a2e0281e84', 0, '1'),
('358cd0f6-b330-4033-a1d1-26cca763cb7b', '35c5f001-db75-4e23-a8af-2e8036a70ef5', '99ba5560-f736-4353-a392-d8a53825031f', 0, '1'),
('602944b4-f8f0-4a53-91f8-365d3b6a76d8', '70a9cb25-cee0-4de6-b3f4-a236923b9d48', '3062c504-1897-46b6-84b8-5487e59d287d', 0, '1'),
('61e25f9b-98d1-4f0a-b851-e36f16f088e3', '449ac1f7-d550-4e82-9c24-f6814916b7cf', '8fe010a8-f6ac-41fd-8efe-4aff00744ec3', 0, '1'),
('68cccf28-2c4e-4ae1-87cf-a91162cbc163', 'e289f4b7-ed6e-4e02-b383-289d00a30054', 'eba7266a-f4cb-4c72-b714-41478dc17b1b', 0, '1'),
('6ae0d869-0171-4f46-aa0a-651d314f45cd', 'e302d495-57bb-4fd4-bf66-e1a133b92c90', 'a3c370a1-392e-4a12-a109-22e6bf9a7eb8', 0, '1'),
('88933da5-eb43-4071-92eb-822b8632b94d', '10157419-084d-4bb8-a1fc-82a40c91d544', '52f8499b-81cf-4856-8f0b-d225703c6238', 0, '1'),
('8d19bf34-2e2b-40d1-89f8-7fb6c7dc1308', 'd48af2d4-6fce-44a5-bec7-772f83ffc958', 'dea7df7d-4f36-4d18-bce1-3698ecb6f189', 0, '1'),
('9144f23f-0094-4175-90fc-81c211631ea3', 'edc729df-74d2-4e6d-97e4-59f7da61102c', 'c7e2dc46-2c8e-4b66-998d-95ea4cb22ffa', 0, '1'),
('c5879906-ab0a-4892-8d0b-c671cafbd7e9', 'eb441095-c9ba-4f85-88c5-54fcc0a3413e', '04a3ec74-3e15-4b3f-b341-1da825f5a667', 0, '1'),
('c5ebde09-40e1-41ef-a8b8-ea776f55d3ec', '434eb40c-c2b9-4ae1-97f3-1dea67108a0f', 'e3cfa133-78b4-4bd5-89d1-9e1315094a57', 0, '1'),
('e38269d8-48cd-4a47-bc05-efefc1355850', '460297b8-c0d4-46eb-b3f0-7d210eec620a', 'dd601c8b-3217-4c01-8e24-fec63181c97b', 0, '1'),
('e736e3a2-12b8-4ba7-bfb4-988386d3d22d', '27450a68-e317-483d-80ab-27de90450ff1', '8e8a50a2-32f1-41c3-8c71-d72bb57e8986', 0, '1'),
('f1a882d7-0628-488c-9a60-500da96447d3', '56616999-28a7-4969-aae7-ff61f6e0090f', '77a1947f-8840-42c3-9ecd-ecb3cfb96d8e', 0, '1');

-- --------------------------------------------------------

--
-- Table structure for table `tb_kunjungan`
--

CREATE TABLE `tb_kunjungan` (
  `id_kunjungan` varchar(50) NOT NULL,
  `id_pasien` varchar(50) NOT NULL,
  `id_poli` varchar(50) NOT NULL,
  `no_antrian` smallint(5) NOT NULL,
  `tanggal_kunjungan` datetime NOT NULL,
  `keluhan` text NOT NULL,
  `status` enum('Umum','BPJS') NOT NULL
) ENGINE=InnoDB DEFAULT CHARSET=utf8mb4;

--
-- Dumping data for table `tb_kunjungan`
--

INSERT INTO `tb_kunjungan` (`id_kunjungan`, `id_pasien`, `id_poli`, `no_antrian`, `tanggal_kunjungan`, `keluhan`, `status`) VALUES
('00a16932-0e97-424d-ad11-e3267950418d', '4e60bf81-a492-4002-a853-c400f711ede2', '0c4e688e-f0bf-4acb-af36-9dd51742e290', 0, '2020-11-03 08:16:57', 'kontrol ulang CAD', 'BPJS'),
('01189744-d1a6-4613-8e42-457d2a65ac60', '98e399f2-7817-451f-83f6-fc0dab91f453', '8ac98f19-6cb4-4af0-92f2-5086feca4e1d', 288, '2020-12-08 09:07:48', 'Periksa hamil', 'BPJS'),
('01c04d3e-860c-44fc-a57a-0974d017788a', 'e4f31046-56d5-4ca4-93a4-183527b35237', '5dcec834-9602-4b00-8a51-8ed5d4c7ca3d', 297, '2020-12-10 09:05:54', 'gusi berdarah', 'BPJS'),
('0303ced1-f188-4eb0-b9ea-61e617ff1396', '7ee79531-86af-4682-bb6d-fa0a2b1b08c9', '8ac98f19-6cb4-4af0-92f2-5086feca4e1d', 379, '2020-12-23 10:28:46', 'Kontrol kehamilan', 'BPJS'),
('033775b8-4d12-4d49-8757-d9598a30b82d', 'ffcfbd84-2cda-4230-b18c-1b7119b54b9f', '0c4e688e-f0bf-4acb-af36-9dd51742e290', 339, '2020-12-18 09:28:22', 'Gatal-gatal', 'Umum'),
('03fee2b6-1670-4bd2-a7b0-baeb5b75174a', 'db58ca68-e575-434c-a825-eb5f7a60d20d', '0c4e688e-f0bf-4acb-af36-9dd51742e290', 331, '2020-12-16 08:33:24', 'Nyeri dada,pusing', 'BPJS'),
('05aed6b1-efb9-4900-9ef0-f80d6fc5a156', 'bdb1f29a-d5a9-4bca-ac0b-48a8f747e477', '0c4e688e-f0bf-4acb-af36-9dd51742e290', 208, '2020-11-23 10:03:23', 'Up kateter', 'Umum'),
('067ba52e-1b45-42bf-bb6e-6aa47364c6ca', '630bfac7-f428-4e8b-a874-816a45badd4c', '0c4e688e-f0bf-4acb-af36-9dd51742e290', 0, '2020-11-16 08:36:25', 'Sakit perut', 'BPJS'),
('0703a0f4-6f73-4456-bf8d-0326985fce23', 'eac6309e-8be3-449a-b514-5a2060b6eba8', '0c4e688e-f0bf-4acb-af36-9dd51742e290', 0, '2020-11-06 08:45:52', 'Pusing', 'Umum'),
('0842f1d0-fb09-4388-b456-16b84d8bfb3e', '9b471f74-c3c1-4c46-9e16-4ac8bb07304b', '0c4e688e-f0bf-4acb-af36-9dd51742e290', 144, '2020-11-18 09:09:07', 'Pusing mual dan gatal2 diselangkangan', 'BPJS'),
('088f8747-0712-4277-a0e6-b7b0c7d6d1dc', 'cb15d544-7d93-417a-9a2b-dd95eb44ecec', '0c4e688e-f0bf-4acb-af36-9dd51742e290', 0, '2020-11-20 09:14:57', 'Kontrol jiwa', 'BPJS'),
('0b0ad808-f0de-4bd5-985f-07f6241b2b9a', '45adc6f1-b500-4339-b43d-e5cd9b2ad5d9', '0c4e688e-f0bf-4acb-af36-9dd51742e290', 0, '2020-11-21 09:55:46', 'Sakit perut, riwayat jantung', 'BPJS'),
('0b7e4517-a4be-4fb8-bdbf-c5c2b731ca87', '60b14b19-9f07-41f1-9bb8-328f3278fb42', '5dcec834-9602-4b00-8a51-8ed5d4c7ca3d', 220, '2020-11-24 11:04:33', 'Kecelakaan', 'Umum'),
('0bca9f6b-b1bf-4be3-81b9-5f63d99216c0', '49cb57df-f405-4b45-96f6-873d68df2e69', '0c4e688e-f0bf-4acb-af36-9dd51742e290', 382, '2020-12-26 08:23:45', 'Kontrol', 'BPJS'),
('0c563248-26f4-444d-ae08-c3c5f60621a9', 'f6c25223-e023-4d3f-af86-2f17cd6f5871', '8ac98f19-6cb4-4af0-92f2-5086feca4e1d', 0, '2020-12-04 09:09:47', 'Kontrol hamil', 'Umum'),
('0cc4e0a3-67bb-4b79-8a5a-48e7ec475669', '3a261e46-2ef3-423e-be90-e82a05b024eb', '8ac98f19-6cb4-4af0-92f2-5086feca4e1d', 236, '2020-11-27 09:14:01', 'Kontrol', 'BPJS'),
('0cd6f4cf-6850-4dba-98af-d92222e85646', '40b5c5cf-0a94-4305-a9e4-6dd4e80a97b9', '0c4e688e-f0bf-4acb-af36-9dd51742e290', 0, '2020-11-05 09:02:16', 'Kontrol hidung', 'BPJS'),
('0cdac0c8-8d52-4f00-a063-0398af1aa35c', '1a39e377-3af0-41d8-8de0-9c95dc1ab89b', '8ac98f19-6cb4-4af0-92f2-5086feca4e1d', 293, '2020-12-08 10:24:43', 'Periksa hamil', 'Umum'),
('0d232143-0c6f-48c8-9244-ba76f3d6c0d9', '8d7d18e4-1501-4629-b08c-e41dcd8c39e5', '0c4e688e-f0bf-4acb-af36-9dd51742e290', 0, '2020-11-13 09:39:10', 'Kontrol ulang', 'BPJS'),
('0d479553-3e68-4520-abe9-9a640a761739', '64b101db-f49e-4a88-be29-9ae88362d064', '0c4e688e-f0bf-4acb-af36-9dd51742e290', 0, '2020-11-04 09:31:45', 'Sakit leher', 'BPJS'),
('0d491273-cf9c-4543-a410-936c6c26f054', '21b3dce5-c07c-49f1-94cd-a2d8415918f7', '0c4e688e-f0bf-4acb-af36-9dd51742e290', 0, '2020-12-01 09:02:16', 'Pusing, sakit tenggorokan, batuk', 'BPJS'),
('0d6d4f42-57d9-41b3-9aa9-afc9733d26a4', '9866ea30-57c7-4140-8ce2-f3d1040f742a', '0c4e688e-f0bf-4acb-af36-9dd51742e290', 225, '2020-11-26 08:30:57', 'Pusing', 'BPJS'),
('0e1dc62d-66d2-413d-9df1-8afbf3f0a1b2', '33f72bac-626e-4161-8405-2674d27630c3', '0c4e688e-f0bf-4acb-af36-9dd51742e290', 171, '2020-11-20 08:37:37', 'Mata merah', 'BPJS'),
('0ee15fcc-ce3b-416a-9bd9-234cdbf44e9a', 'e505660e-bc8f-4a71-bcf3-5fbb25be29fd', '0c4e688e-f0bf-4acb-af36-9dd51742e290', 0, '2020-11-02 09:10:53', 'Kontrol ulang', 'BPJS'),
('0ef5a367-5a58-4cb6-a193-624ce1605681', '3445823b-23b0-441b-a69c-dc182485936a', '8ac98f19-6cb4-4af0-92f2-5086feca4e1d', 369, '2020-12-23 08:38:21', 'Up IUD', 'BPJS'),
('10157419-084d-4bb8-a1fc-82a40c91d544', 'd97d9e9c-832e-40c7-a465-aa5a5d56de85', '8ac98f19-6cb4-4af0-92f2-5086feca4e1d', 0, '2020-11-03 11:32:38', 'periksa hamil', 'Umum'),
('113d5893-0b5d-4513-8d4f-d83068faa69e', '016af5cc-e854-4c8a-ac2b-2669bd927803', '0c4e688e-f0bf-4acb-af36-9dd51742e290', 330, '2020-12-16 08:30:01', 'Nyeri perut,lemes', 'BPJS'),
('12049308-e1af-4e42-b217-a97c9e75a66a', '5e831326-37f7-49b6-9581-6f55ae466a94', '8ac98f19-6cb4-4af0-92f2-5086feca4e1d', 181, '2020-11-20 09:59:43', 'Pusing,mual,sakit perut', 'Umum'),
('1247b4fe-a861-4fb8-888e-95fb5116a97a', '8015c126-f872-45c1-9b96-f4e7fec27d52', '0c4e688e-f0bf-4acb-af36-9dd51742e290', 0, '2020-12-01 08:34:20', 'Pusing, post of katarak', 'Umum'),
('1255883b-416d-4834-8e88-bffb7b496fdc', '0c765fb8-4465-466e-bf88-93c9fcd61e0f', '0c4e688e-f0bf-4acb-af36-9dd51742e290', 164, '2020-11-20 08:06:21', 'Tangan kanan bergerak terus', 'BPJS'),
('1347a05b-5b58-4b8c-a97f-1eae3fbe207a', 'c9d5a06b-c32f-467e-9776-7a71dc700c8d', '8ac98f19-6cb4-4af0-92f2-5086feca4e1d', 373, '2020-12-23 09:08:30', 'Keputihan', 'BPJS'),
('13be3891-abcd-4c1e-8877-3380a3d85f25', '72e4a6fc-fd5a-4c81-8922-9eee1fef614d', '0c4e688e-f0bf-4acb-af36-9dd51742e290', 354, '2020-12-19 08:53:15', 'Kontrol', 'BPJS'),
('144cb8b6-9607-4181-b88e-0c992f5ef8e9', '8d6f0f58-5b57-4125-9e3f-88747f05b7b6', '0c4e688e-f0bf-4acb-af36-9dd51742e290', 0, '2020-11-04 09:49:11', 'Pusing. Mual', 'BPJS'),
('144eb722-b0b6-4142-a6af-8228c41553dd', '257d9f61-5417-408a-b729-5271d6d39239', '8ac98f19-6cb4-4af0-92f2-5086feca4e1d', 0, '2020-11-05 08:26:39', 'Periksa kehamilan', 'BPJS'),
('14f54def-839d-4eae-8739-06341054735f', '07c56b71-f828-4b45-a2d8-f82390a43957', 'f9cfc838-0aa5-47b5-814b-01306b1d1068', 0, '2020-11-03 08:53:50', 'post of melahirkan', 'Umum'),
('1544f7bb-96e5-4839-9318-17a3cf0ee19b', '4cdd9e3c-1675-4aa0-8d36-fbec3d23c075', '8100946b-da48-402d-8d9f-278b9282dad1', 218, '2020-11-24 10:43:51', 'Demam,muntah,sakit perut', 'Umum'),
('15680a09-ce1d-4081-9db8-19906adf794f', '2983720b-dce0-4d95-bdd9-97feff2495a1', '0c4e688e-f0bf-4acb-af36-9dd51742e290', 0, '2020-11-13 08:09:11', 'Gatal2', 'Umum'),
('16ee3ea0-0b25-465a-8f62-47840a19bf47', '04b7795d-2e21-413b-bd3f-eff5a4130b8e', '0c4e688e-f0bf-4acb-af36-9dd51742e290', 252, '2020-11-27 10:40:29', 'Kontrol mata', 'BPJS'),
('1775c4a4-3fed-4817-bb4d-5c53ed938d44', '8676b0c5-4a20-417a-ad8f-6fcd99a7b00c', '0c4e688e-f0bf-4acb-af36-9dd51742e290', 0, '2020-11-21 09:15:23', 'Periksa mata', 'BPJS'),
('1788effa-87e3-4b24-949a-710b74a8b6af', 'f8d12ac6-d972-4d5f-8408-4a63c91e4f2f', '0c4e688e-f0bf-4acb-af36-9dd51742e290', 316, '2020-12-11 10:54:03', 'Kontrol ulang', 'BPJS'),
('17a71206-429a-49e0-bc98-fd0a28e3580a', 'af74ce84-9991-4dfd-9af5-f94a6f5e919c', 'f9cfc838-0aa5-47b5-814b-01306b1d1068', 0, '2020-11-10 09:38:35', 'Mau melahirkan', 'BPJS'),
('18f515c7-e0d5-45b2-8deb-90f4461fcc57', 'a6a61fb8-bb6a-4517-9f81-551942936643', '0c4e688e-f0bf-4acb-af36-9dd51742e290', 345, '2020-12-18 10:07:05', 'Ambil obat jiwa', 'BPJS'),
('19155d5b-1cf7-4f9f-99cd-8223b49e5b94', '21f34838-5d72-4b4c-9b04-624777d0c79a', '0c4e688e-f0bf-4acb-af36-9dd51742e290', 147, '2020-11-18 09:22:37', 'Mual,nyeri ulu hati,bab mencret 2x', 'Umum'),
('1919b7af-232d-4ae0-b560-c5b61a48f569', '9f715b47-e6f6-4210-baf2-0820ec2c5e90', '0c4e688e-f0bf-4acb-af36-9dd51742e290', 191, '2020-11-21 11:16:29', 'Demam', 'BPJS'),
('195e996c-72db-4e2c-bde2-93a76bfe3940', '9f07a04a-0605-478a-8868-d9c253d1b335', '0c4e688e-f0bf-4acb-af36-9dd51742e290', 0, '2020-11-03 09:42:27', 'batuk', 'BPJS'),
('196f92db-086f-4ec3-b47d-c3af3dacc14b', 'ecd4ea4d-5e8f-4072-868c-7a22e1be1d1a', '8ac98f19-6cb4-4af0-92f2-5086feca4e1d', 355, '2020-12-19 08:56:40', 'Kontrol hamil', 'Umum'),
('199b28ae-a7d2-4fe0-8bfb-e52009497a24', '5314f93f-449a-4d24-90e8-9fb2f058c924', '0c4e688e-f0bf-4acb-af36-9dd51742e290', 370, '2020-12-23 08:44:40', 'Mual,pusing', 'BPJS'),
('1a39511f-c129-4a24-aa93-4b810a580b9c', 'd7c02278-9e86-4543-9375-7c01ed337d6a', '8100946b-da48-402d-8d9f-278b9282dad1', 0, '2020-11-21 09:32:03', 'Batuk pilek dan muntah', 'BPJS'),
('1a75c536-a059-4b2c-961e-b9ed39a65efa', 'db9fbf6c-2036-4db5-b51e-ac18e0cd7f47', '0c4e688e-f0bf-4acb-af36-9dd51742e290', 0, '2020-11-11 10:28:00', 'Pusing kepala', 'BPJS'),
('1bd4989b-74ac-40a8-8a55-33275b05093c', '4e906f02-ba38-4314-9ea8-d9f69b6b8d0d', '0c4e688e-f0bf-4acb-af36-9dd51742e290', 248, '2020-11-27 09:50:40', 'Kontrol darah tinggi', 'BPJS'),
('1c20185f-24b8-41b1-a744-e4491787fee6', '00b0c8e2-05f3-45cc-a51e-8f6aa67abb68', '8ac98f19-6cb4-4af0-92f2-5086feca4e1d', 0, '2020-11-11 10:08:39', 'Tes kehamilan', 'Umum'),
('1c6bdc62-db35-420e-9405-97e939005fdf', '046c65e7-1935-43fc-8f15-b6c21fe22357', '0c4e688e-f0bf-4acb-af36-9dd51742e290', 312, '2020-12-11 10:19:11', 'Demam', 'BPJS'),
('1c78ea52-a4b1-4756-bec1-83a2fdca1e42', 'c9d5a06b-c32f-467e-9776-7a71dc700c8d', '0c4e688e-f0bf-4acb-af36-9dd51742e290', 0, '2020-11-13 08:51:09', 'Kesemutan', 'BPJS'),
('1d33daa3-fd9b-4914-8a66-9dd51dcd888b', '9a7de46a-cc23-49d5-99ee-93c50f3243f7', '8ac98f19-6cb4-4af0-92f2-5086feca4e1d', 142, '2020-11-17 10:38:33', 'Periksa hamil', 'Umum'),
('1dc65907-b1f5-462a-9b41-b5921489e0d2', '416355ec-3c76-4797-9724-2bb3a70d2a02', '8ac98f19-6cb4-4af0-92f2-5086feca4e1d', 0, '2020-11-16 09:08:47', 'Periksa hamil', 'Umum'),
('1dfc8541-31c1-498f-86fd-2c39973333f5', 'c7383bba-afae-477e-8d41-f4d99c29127a', '0c4e688e-f0bf-4acb-af36-9dd51742e290', 333, '2020-12-16 09:18:20', 'Suscatin', 'Umum'),
('1e0df408-6038-43b0-9817-ddd868ec58ff', '05174d84-26fa-462f-8f2f-aaa17fe1c488', '0c4e688e-f0bf-4acb-af36-9dd51742e290', 224, '2020-11-26 08:26:15', 'Pusing berputar', 'BPJS'),
('1e0ff1e8-dd8d-40f2-a868-134a96bbeef9', 'b18efb4b-4a51-47f6-9b5d-b315d21b8bdb', '60346660-2d9e-47c2-a3c2-e29716291b7f', 0, '2020-11-24 08:24:12', 'Sakit gigi', 'BPJS'),
('1e75d33f-5db1-4f24-b4f4-a8323c8b4af8', '84757750-1ec1-4f00-913a-375d54c0fd9c', '0c4e688e-f0bf-4acb-af36-9dd51742e290', 0, '2020-11-13 08:27:07', 'Bisul', 'BPJS'),
('1e7d2803-c0c7-4fd2-985c-5a03f9c56a79', '3d765562-d561-4646-be89-d3be915909b3', '8ac98f19-6cb4-4af0-92f2-5086feca4e1d', 0, '2020-11-10 09:50:59', 'Periksa kehamilan', 'Umum'),
('1f8aa3f4-defe-4f60-a77b-6a7b418c9cff', '88a4254e-6a0b-4802-b65a-9fc646c4024a', '8ac98f19-6cb4-4af0-92f2-5086feca4e1d', 344, '2020-12-18 10:02:10', 'Catin', 'Umum'),
('2051917a-da30-468f-a2a6-c4291d37d364', '2d45ff01-99b3-4d01-ae01-0a48ca0eeca9', '0c4e688e-f0bf-4acb-af36-9dd51742e290', 309, '2020-12-11 09:30:51', 'Badan ngilu-ngilu', 'BPJS'),
('20a527e5-323c-4f89-aedd-1852200e1045', 'dca962dd-5816-40f0-b3e1-655e2061d4e2', '0c4e688e-f0bf-4acb-af36-9dd51742e290', 0, '2020-11-28 08:57:34', 'Gatal korengan', 'BPJS'),
('20fac8bb-0884-4a64-b37a-1912a3c7f4bc', '3cb7a50c-a67a-40b6-9f00-aa948d1f2912', '0c4e688e-f0bf-4acb-af36-9dd51742e290', 0, '2020-11-19 08:13:18', 'Kontrol', 'Umum'),
('2106b8f0-d43b-4fba-a4c4-560ec99d65c7', '48c1c197-9b15-45d1-a1bf-4bc6c83a2ca6', '8ac98f19-6cb4-4af0-92f2-5086feca4e1d', 0, '2020-11-28 10:55:18', 'Periksa kehamilan', 'BPJS'),
('2284da65-6302-44a3-b992-15301ea7c775', 'f4331c92-1b69-4f5e-b970-ebe77e5fcd97', '8100946b-da48-402d-8d9f-278b9282dad1', 0, '2020-11-13 09:16:11', 'Bapil,demam', 'Umum'),
('23cb8550-6f6a-4d29-a96f-bda2c61f6c45', '4d6234b4-b2d7-4668-88e0-cfd7499af5a9', '0c4e688e-f0bf-4acb-af36-9dd51742e290', 351, '2020-12-19 08:42:13', 'Pusing mual', 'BPJS'),
('23e1f248-cac0-48b3-9255-c4b7242ec94b', 'a3a433a6-8100-4007-9083-22e91f0963ff', '8ac98f19-6cb4-4af0-92f2-5086feca4e1d', 270, '2020-12-02 09:17:53', 'catin', 'Umum'),
('24830726-8cc2-45f4-be7d-d9e41c851766', 'b8948663-42f9-439c-8eb0-e282ef3dc777', '8ac98f19-6cb4-4af0-92f2-5086feca4e1d', 217, '2020-11-24 10:04:45', 'Periksa hamil', 'Umum'),
('24cd6df7-1bd8-420c-a8dc-ea1e7d929be4', '0d0a8be3-9865-44c9-8735-a42fcba929b8', '0c4e688e-f0bf-4acb-af36-9dd51742e290', 247, '2020-11-27 09:48:03', 'Susah BAB', 'BPJS'),
('250a010a-f618-45f7-85f8-fd272d8743cd', 'b1f4484a-c99c-4d09-9542-0969b5f49978', '0c4e688e-f0bf-4acb-af36-9dd51742e290', 0, '2020-11-23 09:57:11', 'Lutut sakit dan kepala pusing', 'BPJS'),
('259f2d49-296e-4830-8e03-ffa366b6d0c5', '0d3aa556-0266-43c1-9cda-7e083a5d9b8a', '0c4e688e-f0bf-4acb-af36-9dd51742e290', 0, '2020-11-14 08:29:30', 'Nyeri punggung', 'BPJS'),
('263c98fe-86df-4914-a9b9-0136f2f39848', '8bd37994-cfff-4add-b3bb-6a55fa77fa81', '0c4e688e-f0bf-4acb-af36-9dd51742e290', 348, '2020-12-18 10:19:41', 'Pusing', 'BPJS'),
('26b07dd7-ea1a-4834-bd38-81a168b3f4f3', 'fe443fb3-1d27-4786-84a5-444bf848a694', '0c4e688e-f0bf-4acb-af36-9dd51742e290', 0, '2020-11-23 08:44:20', 'Kontrol luka', 'BPJS'),
('26cef1ca-9d10-40eb-9868-a291e35d18d0', 'a7a86559-d1d0-45d4-8568-be81ba03fab9', '8ac98f19-6cb4-4af0-92f2-5086feca4e1d', 0, '2020-11-11 08:17:06', 'Kontrol Usg,dan triple eliminasi', 'Umum'),
('26ebc0c0-1346-41c3-9766-8227987d67b3', 'e7a01fc1-6e20-43ce-b838-8cc081ae65ba', '0c4e688e-f0bf-4acb-af36-9dd51742e290', 0, '2020-11-06 09:41:30', 'Lemas', 'BPJS'),
('27450a68-e317-483d-80ab-27de90450ff1', '70a6e7e0-08e0-4936-9586-7dbfeb8ec417', '8ac98f19-6cb4-4af0-92f2-5086feca4e1d', 0, '2020-11-09 08:16:45', 'Pusing,mual', 'Umum'),
('276fb0e1-af27-4a39-9b8b-341e83376f39', '4186dc2c-bbd6-4e77-bf17-f18ab330c2dc', '0c4e688e-f0bf-4acb-af36-9dd51742e290', 246, '2020-11-27 09:45:43', 'Pusing', 'BPJS'),
('277648f9-42ec-436a-8792-9042833d68e9', '813f68c8-d1a9-4c5f-a7c5-985b6910cb8f', '0c4e688e-f0bf-4acb-af36-9dd51742e290', 336, '2020-12-16 09:38:58', 'Sakit kencing', 'Umum'),
('278f0cc2-7748-4f26-8215-36a31eebcf80', 'f09880e7-5b3f-4abe-a012-5ba417bacfbd', '0c4e688e-f0bf-4acb-af36-9dd51742e290', 0, '2020-11-05 08:30:09', 'Kontrol mata', 'BPJS'),
('27fc1053-e76b-4fd2-9275-3bf171c17255', '4d2faa69-e31f-4e34-b325-04b1226448b9', '0c4e688e-f0bf-4acb-af36-9dd51742e290', 0, '2020-11-13 09:23:10', 'Pusing,berat ditengkuk', 'BPJS'),
('29b28223-b4af-419c-a444-e30ab4f537fb', 'b97a96db-f4cc-4255-8bc6-55098b08a746', '8ac98f19-6cb4-4af0-92f2-5086feca4e1d', 390, '2020-12-26 09:44:23', 'Kontrol', 'BPJS'),
('29b9d3e4-233a-4381-a1c5-bb08b080130e', '6da1a730-fbd8-472b-9253-226b9f77bc43', '0c4e688e-f0bf-4acb-af36-9dd51742e290', 0, '2020-11-20 08:52:19', 'Kontrol hamil', 'BPJS'),
('2a000f8b-44de-4c42-95b9-2c4dd32f4ce6', 'af9add67-4b29-417e-b698-62aa7387d963', '0c4e688e-f0bf-4acb-af36-9dd51742e290', 0, '2020-11-19 10:24:17', 'Kontrol', 'BPJS'),
('2aaa2e99-6352-482d-9ce1-190b87359c76', 'fa8d8f0e-0b8e-412c-bb7e-b7b0402133fa', '0c4e688e-f0bf-4acb-af36-9dd51742e290', 0, '2020-11-28 08:51:38', 'Demam', 'BPJS'),
('2af30132-9ef6-4f66-8fa2-1526f4993abf', '9ffa27c4-033f-4acf-8349-8058322ea0a4', '0c4e688e-f0bf-4acb-af36-9dd51742e290', 328, '2020-12-15 08:57:30', 'Mata kabur', 'BPJS'),
('2b1cec08-da1e-4f47-b276-a925c26ae99d', '98a4c87b-cf7f-4e2c-bb8f-14c8a6e2d4fc', '0c4e688e-f0bf-4acb-af36-9dd51742e290', 198, '2020-11-23 09:00:49', 'Nyeri perut,tumor', 'BPJS'),
('2b2f3c32-b74f-4e6c-be29-486f95b6a756', 'ede668b6-e6d4-4a81-980b-89487d7e169b', '0c4e688e-f0bf-4acb-af36-9dd51742e290', 0, '2020-11-03 08:07:26', 'KONTROL ULANG PASIEN JIWA', 'BPJS'),
('2b6b5b34-5e9e-41bc-9e64-bdd527273df1', '17080df7-972f-42a1-8059-9ffc83f991b0', '5dcec834-9602-4b00-8a51-8ed5d4c7ca3d', 219, '2020-11-24 10:52:59', 'Tertusuk duri sawit Di jempol tangan kanan', 'Umum'),
('2bb22c46-ad97-4940-ae2d-c2e78bf3a08a', 'f63ca389-36e4-40e1-8636-cee12f834097', '0c4e688e-f0bf-4acb-af36-9dd51742e290', 0, '2020-12-04 09:48:22', 'Pusing', 'Umum'),
('2c24d852-294b-43d7-84c3-7ad52515ffc2', 'b73b41cc-8a26-4657-a530-463994b6d6fb', '0c4e688e-f0bf-4acb-af36-9dd51742e290', 381, '2020-12-26 08:22:51', 'Kontol', 'BPJS'),
('2cbe1626-8672-40a1-b14e-6768e826a411', 'fa8d8f0e-0b8e-412c-bb7e-b7b0402133fa', '8ac98f19-6cb4-4af0-92f2-5086feca4e1d', 0, '2020-11-28 09:23:02', 'Konsul kia', 'BPJS'),
('2d0fb111-79ca-48ea-a387-d738fb29ddfa', '5058cc64-5621-4679-8f7b-ca1a84fb4069', '8ac98f19-6cb4-4af0-92f2-5086feca4e1d', 284, '2020-12-08 08:53:43', 'Periksa hamil', 'BPJS'),
('2d475154-d05d-4230-8261-378d92bb02b9', '95fe6001-905e-4118-be05-46a5c3b45f26', '0c4e688e-f0bf-4acb-af36-9dd51742e290', 162, '2020-11-19 09:55:20', 'Pusing', 'BPJS'),
('2e44c8c5-430a-4d9e-ad48-ef55e6adaa4d', '68bb767a-716e-43e1-80ac-a4600453dc58', '0c4e688e-f0bf-4acb-af36-9dd51742e290', 150, '2020-11-18 09:54:53', 'sakit waktu BAB pusing', 'Umum'),
('2e7b3270-8242-449d-9012-67349ca17563', 'd73e027a-2e69-408e-b5fb-35a033c98902', '0c4e688e-f0bf-4acb-af36-9dd51742e290', 0, '2020-12-01 08:07:03', 'Ngilu Di lulut,kesemutan Di tangan', 'BPJS'),
('2f7c5630-bdd8-432d-9876-78ef5be20f51', '15833832-2336-4e86-9196-ec616c65173a', '0c4e688e-f0bf-4acb-af36-9dd51742e290', 172, '2020-11-20 08:39:10', 'Batuk', 'BPJS'),
('30063996-1a2c-432a-a3db-259e70db223e', '980c3c44-ebe2-4b35-a5d9-89ad4da07bf6', '0c4e688e-f0bf-4acb-af36-9dd51742e290', 141, '2020-11-17 10:27:23', 'Sakit kuku di kaki sebelah kanan', 'Umum'),
('304101b8-a98b-4b5c-93d5-d84a8377b266', 'fba607e0-d71e-497e-bd01-cbb02dcb9dd3', '0c4e688e-f0bf-4acb-af36-9dd51742e290', 0, '2020-11-14 08:48:02', 'Cedera kepala', 'Umum'),
('32950b4a-ca74-4ecd-8623-11776f1031a8', '98a97b59-b7e7-416d-9642-57780e5cbff4', '0c4e688e-f0bf-4acb-af36-9dd51742e290', 361, '2020-12-19 09:24:03', 'Demam', 'BPJS'),
('32cc5e7e-6341-408f-afa7-9bb66e26e1a6', 'c714446e-a578-46f4-b96b-f9c3114a8676', '0c4e688e-f0bf-4acb-af36-9dd51742e290', 327, '2020-12-15 08:54:59', 'Nyeri ulu hati,lemas', 'BPJS'),
('33099346-0d9c-4724-9917-5b052afcf4d1', '27958731-fc74-4e72-aba8-9350ee1b72bc', '0c4e688e-f0bf-4acb-af36-9dd51742e290', 0, '2020-11-19 08:04:15', 'Pusing', 'BPJS'),
('3403f45f-1345-473e-b371-f9d28453cf3a', '31309d94-e69c-458b-ad6f-e182904915e1', '8ac98f19-6cb4-4af0-92f2-5086feca4e1d', 338, '2020-12-16 10:02:57', 'Mual,muntah,pusing', 'Umum'),
('347b5f41-0d5f-4b0a-8177-8c21903a05ff', '739a4f30-4269-44b0-8ff8-3e1857178fe5', '0c4e688e-f0bf-4acb-af36-9dd51742e290', 0, '2020-11-23 10:28:48', 'Kontrol kaki', 'BPJS'),
('352603de-6c0b-4133-9fba-da9828817d48', 'd12f0f51-6562-457d-9817-85ba0d7858b2', '0c4e688e-f0bf-4acb-af36-9dd51742e290', 0, '2020-11-02 09:13:47', 'Kontrol ulang', 'BPJS'),
('352fa4bd-8bef-4071-a7fa-4d0f76a608ea', '28124f47-deb5-4cf1-99d1-28d202a071b4', '8ac98f19-6cb4-4af0-92f2-5086feca4e1d', 0, '2020-11-03 09:24:54', 'kontrol hamil', 'BPJS'),
('3546b918-44ca-4558-9587-407d63448a85', '73f2e658-6f6d-4078-84b3-3abcb35af952', '0c4e688e-f0bf-4acb-af36-9dd51742e290', 352, '2020-12-19 08:46:05', 'Mual muntah', 'BPJS'),
('35c5f001-db75-4e23-a8af-2e8036a70ef5', '830569a0-19a4-4dee-a891-c325c57e7a77', '0c4e688e-f0bf-4acb-af36-9dd51742e290', 0, '2020-11-04 09:12:48', 'Sakit', 'Umum'),
('35d5df14-02c2-43e9-95de-d0b03ceaee4c', '82c0115f-1456-4af8-b1c8-a492e43a60cc', '0c4e688e-f0bf-4acb-af36-9dd51742e290', 0, '2020-11-14 08:56:20', 'Sakit', 'BPJS'),
('35e086f7-926d-48cf-bf67-75acf9cced25', '48c1c197-9b15-45d1-a1bf-4bc6c83a2ca6', '8ac98f19-6cb4-4af0-92f2-5086feca4e1d', 0, '2020-11-09 09:33:36', 'Sakit pinggang,,pusing', 'BPJS'),
('35f72a49-74a2-456f-a996-6be64adf5e8e', '28124f47-deb5-4cf1-99d1-28d202a071b4', '8ac98f19-6cb4-4af0-92f2-5086feca4e1d', 0, '2020-11-03 11:26:01', 'periksa hamil', 'BPJS'),
('35fc0682-e371-4fc0-bdf0-1560c3a1973a', 'eaa36ebd-0e95-45ab-ad00-0103bd3183e7', '0c4e688e-f0bf-4acb-af36-9dd51742e290', 230, '2020-11-26 10:04:30', 'Ngilu2', 'BPJS'),
('3785b2cb-144b-4e63-9b97-b9415ab1bf8b', '259f3299-b4eb-4241-ae68-fa99056081b9', '5dcec834-9602-4b00-8a51-8ed5d4c7ca3d', 0, '2020-12-04 09:26:15', 'Kontrol ulang', 'BPJS'),
('37ff9959-41f2-4c9c-9e82-a5b0688cacd2', '49cb57df-f405-4b45-96f6-873d68df2e69', '0c4e688e-f0bf-4acb-af36-9dd51742e290', 318, '2020-12-12 08:27:53', 'Gangguan jiwa ngambilnobat', 'BPJS'),
('38785eae-1d38-468b-88ea-1ce4af4e84e2', 'b73b41cc-8a26-4657-a530-463994b6d6fb', '0c4e688e-f0bf-4acb-af36-9dd51742e290', 0, '2020-11-06 08:37:22', 'Kontrol ulang', 'BPJS'),
('38eba32a-15d0-456e-abe1-bb23c4762abb', 'a508d8ef-f642-4e22-9cc2-5f29c57024d3', '0c4e688e-f0bf-4acb-af36-9dd51742e290', 257, '2020-12-01 08:13:30', 'Sakit gigi', 'Umum'),
('39404fbd-9433-4d08-9165-46e4663b49f6', '8258c579-c7e5-4318-938a-79d52776c632', '8ac98f19-6cb4-4af0-92f2-5086feca4e1d', 0, '2020-11-07 08:45:01', 'Catin', 'BPJS'),
('3990bb96-33bb-4a16-bcd3-f609a3f28e40', 'bda06fb4-b9f8-4f53-821c-4ad4f7a0ccb4', '0c4e688e-f0bf-4acb-af36-9dd51742e290', 0, '2020-12-01 07:59:55', 'Mata kabur', 'BPJS'),
('39c616fc-f68b-4bb6-a781-770783b50e18', '031ae79c-82bd-4dd8-a0f1-240940848bb5', '0c4e688e-f0bf-4acb-af36-9dd51742e290', 378, '2020-12-23 10:22:25', 'Paha nyeri tangan,mata gabur', 'BPJS'),
('3a5576d8-9c2c-448a-aefa-60e9768430d2', 'b1a50e08-c584-4185-8ca5-6bd38dffa579', '0c4e688e-f0bf-4acb-af36-9dd51742e290', 298, '2020-12-10 09:50:54', 'kontrol', 'BPJS'),
('3a6ccc30-e2b0-46dd-a084-60d6af2a04d1', '9355edfc-8793-4fa6-b64f-5e4e7c7ff603', '8ac98f19-6cb4-4af0-92f2-5086feca4e1d', 250, '2020-11-27 10:17:04', 'Kontrol hamil', 'BPJS'),
('3aa0a4df-18b8-4d65-8d51-e9a457e99980', '8f32fa13-fb86-49da-91c5-3890e4f8f59e', '0c4e688e-f0bf-4acb-af36-9dd51742e290', 0, '2020-11-16 10:04:34', 'Pusing', 'Umum'),
('3aa5a2e0-1536-415d-8934-bc28e6aca3f6', '579a5f5c-5b0b-460c-b3dd-5042964e6044', '0c4e688e-f0bf-4acb-af36-9dd51742e290', 384, '2020-12-26 08:51:41', 'Kontrol', 'BPJS'),
('3b6a0dac-2026-474e-af5b-0595bba848c8', '0d0e09c6-f23d-4cd5-afd9-59b07d5dcca9', '0c4e688e-f0bf-4acb-af36-9dd51742e290', 0, '2020-11-28 09:01:35', 'Gatal2', 'BPJS'),
('3b9d3db9-330c-4b9a-97b1-f76bd4ce8f6d', '832cd05a-b4dd-4ae9-a721-e90b68a24b29', '0c4e688e-f0bf-4acb-af36-9dd51742e290', 296, '2020-12-10 08:45:55', 'kontrol', 'Umum'),
('3c8beb40-0878-4324-9434-5130f04fdf63', 'c9d5a06b-c32f-467e-9776-7a71dc700c8d', '0c4e688e-f0bf-4acb-af36-9dd51742e290', 375, '2020-12-23 10:07:40', 'Sesak nafas', 'BPJS'),
('3cafeb45-1b4d-478a-8826-0df0d28b932f', 'dfc42990-103c-49a4-9b75-8e57b094cede', '0c4e688e-f0bf-4acb-af36-9dd51742e290', 0, '2020-11-17 08:13:04', 'Minta rujukan, riwayat lupus', 'BPJS'),
('3f9c782a-a7fe-4ac6-8e24-904611f2f4f7', '54702501-e85a-446d-a808-b3e52e5b7cab', '8ac98f19-6cb4-4af0-92f2-5086feca4e1d', 0, '2020-11-06 09:15:15', 'Catin', 'BPJS'),
('406f44e2-6705-48c2-a1f4-0e7375ec047e', 'a9e893eb-3c5d-4003-8783-597f3f959ee7', '0c4e688e-f0bf-4acb-af36-9dd51742e290', 0, '2020-11-28 10:08:52', 'Kaki terasa kapel', 'BPJS'),
('4303bbc2-0231-413b-a211-a3055494181d', '312a1a81-317a-4e82-9d6a-e77116431f55', '0c4e688e-f0bf-4acb-af36-9dd51742e290', 0, '2020-11-17 09:41:46', 'Batuk', 'Umum'),
('43327e84-4ac5-446a-84ee-e2e60c60664d', 'a70fbf33-1467-4237-82c9-b7bb715a6d6b', '8ac98f19-6cb4-4af0-92f2-5086feca4e1d', 350, '2020-12-18 10:59:34', 'Kontrol hamil', 'Umum'),
('434eb40c-c2b9-4ae1-97f3-1dea67108a0f', '8a51715e-3971-4af8-bfb5-2bcb66210c57', '0c4e688e-f0bf-4acb-af36-9dd51742e290', 0, '2020-11-11 08:24:34', 'Nyeri ulu hati,sakit punggung,sesak', 'BPJS'),
('449ac1f7-d550-4e82-9c24-f6814916b7cf', 'db9fbf6c-2036-4db5-b51e-ac18e0cd7f47', '0c4e688e-f0bf-4acb-af36-9dd51742e290', 0, '2020-11-04 09:40:00', 'Pusing', 'BPJS'),
('4523221c-9319-47b2-9cf9-d9a2923387b1', '5757dfdb-e655-42ff-a7c4-ba4dd5c59e90', '0c4e688e-f0bf-4acb-af36-9dd51742e290', 340, '2020-12-18 09:32:24', 'Asma,kepala pusing', 'BPJS'),
('45c82237-f718-4f60-9952-90a47861fafc', 'ecdb6e4a-9258-482e-9c17-505b944d1dd9', '0c4e688e-f0bf-4acb-af36-9dd51742e290', 0, '2020-11-13 08:45:12', 'Sakit perut', 'Umum'),
('45d08560-22d4-443c-ae53-bb72c3cd1e07', '753703ca-2718-489b-9ebc-88f21d317956', '0c4e688e-f0bf-4acb-af36-9dd51742e290', 267, '2020-12-02 08:33:40', 'sakit perut, mual', 'BPJS'),
('45dd9ebc-d954-4899-80a3-27bca425bf32', 'beddf9d8-4ec3-463d-b155-5a7998ba0a27', '0c4e688e-f0bf-4acb-af36-9dd51742e290', 0, '2020-11-13 08:30:31', 'Kontrol jantung', 'BPJS'),
('460297b8-c0d4-46eb-b3f0-7d210eec620a', '75ff05a7-93bb-4cc7-9fa3-e1320b4d12c9', '8ac98f19-6cb4-4af0-92f2-5086feca4e1d', 0, '2020-11-04 09:26:47', 'Keputihan', 'BPJS'),
('461f03bb-94c3-40b2-91f6-8180d17ff18c', '8a194755-c386-42a9-ae22-3b3711ab137a', '8ac98f19-6cb4-4af0-92f2-5086feca4e1d', 290, '2020-12-08 09:33:00', 'Periksa hamil', 'Umum'),
('465b3a57-17d4-4150-a37d-c8d22473eded', '45adc6f1-b500-4339-b43d-e5cd9b2ad5d9', '0c4e688e-f0bf-4acb-af36-9dd51742e290', 353, '2020-12-19 08:49:51', 'Kontrol', 'BPJS'),
('4691fab6-f4e5-42de-9c62-9971fe91d403', '026a962e-af47-47c9-88df-2d15ee8c3709', '8ac98f19-6cb4-4af0-92f2-5086feca4e1d', 343, '2020-12-18 09:59:41', 'Catin', 'BPJS'),
('46b52c3f-7a34-4068-b359-63c3659c9911', 'ba417cc7-11e3-483a-977e-26d4cf767586', '0c4e688e-f0bf-4acb-af36-9dd51742e290', 277, '2020-12-03 09:02:27', 'kontrol', 'BPJS'),
('46d255e9-7554-48eb-9335-131aefbf2d06', 'fa228345-452a-4a4f-a23c-3153e878f9f3', '8ac98f19-6cb4-4af0-92f2-5086feca4e1d', 311, '2020-12-11 09:41:13', 'Usg', 'Umum'),
('46db70ca-6f00-4230-9b7f-5e3c39101a42', '0e196d4d-4df3-4167-ace3-e64de0fafcf6', '8ac98f19-6cb4-4af0-92f2-5086feca4e1d', 235, '2020-11-27 09:10:36', 'Kontrol', 'Umum'),
('46f1d009-a975-4c0c-82d6-628b0fffa692', '56340f1c-5e3a-4c37-90a3-3dc3900d35e9', '0c4e688e-f0bf-4acb-af36-9dd51742e290', 0, '2020-11-23 09:23:42', 'Tangan dan perut sakit', 'BPJS'),
('474bb433-d33c-40b6-a1b2-9ec90d850e90', '28124f47-deb5-4cf1-99d1-28d202a071b4', 'f9cfc838-0aa5-47b5-814b-01306b1d1068', 216, '2020-11-24 09:54:56', 'Melahirkan', 'BPJS'),
('478a6bd9-1b75-40bd-be07-20c4b0bf826a', 'b3b1be55-5668-4523-b0d6-e87580be3e52', '0c4e688e-f0bf-4acb-af36-9dd51742e290', 226, '2020-11-26 09:06:58', 'Kontrol mata', 'BPJS'),
('47b29f7e-4541-4274-8a66-e903701bf677', '975f3442-d6d7-47fd-b176-10247abe4b6b', '8ac98f19-6cb4-4af0-92f2-5086feca4e1d', 0, '2020-12-04 09:20:09', 'Bongkar implan', 'BPJS'),
('47ef7358-e992-426c-a8dc-427e38d8a66b', '17b02c08-8bf1-435e-a228-814b0de7a098', '8ac98f19-6cb4-4af0-92f2-5086feca4e1d', 190, '2020-11-21 10:35:06', 'Periksa hamil', 'BPJS'),
('4814e3b7-50c1-4482-8f22-28bacac69f7c', '5e2180ca-8ff3-48ce-885b-58eb89c26166', '0c4e688e-f0bf-4acb-af36-9dd51742e290', 0, '2020-11-06 09:35:10', 'Pusing', 'BPJS'),
('4816e9c4-2869-435f-ad07-26cf737c7b68', '58e541df-5dcc-4008-b8c5-491fc7b0988c', '0c4e688e-f0bf-4acb-af36-9dd51742e290', 228, '2020-11-26 09:58:05', 'Ngilu2', 'BPJS'),
('49b14864-af87-430a-8219-f1e34fe59f54', '11178dd2-d5de-4f9b-977f-d6818adec5f4', '0c4e688e-f0bf-4acb-af36-9dd51742e290', 0, '2020-11-17 08:25:34', 'Nyeri ulu hati', 'BPJS'),
('49b656ef-ec2e-429f-a228-86b679fa8353', '8b51f265-50fb-4c08-b2b4-832e6348ffcd', '0c4e688e-f0bf-4acb-af36-9dd51742e290', 377, '2020-12-23 10:16:52', 'Nyeri tangan dan kaki terasa sakit', 'BPJS'),
('4a328c6d-8896-42d4-bb8d-1a094bb49d82', '8bc8cb5f-64f4-4547-b632-6a4b5c87b5f3', '0c4e688e-f0bf-4acb-af36-9dd51742e290', 280, '2020-12-03 09:56:27', 'kontrol luka', 'BPJS'),
('4aeafe54-b6dd-4ed6-887f-3774da7b76f3', '3c7e16af-0fb0-479f-9b40-6dc5a970d61f', '0c4e688e-f0bf-4acb-af36-9dd51742e290', 0, '2020-11-09 08:37:07', 'Mual,sesak nafas', 'BPJS'),
('4b55e477-bb52-4ac4-8237-eb7d294085eb', '5eed0d96-1973-46a9-9dd5-d89e1f40d340', '8ac98f19-6cb4-4af0-92f2-5086feca4e1d', 272, '2020-12-03 08:17:17', 'pendarahan', 'BPJS'),
('4bc95a4b-153c-4d26-a6e0-9dcb5f846d45', '418f051a-9b97-4f42-b40f-ba28197608d2', '5dcec834-9602-4b00-8a51-8ed5d4c7ca3d', 0, '2020-11-13 08:39:51', 'Nyeri perut,mual muntah', 'BPJS'),
('4c14d3f5-af12-4928-a9d8-33765f0cab93', '5b717afe-86da-4422-9351-f2f15c20f8c0', '8ac98f19-6cb4-4af0-92f2-5086feca4e1d', 180, '2020-11-20 09:35:48', 'Catin', 'Umum'),
('4c8e9b82-b776-429d-bb9a-12724f66511e', 'db2ccb2d-df2f-469f-94ce-aecee0ffb8ff', '0c4e688e-f0bf-4acb-af36-9dd51742e290', 279, '2020-12-03 09:44:56', 'catin', 'Umum'),
('4cb7e718-1dee-492d-871c-e4a2c94192f8', 'cd8089eb-13a6-4e85-a94a-90b67e3cb222', '0c4e688e-f0bf-4acb-af36-9dd51742e290', 287, '2020-12-08 09:04:07', 'Kesemutan di kaki', 'BPJS'),
('4d3f9a00-c629-4b62-8e6a-45fba9123def', 'a9a6d2d9-c45b-4362-b0f1-f2fc41933f7e', '0c4e688e-f0bf-4acb-af36-9dd51742e290', 0, '2020-11-14 09:48:44', 'Lemas,pusing', 'BPJS'),
('4d56920a-5db2-4c1a-bb7a-972f3f1dd853', '21afde5e-8f40-4795-ace8-d5d331631832', '0c4e688e-f0bf-4acb-af36-9dd51742e290', 0, '2020-11-09 08:25:00', 'Sakit gigi', 'Umum'),
('4e498fb9-1abc-42d2-8647-5ca2ce0f3457', '017d1c72-f862-45cc-bde9-94f7dfd79ad1', '0c4e688e-f0bf-4acb-af36-9dd51742e290', 0, '2020-11-05 09:43:29', 'Kontrol mata', 'BPJS'),
('4e4eee16-4a0e-4aa7-8070-8b04a35e8b72', '3c58155e-c8b4-4a37-a107-12582ebff902', '0c4e688e-f0bf-4acb-af36-9dd51742e290', 0, '2020-11-19 08:34:31', 'Mual mual', 'Umum'),
('4ec8da6d-f4d6-43bb-952f-8eca44462fed', '6db95dfd-4322-4e28-8183-12d14527de76', '0c4e688e-f0bf-4acb-af36-9dd51742e290', 388, '2020-12-26 09:33:22', 'Kontrol', 'BPJS'),
('4f30000c-2dd1-4547-b353-0033bfb8c1fe', 'ce53077f-6d75-46f4-b3f9-854a6a3a3b4b', '0c4e688e-f0bf-4acb-af36-9dd51742e290', 349, '2020-12-18 10:25:54', 'Alergi pada hidung', 'BPJS'),
('4f85f835-96ce-47df-bf25-7e558496447d', '60b14b19-9f07-41f1-9bb8-328f3278fb42', '5dcec834-9602-4b00-8a51-8ed5d4c7ca3d', 222, '2020-11-24 11:05:25', 'Kecelakaan', 'Umum'),
('500b0a8c-bfd5-4e69-9720-8cbfabb28bcf', 'edf0cd7c-b128-4436-a652-75abdd0e0a04', '8ac98f19-6cb4-4af0-92f2-5086feca4e1d', 0, '2020-11-06 09:29:35', 'Catin', 'Umum'),
('51e79b2d-d14f-4725-bb5d-c7f3858dbed7', 'ff68d881-81e4-4051-91b1-414e5b951491', '5dcec834-9602-4b00-8a51-8ed5d4c7ca3d', 245, '2020-11-27 09:40:53', 'Nyeri perut', 'BPJS'),
('54758ce3-8406-4a3a-a18d-d2b5e6051d69', '4d93b612-1164-4f7c-9be2-78ecdd9fc9a3', '0c4e688e-f0bf-4acb-af36-9dd51742e290', 307, '2020-12-11 09:26:03', 'Ambil obat jiwa', 'BPJS'),
('54bd14a3-515a-4555-b3f9-d40285ce7b42', 'da347419-a364-4514-89fd-601896e74c03', '0c4e688e-f0bf-4acb-af36-9dd51742e290', 0, '2020-11-04 08:44:30', 'Lemas,sakit pinggang ,dan sakit mata', 'BPJS'),
('54f2b6f7-37b0-45d0-b3af-fc439b9d0bca', 'd7c02278-9e86-4543-9375-7c01ed337d6a', '8100946b-da48-402d-8d9f-278b9282dad1', 0, '2020-12-04 08:57:11', 'Kontrol ulang paru', 'BPJS'),
('5598bb95-7828-4617-853a-19e84c45c69a', 'fd60550f-9c56-4d8c-9103-69bc0d00e18c', '0c4e688e-f0bf-4acb-af36-9dd51742e290', 0, '2020-11-05 08:45:35', 'Bantul n mual2', 'Umum'),
('56616999-28a7-4969-aae7-ff61f6e0090f', '3c6cdf65-9cda-42ac-996c-c0186471ce72', '8100946b-da48-402d-8d9f-278b9282dad1', 0, '2020-11-05 08:22:53', 'Batuk flu', 'BPJS'),
('56fb5c6b-8796-400a-9ced-080c81fc5e5a', 'b06da005-792a-43d6-8428-d067439f19d9', '0c4e688e-f0bf-4acb-af36-9dd51742e290', 366, '2020-12-22 09:14:31', 'Batuk, pilek', 'BPJS'),
('5738d728-efa5-4399-bbc0-65fe7b3b279e', '52ceb415-a710-4a44-8107-9b2480be42dd', '8ac98f19-6cb4-4af0-92f2-5086feca4e1d', 283, '2020-12-08 08:22:47', 'kontrol', 'BPJS'),
('577da86f-f8f7-43e0-a354-a0ccfdff9aa5', '832cd05a-b4dd-4ae9-a721-e90b68a24b29', '0c4e688e-f0bf-4acb-af36-9dd51742e290', 334, '2020-12-16 09:29:57', 'Sakit perut mual', 'Umum'),
('58ba0b69-3dd7-4743-8d1d-101b0b8b3995', '20bc4fef-4ec9-43c8-a245-a27dd03ed073', '0c4e688e-f0bf-4acb-af36-9dd51742e290', 0, '2020-11-06 09:58:47', 'Ngilu-ngilu', 'Umum'),
('58dafedd-2dd0-4c48-a1ac-f3d5afac514b', '76be237e-714f-4016-bd35-22d4e7443490', '0c4e688e-f0bf-4acb-af36-9dd51742e290', 295, '2020-12-10 08:07:33', 'kontrol', 'BPJS'),
('59cfe1ad-3034-4c17-bbb9-35aeaa61f840', 'e2817ebe-9155-4845-951e-146580579380', '0c4e688e-f0bf-4acb-af36-9dd51742e290', 0, '2020-11-19 08:37:49', 'Sakit pinggang', 'Umum'),
('5a03a4fe-fe24-47e2-92f7-bf73dd660fce', '17b02c08-8bf1-435e-a228-814b0de7a098', '8ac98f19-6cb4-4af0-92f2-5086feca4e1d', 189, '2020-11-21 09:34:59', 'Periksa hamil usg', 'BPJS'),
('5a2e1899-3b85-453b-96ab-503bfa1496c8', '259f3299-b4eb-4241-ae68-fa99056081b9', '5dcec834-9602-4b00-8a51-8ed5d4c7ca3d', 177, '2020-11-20 09:05:57', 'Lemas', 'BPJS'),
('5ad53978-209c-4de7-9660-17b3991d008a', 'a09ed11e-f65e-41d3-95f4-ec07ed7cfd29', '0c4e688e-f0bf-4acb-af36-9dd51742e290', 324, '2020-12-15 08:09:25', 'Sesak nafas', 'BPJS'),
('5b075579-4c3c-47cc-8978-656a3f1f7160', '6349a0bb-c12e-41ac-a433-5d59d5c7a813', '8ac98f19-6cb4-4af0-92f2-5086feca4e1d', 0, '2020-12-02 09:26:40', 'catin', 'Umum'),
('5b79aece-8f06-4e2e-a8cb-7eb2753c4489', 'bda06fb4-b9f8-4f53-821c-4ad4f7a0ccb4', '0c4e688e-f0bf-4acb-af36-9dd51742e290', 0, '2020-11-23 09:26:46', 'Mata kabur', 'BPJS'),
('5bab2974-5d47-45fd-bd24-9aec8a46a4a9', '84920600-0fa4-44e0-84af-9e33d3fadadc', '0c4e688e-f0bf-4acb-af36-9dd51742e290', 367, '2020-12-23 08:22:57', 'Batuk.', 'BPJS'),
('5f0d307f-5a69-48a5-914a-83d21d16ec19', '305b0936-faf7-4104-a06c-f65dbce41ecc', '0c4e688e-f0bf-4acb-af36-9dd51742e290', 0, '2020-11-09 08:20:50', 'Sesak,', 'Umum'),
('60ea78fa-d4ae-44a4-857c-30177c0e57e3', '1ead8adb-ac27-45f0-b49a-ccfe97bc8e8b', '0c4e688e-f0bf-4acb-af36-9dd51742e290', 0, '2020-11-02 09:38:08', 'Mata terasa gatal', 'Umum'),
('6143c2b8-8e6d-4295-bdcc-05477d82acb7', '57ae7fcc-c9a3-4260-aede-fd0a927b9209', '8ac98f19-6cb4-4af0-92f2-5086feca4e1d', 193, '2020-11-21 11:19:07', 'Kontrol post sc', 'BPJS'),
('6165fd9c-da11-4613-a9e0-db57f70f8628', '895edf4c-4acd-426e-850e-7bfa21b254e5', '0c4e688e-f0bf-4acb-af36-9dd51742e290', 0, '2020-11-10 09:34:17', 'Pusing,mual2', 'BPJS'),
('61c6d0c1-8331-45c9-ae2c-3e641dc107a1', 'a731e494-4b9e-4db5-a90e-d172a7193060', '0c4e688e-f0bf-4acb-af36-9dd51742e290', 302, '2020-12-11 09:05:19', 'Pusing', 'BPJS'),
('61d41c5c-eb6e-4653-80c7-f2ae9177743b', 'd4da1154-09af-46d1-b2e9-57ce8732022e', '8ac98f19-6cb4-4af0-92f2-5086feca4e1d', 0, '2020-12-04 10:31:02', 'Kontrol hamil', 'BPJS'),
('61dc6b90-ea3c-42bc-a5fb-4185f24c2fd3', 'e31e2d35-bef1-4898-bb9d-84486b87e8ea', '8100946b-da48-402d-8d9f-278b9282dad1', 0, '2020-12-01 11:20:51', 'Ada keluar darah sedikit di vagina', 'Umum'),
('6220027b-cd46-4556-bf0c-85925b72e368', 'f244fa58-90c6-4033-bff7-d01d9c3e0a72', '0c4e688e-f0bf-4acb-af36-9dd51742e290', 0, '2020-11-05 08:57:07', 'Menggigil', 'BPJS'),
('623bd3d6-628a-4a32-af88-7dff9504296b', 'ea531931-852c-4998-a764-a397f8808802', '8ac98f19-6cb4-4af0-92f2-5086feca4e1d', 289, '2020-12-08 09:14:39', 'Periksa hamil', 'Umum'),
('624ae2da-189e-47f5-b0c7-b1ea713ccd36', 'd7ea7a43-8335-4faa-9ad5-a88e88b1b517', '8ac98f19-6cb4-4af0-92f2-5086feca4e1d', 0, '2020-11-13 09:13:16', 'Kontrol hamil', 'BPJS'),
('643ee896-2c17-4e30-8fc5-1a261b84e624', '58a68daf-0d5c-42ed-84ae-6626f89069a8', '0c4e688e-f0bf-4acb-af36-9dd51742e290', 0, '2020-11-13 08:32:56', 'Badan ngilu2', 'BPJS'),
('65149f14-cee1-4b48-9b6e-fcf3bad38a22', 'da3e51a0-87f0-4105-acb8-340a26f9e655', '0c4e688e-f0bf-4acb-af36-9dd51742e290', 363, '2020-12-22 09:05:13', 'Gatal-gatal', 'BPJS'),
('65786124-ad65-49b7-8800-4c6db1123963', 'f98bea04-e6f5-4ca7-943e-e6d322ff8af1', '0c4e688e-f0bf-4acb-af36-9dd51742e290', 0, '2020-11-24 08:35:58', 'Gatal di leher', 'BPJS'),
('65ad5d44-47d8-425d-8113-c04b92338995', '2f085c34-484d-40db-84ba-44f026436914', '0c4e688e-f0bf-4acb-af36-9dd51742e290', 0, '2020-11-13 09:02:18', 'Sesak napas', 'BPJS'),
('6611066a-3d77-4425-9957-0d23f909569d', '9dd6f82e-cc3b-4614-b2f9-a24c49996751', '0c4e688e-f0bf-4acb-af36-9dd51742e290', 211, '2020-11-24 08:30:53', 'Sesak nafas', 'Umum'),
('669ed9fc-a5b5-4705-a75d-d3952cf1c54c', '5a3be5da-1c26-43bb-bd88-f02d6ad66920', '0c4e688e-f0bf-4acb-af36-9dd51742e290', 0, '2020-11-07 08:08:04', 'Pusing', 'BPJS'),
('6716e426-8527-4d00-b772-13203b7d4be9', '687acef2-d9ff-4c34-a734-fa4d5322444e', '5dcec834-9602-4b00-8a51-8ed5d4c7ca3d', 238, '2020-11-27 09:20:19', 'Lemes', 'BPJS'),
('67580206-fe73-4760-b0e0-bde04f4c42b9', '2c3ed51b-06cf-4540-9ca1-7090875db8da', '0c4e688e-f0bf-4acb-af36-9dd51742e290', 0, '2020-11-06 10:05:02', 'Sakit di dada', 'BPJS'),
('69320595-461d-4ba3-a7ba-b1a21862dbd1', '4cf4b6f4-d32f-4c11-92ba-45225e0c0a13', '0c4e688e-f0bf-4acb-af36-9dd51742e290', 0, '2020-11-06 09:51:45', 'Nyeri perut', 'BPJS'),
('6a63a125-0ca5-44ac-b1fa-4b53c55cfb37', '90871af5-7112-457a-8020-086415eec83a', '5dcec834-9602-4b00-8a51-8ed5d4c7ca3d', 325, '2020-12-15 08:13:09', 'Lemes, pasien keadaan pingsan, riwayat hamil', 'Umum'),
('6aede55f-0900-47ae-b9bd-6a3196533789', 'b6ba97d0-1cb2-4dba-8500-42f0e3511354', '8ac98f19-6cb4-4af0-92f2-5086feca4e1d', 0, '2020-11-13 08:21:03', 'Tes darah triple eliminasi', 'Umum'),
('6b2ee34f-6d1b-4efa-9381-5038dbc2f4f4', '7f676594-5005-4064-a787-de3bf5f9d194', '0c4e688e-f0bf-4acb-af36-9dd51742e290', 273, '2020-12-03 08:30:40', 'pusing', 'BPJS'),
('6d7d29a9-59dc-41dc-8d78-28fe19d95d11', '82c0115f-1456-4af8-b1c8-a492e43a60cc', '0c4e688e-f0bf-4acb-af36-9dd51742e290', 0, '2020-11-14 08:57:03', 'Sakit kaki', 'BPJS'),
('6d86b1d4-7864-401e-a915-dc8a95717771', '6bb79275-5c8a-4f61-9d71-9976f62d1972', '0c4e688e-f0bf-4acb-af36-9dd51742e290', 0, '2020-11-13 08:36:23', 'Tangan tidak bisa digerakan', 'BPJS'),
('6de0e869-ad45-4e5d-8476-925cad736601', 'c5ad3df6-93cd-4794-911a-b34dde0c1ca0', '0c4e688e-f0bf-4acb-af36-9dd51742e290', 387, '2020-12-26 09:04:42', 'Kontrol', 'BPJS'),
('6f725e7b-359c-40fb-b033-e60941971f41', 'bb46ad3c-0b96-41e1-abf8-6dd8aaaef2a7', '0c4e688e-f0bf-4acb-af36-9dd51742e290', 281, '2020-12-03 10:02:44', 'gatal gatal', 'Umum'),
('6f9f0476-f892-48c2-a85d-62c721d554a2', '579a5f5c-5b0b-460c-b3dd-5042964e6044', '0c4e688e-f0bf-4acb-af36-9dd51742e290', 383, '2020-12-26 08:49:11', 'Kontrol', 'BPJS'),
('703cb1d1-8d85-4e6a-81c3-903f5e7d8a49', '4e60bf81-a492-4002-a853-c400f711ede2', '0c4e688e-f0bf-4acb-af36-9dd51742e290', 0, '2020-11-03 08:34:09', 'ngilu-ngilu', 'BPJS'),
('70a9cb25-cee0-4de6-b3f4-a236923b9d48', '7e8d385d-c6f1-4fb4-bc40-aa49c5bc2cbb', '8ac98f19-6cb4-4af0-92f2-5086feca4e1d', 151, '2020-11-18 09:59:25', 'nyeri perut bagian bawah dan sering sakit pinggang', 'Umum'),
('70c386de-8419-417d-84a2-179143ba489f', 'f9b5a27b-16d2-4294-9782-6afe561c5716', '8ac98f19-6cb4-4af0-92f2-5086feca4e1d', 359, '2020-12-19 09:14:32', 'Kontrol', 'BPJS'),
('70dc801e-4c9c-4a4a-8ac7-7fe5cf1f0373', '777f9ae0-5611-4610-acc2-8fbf86320056', '0c4e688e-f0bf-4acb-af36-9dd51742e290', 0, '2020-12-01 07:56:51', 'Pusing,sakit perut', 'BPJS'),
('70dff396-8fcc-4fa9-9853-746a9f361959', 'f46221f2-0743-4643-b9ea-34507738c2ba', '0c4e688e-f0bf-4acb-af36-9dd51742e290', 323, '2020-12-15 08:01:49', 'Kontrol ulang, luka di jari tangan kiri, jari tangan kiri terlihat bengkak', 'BPJS'),
('711a2319-f180-4a59-992d-d28585315fbf', '4e92b7a0-bc0c-4ae1-862a-a8e859acfca5', '8100946b-da48-402d-8d9f-278b9282dad1', 227, '2020-11-26 09:52:43', 'Flu', 'Umum'),
('715bf460-72bd-44c6-9abb-3a3552e72f75', 'c922f665-b078-4a52-8ec0-77103966aec1', '0c4e688e-f0bf-4acb-af36-9dd51742e290', 143, '2020-11-18 09:05:12', 'Batuk kering dengan riwayat asma', 'BPJS'),
('723a75a3-a8f0-4e6e-97c9-23db73e4965c', 'a4b62612-759e-4178-a265-58868ec84b5f', '0c4e688e-f0bf-4acb-af36-9dd51742e290', 360, '2020-12-19 09:18:04', 'Kontrol', 'BPJS'),
('7291670b-73b7-4acb-982e-0eb4d7687dae', 'e0d8e7c0-2fa4-44e6-a599-fd857e1c5e68', '0c4e688e-f0bf-4acb-af36-9dd51742e290', 0, '2020-11-02 09:26:16', 'Sakit pinggang', 'BPJS'),
('7338bac7-cb90-4835-8459-25addd735123', 'b0e11a68-c36c-4978-b626-06581182a238', '0c4e688e-f0bf-4acb-af36-9dd51742e290', 306, '2020-12-11 09:23:16', 'Ambil obat jiwa', 'BPJS'),
('744011cc-f093-4598-9586-e0e73deed36f', '77e15598-fd13-45ef-bb70-1f66f8ff5225', '0c4e688e-f0bf-4acb-af36-9dd51742e290', 0, '2020-11-28 09:39:04', 'Gatal2', 'BPJS'),
('744ecd66-05e1-4bed-9a1b-8bd8c1e9a833', '76be237e-714f-4016-bd35-22d4e7443490', '0c4e688e-f0bf-4acb-af36-9dd51742e290', 271, '2020-12-03 08:12:58', 'kontrol', 'BPJS'),
('74f2e4d7-a13e-4424-840d-05052893d1c0', '753703ca-2718-489b-9ebc-88f21d317956', '0c4e688e-f0bf-4acb-af36-9dd51742e290', 0, '2020-11-12 08:13:55', 'Nyeri bak', 'BPJS'),
('7536393d-9842-4331-b9cd-48de0547be1a', '15b781ff-c675-4772-b601-35202881416b', '0c4e688e-f0bf-4acb-af36-9dd51742e290', 304, '2020-12-11 09:10:46', 'Ambil obat', 'Umum'),
('758c5176-4db7-4c37-b11d-6b8fe9088711', '47489ba4-1187-4875-b46b-7ad27c395785', '0c4e688e-f0bf-4acb-af36-9dd51742e290', 234, '2020-11-27 08:54:00', 'Sesak napas', 'BPJS'),
('7607a452-bd21-491c-8adf-0e43fec9b44e', 'de33ca11-13ba-4599-9307-a794193aa551', '8ac98f19-6cb4-4af0-92f2-5086feca4e1d', 292, '2020-12-08 10:22:13', 'Periksa hamil', 'BPJS'),
('76f1c98e-1067-48fc-ac30-e1c112d6fbf3', '3a261e46-2ef3-423e-be90-e82a05b024eb', '0c4e688e-f0bf-4acb-af36-9dd51742e290', 0, '2020-11-11 08:12:55', 'Susah tidur,keputihan', 'BPJS'),
('77124d1c-1c53-4be8-aac8-30865bc859c2', '3ea4d99b-0e84-4fed-8427-aba553914833', '8ac98f19-6cb4-4af0-92f2-5086feca4e1d', 197, '2020-11-23 08:52:57', 'Keputihan', 'Umum'),
('78500363-8f3a-4315-926c-1c57a19d99f9', 'f782b78d-97c8-41ce-8011-db00fed2f227', '0c4e688e-f0bf-4acb-af36-9dd51742e290', 0, '2020-11-04 08:28:45', 'Skit lutut', 'BPJS'),
('7869e8f2-6fa4-4a46-8e66-2615f09a00c9', '8ea45ecf-dcc3-4a8c-9316-e384e2872001', '8100946b-da48-402d-8d9f-278b9282dad1', 358, '2020-12-19 09:10:58', 'Demam', 'Umum'),
('789ca853-b892-41bb-bd9e-6ecc98e3e4ba', '4b1b2cb1-d895-4220-a2fc-ae5f5294573e', '0c4e688e-f0bf-4acb-af36-9dd51742e290', 0, '2020-11-10 08:24:22', 'Pusing,mual', 'BPJS'),
('78c46b04-ecf3-4674-9450-9d609586645c', 'df6cb81f-51b0-4419-b211-ea4163b837a2', '0c4e688e-f0bf-4acb-af36-9dd51742e290', 0, '2020-11-09 08:30:24', 'Kapel kapel dan susah tidur', 'BPJS'),
('7906d53d-db0e-46c5-adcd-5db0f9e469cc', 'b36bf9b1-ea95-48b4-9716-d0baa7416d84', '0c4e688e-f0bf-4acb-af36-9dd51742e290', 286, '2020-12-08 09:01:17', 'Gatal2 seluruh badan', 'BPJS'),
('794f0343-d6aa-45c7-a71d-b69bd20ff96c', 'cdc809e4-d932-4106-99b4-244d39596ff5', '8ac98f19-6cb4-4af0-92f2-5086feca4e1d', 209, '2020-11-24 08:10:50', 'Periksa hamil', 'Umum'),
('7a67bceb-8358-4670-82a2-5db67e3a635a', '90871af5-7112-457a-8020-086415eec83a', '5dcec834-9602-4b00-8a51-8ed5d4c7ca3d', 326, '2020-12-15 08:49:28', 'Lemes, pasien keadaan pingsan, riwayat hamil', 'Umum'),
('7ace8a88-2429-488d-baf5-fbf44024c701', '613832b0-569f-4d2e-8796-37b49f7ca0c7', '0c4e688e-f0bf-4acb-af36-9dd51742e290', 0, '2020-11-03 09:10:15', 'perawatan luka', 'Umum'),
('7b0c2f52-c4a2-4158-87bb-fb7bb5647e31', 'c9f3927a-cefa-4cf5-9db3-9ab31364f721', '0c4e688e-f0bf-4acb-af36-9dd51742e290', 0, '2020-11-05 09:49:06', 'Mual mual', 'Umum'),
('7b0d22fd-556e-456c-be67-2a2955cc6e0d', '9f37a96c-5f91-4804-aedd-95f24baed788', '0c4e688e-f0bf-4acb-af36-9dd51742e290', 0, '2020-11-03 09:37:25', 'nyeri ulu hati,batuk,demam', 'BPJS'),
('7b694bbb-3cd4-4437-8a54-5f5e6a75d531', '427ad449-ea00-4b32-8443-9fc7e5ff52d3', '0c4e688e-f0bf-4acb-af36-9dd51742e290', 0, '2020-11-21 09:33:16', 'Kontrol asma', 'BPJS'),
('7b69fb56-7b0f-4151-8e1f-2ee616799f75', 'ffe7fc88-c245-467b-a6ce-efdefe784639', '0c4e688e-f0bf-4acb-af36-9dd51742e290', 244, '2020-11-27 09:34:54', 'Pegal2', 'BPJS'),
('7b884c67-9033-4b7c-8f4d-5d58c093532c', '56340f1c-5e3a-4c37-90a3-3dc3900d35e9', '0c4e688e-f0bf-4acb-af36-9dd51742e290', 315, '2020-12-11 10:50:21', 'Ambil rujukan', 'BPJS'),
('7bc120af-a141-4d74-8596-55e89fb4eab1', 'b59e351d-f0b9-438a-b2de-3177ef51f374', '0c4e688e-f0bf-4acb-af36-9dd51742e290', 357, '2020-12-19 09:08:08', 'Kontrol', 'BPJS'),
('7c333985-76bd-4a4f-a004-2f84a8fbdd33', '06ef4b11-63ae-4b7d-8beb-67b9646adbc8', '5dcec834-9602-4b00-8a51-8ed5d4c7ca3d', 266, '2020-12-01 10:56:13', 'Perawatan luka', 'Umum'),
('7cf4df5b-4ed7-4b91-86a8-15bad480b902', '21bda838-ded2-492c-9f46-3fa4c11f8b53', '0c4e688e-f0bf-4acb-af36-9dd51742e290', 0, '2020-11-04 09:51:27', 'Sakit di punggung', 'BPJS'),
('7d60020d-57bf-4243-89d1-aaf0f36c2c2b', '3a4f2c3c-7878-4687-b442-a4e33f937770', '0c4e688e-f0bf-4acb-af36-9dd51742e290', 182, '2020-11-20 10:02:13', 'Pusing berputar-putar,mual,batuk', 'BPJS'),
('7da92d14-ebde-4416-bd4e-19f43ff3412f', '1eec1f09-7783-4c47-b3ce-06b4dbd552a1', '0c4e688e-f0bf-4acb-af36-9dd51742e290', 146, '2020-11-18 09:17:50', 'Nyeri ulu hati pusing mual', 'BPJS'),
('7e5a0370-f331-4739-8f45-1c16009bf0cd', '24485164-fd44-4578-9e3a-d5b1419fdbe5', '0c4e688e-f0bf-4acb-af36-9dd51742e290', 0, '2020-11-11 09:27:31', 'Gatal gatal korengan bernanah', 'Umum'),
('7e7a43f5-e613-48d3-bbb8-17cf2745d7c7', 'edab6daa-7d7f-4843-bc01-1b45ae989033', '8ac98f19-6cb4-4af0-92f2-5086feca4e1d', 301, '2020-12-10 11:29:29', 'catin', 'Umum'),
('80b1bd1f-61cc-4bae-8196-d3844352240c', 'f73983e5-baf7-4aaa-8626-2c2ed02edee6', '5dcec834-9602-4b00-8a51-8ed5d4c7ca3d', 0, '2020-11-03 09:44:46', 'kecelakaan', 'Umum'),
('817d5585-f06f-4588-a5fa-4fd2e915e7dc', '17311e6e-b76e-4dd1-9279-d5f636aa7fa1', '8ac98f19-6cb4-4af0-92f2-5086feca4e1d', 0, '2020-12-01 08:03:15', 'Periksa hamil', 'Umum'),
('81deb4cb-f668-4f2b-8749-06438cf3240f', 'fadc2c1b-9a51-4f86-8a9e-80924399a76d', '8ac98f19-6cb4-4af0-92f2-5086feca4e1d', 274, '2020-12-03 08:45:18', 'kontrol hamil', 'Umum'),
('821700b5-8fbb-4054-bb57-35421de901ee', 'fa228345-452a-4a4f-a23c-3153e878f9f3', '8ac98f19-6cb4-4af0-92f2-5086feca4e1d', 0, '2020-11-10 08:55:12', 'Kontrol hamil', 'Umum'),
('8228bf8f-d8f8-476d-a9b6-c5158e85e729', '8a51715e-3971-4af8-bfb5-2bcb66210c57', '0c4e688e-f0bf-4acb-af36-9dd51742e290', 0, '2020-11-02 09:13:10', 'Kontrol ulang', 'BPJS'),
('8249dd4c-f471-4d20-bee3-cc7582760799', 'aebb8d8d-b150-4580-a594-56414cc1baf8', '0c4e688e-f0bf-4acb-af36-9dd51742e290', 0, '2020-11-09 10:10:58', 'Catin', 'Umum'),
('834926df-15bb-403c-ad73-6e9fba9aa832', 'd18e8cd0-9c00-403a-bd46-d811d2ecc18c', '0c4e688e-f0bf-4acb-af36-9dd51742e290', 0, '2020-12-02 09:17:05', 'badan terasa dingin, pusing', 'BPJS'),
('84065624-9e56-4ba2-9036-7af4f9c934be', '32f9b96a-3147-4bfc-b05b-9400c546af50', '8ac98f19-6cb4-4af0-92f2-5086feca4e1d', 0, '2020-11-04 10:26:50', 'Mual', 'Umum'),
('863f6461-4fde-45ae-8659-b4133d31b4d8', 'a3fc56de-6bfe-4a7d-b72a-9d67adedf581', '0c4e688e-f0bf-4acb-af36-9dd51742e290', 264, '2020-12-01 10:07:47', 'sakit mata', 'BPJS'),
('86f1638d-1503-42b8-b121-27b68ea55ac7', '2c4a361f-fd89-410d-8166-52503b6bc5d9', '0c4e688e-f0bf-4acb-af36-9dd51742e290', 0, '2020-12-02 09:11:18', 'catin', 'Umum'),
('87a5222b-aeae-487c-aaaf-6ad7d7700bd8', '2ff793f6-5b2d-4532-bdd3-f31643dfffd9', '0c4e688e-f0bf-4acb-af36-9dd51742e290', 0, '2020-11-06 10:26:40', 'Mata terasa gatal', 'BPJS'),
('87f3dfd8-5566-4d6f-a2e2-3fb0ff380b53', '155caee0-7842-43cf-af35-099cf0c093e1', '0c4e688e-f0bf-4acb-af36-9dd51742e290', 0, '2020-11-28 08:24:05', 'Sesak nafas batuk pilek', 'BPJS'),
('8853ec6d-910b-4245-9b02-488ec6beab0d', 'f782b78d-97c8-41ce-8011-db00fed2f227', '0c4e688e-f0bf-4acb-af36-9dd51742e290', 0, '2020-12-04 08:09:19', 'Kontrol tensi', 'BPJS'),
('89729577-c777-47c0-91fd-df6083ed0cd3', '3c6cdf65-9cda-42ac-996c-c0186471ce72', '8100946b-da48-402d-8d9f-278b9282dad1', 0, '2020-11-03 11:29:23', 'batuk,pilek', 'BPJS'),
('89755cc3-ef18-431e-9800-ef99594ff54a', '5de43c87-4285-4788-bfae-c48c657b49c5', '0c4e688e-f0bf-4acb-af36-9dd51742e290', 0, '2020-11-16 09:32:40', 'Pusing', 'BPJS'),
('89b4b107-8586-47b9-a55f-075a485ebeba', '05174d84-26fa-462f-8f2f-aaa17fe1c488', '0c4e688e-f0bf-4acb-af36-9dd51742e290', 0, '2020-12-04 08:33:06', 'Ambil rujukan', 'BPJS'),
('89c861b5-3952-4f4c-8a81-638796bf99af', '19c17779-d02e-4ff5-9d10-53391987bb5d', '0c4e688e-f0bf-4acb-af36-9dd51742e290', 0, '2020-11-09 08:42:06', 'Sakit di laher,batuk ,pilek ,pusing', 'BPJS'),
('8b713be9-2fc4-4581-bf15-0877e3964c18', 'f782b78d-97c8-41ce-8011-db00fed2f227', '0c4e688e-f0bf-4acb-af36-9dd51742e290', 165, '2020-11-20 08:12:55', 'Pusing,kesemutan', 'BPJS'),
('8c5e0eef-cd64-46d8-9132-f1f3726ae1a4', '8d71013f-b926-4104-8f11-941cc6e12a2d', '0c4e688e-f0bf-4acb-af36-9dd51742e290', 0, '2020-11-06 09:48:18', 'Gatal-gatal', 'BPJS'),
('8d1fcf3f-e4bb-4ea0-8d97-f563e3131529', '1bdb86f7-378e-46f2-8ca9-803c95110ca1', '0c4e688e-f0bf-4acb-af36-9dd51742e290', 0, '2020-11-19 08:29:19', 'Bengkak di tangan', 'Umum'),
('8d67cf2f-ff16-436c-87e2-53b22f9da81b', '34d16da3-8ce8-49f8-a40f-6a67d3d0c825', '0c4e688e-f0bf-4acb-af36-9dd51742e290', 0, '2020-11-23 09:16:28', 'Gatel', 'Umum'),
('8d72dd00-b831-4583-995d-679b9dce2f0f', '313568fc-dff8-44bd-b8e9-c3d16be3bebc', '0c4e688e-f0bf-4acb-af36-9dd51742e290', 0, '2020-11-23 08:42:58', 'Pusing', 'Umum'),
('8eabbc37-ff8f-4077-a4fd-a1e31057efca', 'a1ae1c07-62f2-46b2-8b3e-28257222fedb', '0c4e688e-f0bf-4acb-af36-9dd51742e290', 0, '2020-11-28 08:53:32', 'Demam', 'BPJS'),
('8f4b848d-73a6-4def-b3ea-2d900a14acd7', '70318902-7987-498b-9ebe-7f02d5f6dc6e', '5dcec834-9602-4b00-8a51-8ed5d4c7ca3d', 176, '2020-11-20 09:00:46', 'Sesak napas', 'BPJS'),
('904a6a7b-c234-4064-9a72-a6d1f007b5e9', 'cd053442-839e-44e1-9ec1-6ac062a8c172', '0c4e688e-f0bf-4acb-af36-9dd51742e290', 372, '2020-12-23 09:04:21', 'Mata gatal,kaki kesemutan,perut gembung', 'BPJS'),
('911b3ebf-2da8-43ed-8181-dc018f0d7ab5', 'ee4eb434-a8dd-456f-80a1-87806e0bc52f', '8ac98f19-6cb4-4af0-92f2-5086feca4e1d', 0, '2020-11-10 09:47:05', 'Periksa kehamilan', 'BPJS'),
('91374344-826f-4393-9756-9c2141d70725', 'ab2d4bbf-d2ab-49e0-912d-6d6049116ce3', '8100946b-da48-402d-8d9f-278b9282dad1', 365, '2020-12-22 09:10:16', 'Batuk, pilek', 'BPJS'),
('9170f5cc-ba0c-4938-90b5-0b266e47b006', '5b7a046b-56fb-4f52-9658-23d50fb81be9', '0c4e688e-f0bf-4acb-af36-9dd51742e290', 0, '2020-11-23 08:48:40', 'Kontrol luka dijempol', 'Umum'),
('9246153c-fa50-4779-b51c-bd8344b195ad', '6ea72313-0d6f-4f2b-936c-723721bad637', '0c4e688e-f0bf-4acb-af36-9dd51742e290', 386, '2020-12-26 09:02:00', 'Kontrol', 'BPJS'),
('929d5ebf-5c30-4ff6-98a1-792dee20280a', 'd73e027a-2e69-408e-b5fb-35a033c98902', '0c4e688e-f0bf-4acb-af36-9dd51742e290', 317, '2020-12-12 08:25:08', 'Sakit lutut', 'BPJS'),
('93ca9ff6-4239-4c16-be2a-08a5f2999fe3', 'd35bb0dc-fb6c-4030-9ada-c2e0f74df8f2', '8ac98f19-6cb4-4af0-92f2-5086feca4e1d', 0, '2020-12-01 08:47:13', 'Periksa hamil', 'BPJS'),
('94210525-deb2-47b8-936d-f27ad622aa56', '15833832-2336-4e86-9196-ec616c65173a', '0c4e688e-f0bf-4acb-af36-9dd51742e290', 0, '2020-11-10 09:01:29', 'Batuk', 'BPJS'),
('94703481-b76c-48bc-88ad-51f296b5c747', '1e967228-4ca2-44c5-a675-2b1a1b89664e', '0c4e688e-f0bf-4acb-af36-9dd51742e290', 233, '2020-11-27 08:29:36', 'Pusing', 'BPJS'),
('959c059a-70d2-4709-800b-491c2946d5c3', 'a3a433a6-8100-4007-9083-22e91f0963ff', '0c4e688e-f0bf-4acb-af36-9dd51742e290', 0, '2020-11-07 08:47:02', 'Catin', 'Umum'),
('96a0a234-0c6f-4ca4-a0f3-ef5f6798f235', 'cb15d544-7d93-417a-9a2b-dd95eb44ecec', '0c4e688e-f0bf-4acb-af36-9dd51742e290', 0, '2020-11-04 10:07:58', 'Odgj', 'BPJS'),
('982ab44c-f9bd-4402-9c57-beda556324b2', '9f4eb1f5-ed26-4a94-8b7b-77318e0de82c', '0c4e688e-f0bf-4acb-af36-9dd51742e290', 0, '2020-11-10 08:39:47', 'Kontrol ulang', 'BPJS'),
('99cd7524-d911-41aa-a2f0-8bfd109eb0b7', '0b787ff0-c7dc-4b37-8be0-699b13039b06', '0c4e688e-f0bf-4acb-af36-9dd51742e290', 0, '2020-11-14 09:18:55', 'Kontrol DM', 'BPJS');
INSERT INTO `tb_kunjungan` (`id_kunjungan`, `id_pasien`, `id_poli`, `no_antrian`, `tanggal_kunjungan`, `keluhan`, `status`) VALUES
('9aaacb15-370c-4ad7-a195-7c201734c762', '33187f31-d0f0-4a98-b249-5b59950e9bd8', '0c4e688e-f0bf-4acb-af36-9dd51742e290', 0, '2020-11-07 09:01:40', 'Demam', 'BPJS'),
('9b482773-d6e9-465c-affb-088b23589be2', 'a789fee1-b465-4dfc-a8da-7c5efb027cb5', '0c4e688e-f0bf-4acb-af36-9dd51742e290', 0, '2020-11-05 08:32:44', 'Kontrol mata', 'BPJS'),
('9b5b8cac-2363-4249-815f-9cc2c3486d7d', 'aa110966-a606-4a00-b50f-35f342afcc5b', '0c4e688e-f0bf-4acb-af36-9dd51742e290', 371, '2020-12-23 08:49:09', 'Sakit dada sebelah kiri', 'Umum'),
('9b97c467-1e0f-4cfc-ac9e-fad8cf12dc82', 'bc22f4f5-6a3d-46a8-9add-6a35b319845f', '8ac98f19-6cb4-4af0-92f2-5086feca4e1d', 163, '2020-11-19 10:22:23', 'Usg', 'BPJS'),
('9b9d23b2-d4fe-4eed-ac42-80f1e5959965', 'a789fee1-b465-4dfc-a8da-7c5efb027cb5', '0c4e688e-f0bf-4acb-af36-9dd51742e290', 0, '2020-11-19 08:20:53', 'Bengkak di kaki', 'BPJS'),
('9cdcfcea-55d8-4da6-bb31-282c2f257e50', '456827a5-4a69-4510-bade-bbf611b20d97', '5dcec834-9602-4b00-8a51-8ed5d4c7ca3d', 291, '2020-12-08 09:37:21', 'Pusing,mual,lemes,susah untuk menelan', 'BPJS'),
('9dc3f670-e5b0-4ae5-a068-9b61441f839d', '6da1a730-fbd8-472b-9253-226b9f77bc43', '8ac98f19-6cb4-4af0-92f2-5086feca4e1d', 285, '2020-12-08 08:57:25', 'Periksa hamil', 'BPJS'),
('9e37cb88-1c67-4384-9c75-f2c2a6b2eaa4', 'f6fe646c-039c-4a78-9951-a0a602ab0f04', '8ac98f19-6cb4-4af0-92f2-5086feca4e1d', 152, '2020-11-18 10:03:04', 'pusing badan terasa panas dingin', 'BPJS'),
('9e8a5581-122c-4090-8022-57fc59015ae2', 'c401d3cd-3ca8-45e4-a25f-f1824762859d', '0c4e688e-f0bf-4acb-af36-9dd51742e290', 145, '2020-11-18 09:12:33', 'Sakit dipundak riwayat DM', 'BPJS'),
('9ea6c7a2-7914-441e-8c21-b91332f36ebb', '8efc74d9-db53-4e0f-9188-ecbf599159db', '0c4e688e-f0bf-4acb-af36-9dd51742e290', 342, '2020-12-18 09:56:02', 'Mencret2', 'Umum'),
('9f2de68f-dc97-4266-aadd-661ebb8c6e6d', 'b73b41cc-8a26-4657-a530-463994b6d6fb', '0c4e688e-f0bf-4acb-af36-9dd51742e290', 0, '2020-12-04 08:08:28', 'Kontrol jiwa,ambil obat jiwa', 'BPJS'),
('a01d7de2-c2b0-4b61-ba74-188fadcd2e42', '3a4f2c3c-7878-4687-b442-a4e33f937770', '5dcec834-9602-4b00-8a51-8ed5d4c7ca3d', 347, '2020-12-18 10:12:10', 'Pusing', 'BPJS'),
('a04b515a-9d08-4160-8d7f-8dc9d6dcc40e', '4d992b6b-3598-4028-85d4-c43443eefe47', '0c4e688e-f0bf-4acb-af36-9dd51742e290', 0, '2020-11-06 09:17:49', 'Catin', 'Umum'),
('a0ac15c5-afff-448f-aea8-a7caf4fc4b07', 'cd8089eb-13a6-4e85-a94a-90b67e3cb222', '0c4e688e-f0bf-4acb-af36-9dd51742e290', 305, '2020-12-11 09:13:14', 'Lemas pada kaki', 'BPJS'),
('a198abb1-bbb7-4118-b75a-384dba9a0f40', '3840cca4-41b5-4960-8c83-b48585bc1298', '8ac98f19-6cb4-4af0-92f2-5086feca4e1d', 0, '2020-11-11 09:08:31', 'Kontrol kehamilan', 'BPJS'),
('a1c3fce3-2451-4d2c-8d3b-fa23be8eee7e', '92f609f6-9fa5-4583-b697-7d4e41f541a4', '0c4e688e-f0bf-4acb-af36-9dd51742e290', 320, '2020-12-12 09:30:58', 'Sakit pinggang', 'Umum'),
('a1d68796-8bef-45ae-aada-cfa5f70274dc', 'b5666dea-32fa-45b7-b4ae-f7f600b71d3f', '8100946b-da48-402d-8d9f-278b9282dad1', 0, '2020-11-12 08:39:28', 'Sakit telinga', 'BPJS'),
('a22e1c8b-0e04-4fc4-827b-ec70a7f7268e', '46f2e974-d543-4b8b-958e-da6a1d75d3b7', '0c4e688e-f0bf-4acb-af36-9dd51742e290', 0, '2020-12-04 10:18:53', 'Catin', 'Umum'),
('a26dba7c-9a26-4def-b8ad-735dcc789400', 'b73b41cc-8a26-4657-a530-463994b6d6fb', '0c4e688e-f0bf-4acb-af36-9dd51742e290', 167, '2020-11-20 08:23:57', 'Kontrol jiwa', 'BPJS'),
('a3233296-a50d-4f38-bb43-13a46ae6886d', 'bc28f8c0-a61b-448c-820a-b53ddcac229b', '0c4e688e-f0bf-4acb-af36-9dd51742e290', 0, '2020-11-09 09:13:35', 'Sakit di hidung ,batuk pilek', 'BPJS'),
('a3af9ba3-8c48-4955-a8bb-087322239089', '4fed0cf4-a53a-46dd-8881-75a19a9e6817', '0c4e688e-f0bf-4acb-af36-9dd51742e290', 0, '2020-11-06 09:32:18', 'Catin', 'Umum'),
('a510036b-b4c4-45bd-aa87-362ab9326b1a', '739a4f30-4269-44b0-8ff8-3e1857178fe5', '0c4e688e-f0bf-4acb-af36-9dd51742e290', 249, '2020-11-27 10:05:37', 'Kontrol kaki', 'BPJS'),
('a543832a-3c5e-4714-a73f-cfc557f367c6', '296c8fc9-dae5-4242-9033-3ab489b85a47', '0c4e688e-f0bf-4acb-af36-9dd51742e290', 321, '2020-12-12 09:44:28', 'Kontrol jahitan', 'BPJS'),
('a5e14c80-8e55-445d-88a3-bb8fb609c333', '709693df-a3e4-4bdd-976a-d97f80abd302', '8ac98f19-6cb4-4af0-92f2-5086feca4e1d', 0, '2020-12-04 08:38:47', 'Kontrol hamil', 'Umum'),
('a65afe7c-25ab-457e-90d7-792a9d9ef999', 'b1f4484a-c99c-4d09-9542-0969b5f49978', '0c4e688e-f0bf-4acb-af36-9dd51742e290', 206, '2020-11-23 09:53:48', 'Lutut sakit dan kepala pusing', 'BPJS'),
('a68120be-c2c3-4b28-a0e2-6f084c8b16a8', '38867e7d-d025-4fa4-97dc-18d3749c058d', '8ac98f19-6cb4-4af0-92f2-5086feca4e1d', 385, '2020-12-26 08:55:08', 'Kontrol hamil', 'BPJS'),
('a6df86fb-d928-4440-9ef4-b38f564b373f', 'f782b78d-97c8-41ce-8011-db00fed2f227', '0c4e688e-f0bf-4acb-af36-9dd51742e290', 319, '2020-12-12 08:46:11', 'Sakit lutut', 'BPJS'),
('a6ead389-eff1-4957-b11d-8d8f1f25c83f', '9a4696ae-5c4b-4fba-a1b4-fd9b0e3e161a', '0c4e688e-f0bf-4acb-af36-9dd51742e290', 0, '2020-11-28 10:48:08', 'Lemas,gatal2 susah tidur', 'Umum'),
('a78c84dd-cacc-4435-a281-c3f1eb60814b', '1873fb2e-cc27-41c2-8c33-2df70d5f62c6', '0c4e688e-f0bf-4acb-af36-9dd51742e290', 243, '2020-11-27 09:33:00', 'Kontrol dm', 'BPJS'),
('a82bd02b-856b-41c0-956d-38796962679f', '5953e3c6-2b0b-4751-9d5b-7d310c797db4', '8ac98f19-6cb4-4af0-92f2-5086feca4e1d', 0, '2020-11-06 09:10:52', 'Kontrol hamil', 'BPJS'),
('a91cc147-7953-4483-bc3a-341c69428624', '4b1b2cb1-d895-4220-a2fc-ae5f5294573e', '0c4e688e-f0bf-4acb-af36-9dd51742e290', 0, '2020-11-14 08:39:15', 'Kontrol ulang', 'BPJS'),
('aa304d55-c9ad-4ec6-bf1a-fe08671c71e8', 'ce946565-60a1-48e5-acdc-f756d3c7e7cb', '0c4e688e-f0bf-4acb-af36-9dd51742e290', 0, '2020-11-21 08:49:11', 'Pusing,punggang sakit sampai kurang lebih 2 bulan', 'Umum'),
('ab312343-97ab-49f9-ade4-e9746b74caaf', 'b1c1f493-4670-47f2-a027-323d1fe13c53', '8ac98f19-6cb4-4af0-92f2-5086feca4e1d', 299, '2020-12-10 11:22:56', 'catin', 'Umum'),
('abc9f71f-1193-49ae-8dac-1089872597ce', '7e6d26f7-f07a-4fa7-9431-b8d23733716c', '8ac98f19-6cb4-4af0-92f2-5086feca4e1d', 294, '2020-12-08 10:38:10', 'Periksa hamil', 'Umum'),
('ac099617-1c0d-4972-b4ea-73ad004a3929', 'c0404d65-1775-42e7-9608-76359458a06c', '0c4e688e-f0bf-4acb-af36-9dd51742e290', 0, '2020-11-06 09:44:07', 'Nyeri ulu hati', 'BPJS'),
('ad4b30e4-4ec5-419b-9f1a-b1ecc1d5572a', 'e10104a4-939f-4017-9be1-694a1b1761d1', '0c4e688e-f0bf-4acb-af36-9dd51742e290', 0, '2020-11-17 08:24:52', 'Sering kencing', 'BPJS'),
('ad545479-0aea-497c-91f9-025f76c00745', '523d85b9-39d5-4aa3-9a01-32e685e5b753', '0c4e688e-f0bf-4acb-af36-9dd51742e290', 0, '2020-11-02 11:24:17', 'Post of hernia', 'BPJS'),
('ae76f052-2700-481f-9ca7-692e639754f8', '621798e2-33aa-4b36-b644-a1f4890d7232', '0c4e688e-f0bf-4acb-af36-9dd51742e290', 0, '2020-11-03 08:45:13', 'kontrol ulang', 'BPJS'),
('ae9b0302-0a5a-4450-9aea-5c8b768332a9', 'e505660e-bc8f-4a71-bcf3-5fbb25be29fd', '0c4e688e-f0bf-4acb-af36-9dd51742e290', 0, '2020-12-04 08:07:35', 'Kontrol jantung', 'BPJS'),
('aec38e4b-7698-468a-aadc-9260226ab23f', 'e622157c-3e3e-4843-8fa0-d1bdcac383fd', '8ac98f19-6cb4-4af0-92f2-5086feca4e1d', 0, '2020-11-20 08:33:27', 'Catin', 'Umum'),
('aee66a30-0573-4daa-aaeb-2d16c5f18178', 'b07fc400-8d4b-47d8-8f3f-cd0c2baa7c53', '0c4e688e-f0bf-4acb-af36-9dd51742e290', 0, '2020-11-03 08:35:22', 'kontrol ulang CAD', 'BPJS'),
('aee93fea-8c55-4a28-b54c-c451d3bd0ea9', 'b72e5f9d-38da-4a8c-9ce2-e1751002530b', '0c4e688e-f0bf-4acb-af36-9dd51742e290', 303, '2020-12-11 09:08:10', 'Kontrol ulang', 'BPJS'),
('af62aeb5-ca1a-4a1b-afa8-fd111a8baaef', 'd9aca619-3e9e-4bf6-a5f7-69ec6ddb304a', '0c4e688e-f0bf-4acb-af36-9dd51742e290', 192, '2020-11-21 11:18:23', 'Demam pusing lemas', 'Umum'),
('b0870753-2b11-495b-a008-a04a3aa74e62', '8789d90d-3d99-4212-8575-80baa8391ff2', '0c4e688e-f0bf-4acb-af36-9dd51742e290', 0, '2020-11-03 09:39:51', 'batuk', 'BPJS'),
('b094208a-a870-4f3b-9984-41b2b375dd51', '8bc8cb5f-64f4-4547-b632-6a4b5c87b5f3', '0c4e688e-f0bf-4acb-af36-9dd51742e290', 148, '2020-11-18 09:33:09', 'sakit dijempol kaki kiri dan tertimpa batu', 'BPJS'),
('b16c368b-024e-439b-b577-93597d4171fb', '95fe6001-905e-4118-be05-46a5c3b45f26', '0c4e688e-f0bf-4acb-af36-9dd51742e290', 0, '2020-11-19 09:41:40', 'Pusing', 'BPJS'),
('b1889a2d-11a5-4976-9221-d1e8d27d7ba3', '31c72f33-08bc-47f5-9861-523a617e17a8', '0c4e688e-f0bf-4acb-af36-9dd51742e290', 179, '2020-11-20 09:33:17', 'Catin', 'Umum'),
('b1892b9f-2da2-4697-b990-956fa917d9a2', '3c58155e-c8b4-4a37-a107-12582ebff902', '0c4e688e-f0bf-4acb-af36-9dd51742e290', 0, '2020-11-10 08:12:03', 'Berat ditengkuk', 'Umum'),
('b1aef3ca-84ad-4f82-8796-33e0cf88c9d2', '992004d3-91f4-49bc-9475-b5aa1480275d', '5dcec834-9602-4b00-8a51-8ed5d4c7ca3d', 0, '2020-11-02 11:39:02', 'Sesak nafas', 'Umum'),
('b1d18c08-1544-4057-856d-855ca7f81b41', 'a992f13d-5058-499b-a363-3b8acd799dd0', '0c4e688e-f0bf-4acb-af36-9dd51742e290', 0, '2020-11-28 08:41:25', 'Demam', 'BPJS'),
('b210c6c0-9248-4f3b-97c2-deef5d01a6ad', 'd169bc6a-8b87-4db9-a08c-1e6f9d09964d', '0c4e688e-f0bf-4acb-af36-9dd51742e290', 168, '2020-11-20 08:29:01', 'Ada benjolan dilutut', 'BPJS'),
('b2c70e77-5c5a-435d-bb10-11d3e24ebe65', 'ba417cc7-11e3-483a-977e-26d4cf767586', '8ac98f19-6cb4-4af0-92f2-5086feca4e1d', 278, '2020-12-03 09:42:10', 'catin', 'Umum'),
('b33dc101-43b6-4728-8a38-4e6e3322ce5a', '5e1f6870-fc8b-43a3-87ea-e49a188b3125', '0c4e688e-f0bf-4acb-af36-9dd51742e290', 214, '2020-11-24 08:43:21', 'Ngilu2 di kaki', 'BPJS'),
('b35c19ec-a6c1-4fd5-aabc-182fc3d9314f', 'b668843b-7631-4af7-814a-dcb38d0b2384', '0c4e688e-f0bf-4acb-af36-9dd51742e290', 251, '2020-11-27 10:26:14', 'Kontrol mata', 'BPJS'),
('b3f520b1-56e5-4f92-9bf9-5d64d2445838', '399e7089-384c-4336-85a8-696c2662dd39', '8ac98f19-6cb4-4af0-92f2-5086feca4e1d', 335, '2020-12-16 09:33:15', 'Suscatin', 'Umum'),
('b41528eb-b742-4edd-9718-4d4500fdbab7', '752a7f76-a862-4752-866b-6bf0d3ae65ac', '0c4e688e-f0bf-4acb-af36-9dd51742e290', 166, '2020-11-20 08:20:17', 'Kontrol jiwa', 'BPJS'),
('b4e375cf-79e1-42a3-b9e6-023b87e85689', '38e4f1ee-0116-4fda-996f-fdd2e2188cd3', '8ac98f19-6cb4-4af0-92f2-5086feca4e1d', 0, '2020-11-16 09:12:11', 'Periksa hamil', 'Umum'),
('b58a5103-df79-4aa9-862e-f861096f34ae', '3441a4b7-2226-4a41-a93c-4fabf18aa78a', '8ac98f19-6cb4-4af0-92f2-5086feca4e1d', 0, '2020-12-04 09:23:21', 'Bongkar implan', 'BPJS'),
('b60acf4c-4cd8-4bb0-aa7f-d62c0b44976c', '93787ad7-d684-4372-9f14-6262ebea7911', '8ac98f19-6cb4-4af0-92f2-5086feca4e1d', 0, '2020-11-11 09:23:12', 'Up implant', 'Umum'),
('b62c933f-575d-4f5c-90fe-b4685e4b02ec', 'd1e50e7c-670a-42c4-82a7-b0578eeb35e9', '0c4e688e-f0bf-4acb-af36-9dd51742e290', 0, '2020-11-07 08:19:56', 'Pusing', 'BPJS'),
('b72d7f7d-dbf4-41ab-b8b2-e09ffe7296a7', 'e300b263-7a19-4d39-ac33-27648880f17f', '5dcec834-9602-4b00-8a51-8ed5d4c7ca3d', 215, '2020-11-24 09:06:25', 'Luka dikaki', 'Umum'),
('b74ffeb4-6c74-4324-80d3-cdc5461c0cc9', 'c4932ecd-1d33-4b79-b6a6-3d27ddcc348c', '8100946b-da48-402d-8d9f-278b9282dad1', 0, '2020-11-11 09:02:07', 'Korengan karena jatuh,dan gatal2 dibagian kepala', 'BPJS'),
('b7a0ba22-1fa7-4a48-ad32-95169e73a702', 'cd053442-839e-44e1-9ec1-6ac062a8c172', '0c4e688e-f0bf-4acb-af36-9dd51742e290', 0, '2020-11-06 10:18:57', 'Mual mual', 'BPJS'),
('b7ca481b-e267-42e9-a297-4738bb276ce0', '5e51a956-bc6d-4159-87fb-2eb4bed23776', '8ac98f19-6cb4-4af0-92f2-5086feca4e1d', 0, '2020-11-09 09:26:18', 'Pusing', 'Umum'),
('b94944af-40e1-4723-8de8-493a303f7a63', 'c7383bba-afae-477e-8d41-f4d99c29127a', '5dcec834-9602-4b00-8a51-8ed5d4c7ca3d', 332, '2020-12-16 08:37:10', 'Sakit perut,sesak', 'BPJS'),
('b9a5a448-58f3-4e2a-8463-031a17148d77', '441ba532-5c0d-443f-86bb-dc8698ba9e5a', '0c4e688e-f0bf-4acb-af36-9dd51742e290', 0, '2020-11-06 10:07:50', 'Gatal-gatal', 'Umum'),
('ba76c37f-2f5e-4888-a6df-e3a052f65374', '5a4a0148-359d-4e46-a081-a0ff98490edb', '0c4e688e-f0bf-4acb-af36-9dd51742e290', 0, '2020-11-13 08:55:02', 'Demam', 'BPJS'),
('bac8aa61-6c45-4e4a-b9f7-0f9e269bcb70', '3f3911b4-628e-4cd3-a64a-88da8dc7ed65', '8ac98f19-6cb4-4af0-92f2-5086feca4e1d', 0, '2020-11-13 08:25:14', 'Cek kandungan', 'Umum'),
('bb5f8fc5-fb3f-4b11-b4c9-fd68ea543178', 'df6cb81f-51b0-4419-b211-ea4163b837a2', '0c4e688e-f0bf-4acb-af36-9dd51742e290', 223, '2020-11-26 08:23:47', 'Kontrol ambil obat tb', 'BPJS'),
('bc6ca1d7-968b-413c-8f11-27638eba7574', 'f782b78d-97c8-41ce-8011-db00fed2f227', '0c4e688e-f0bf-4acb-af36-9dd51742e290', 231, '2020-11-27 07:31:49', 'Ngilu-ngilu pada kaki', 'BPJS'),
('bcd2e590-e214-44db-8bfd-9ba7d8be09c3', 'caa38833-071d-45b9-a16f-659435a972ea', '8ac98f19-6cb4-4af0-92f2-5086feca4e1d', 0, '2020-11-20 08:43:22', 'Kontrol hamil', 'Umum'),
('bce1e62f-d744-499a-80a3-f5497df0a68f', 'c81e550d-962a-4503-a460-759b243ba2f3', '0c4e688e-f0bf-4acb-af36-9dd51742e290', 0, '2020-11-04 08:34:13', 'Nyeri badan kiri', 'BPJS'),
('bce66293-7c5e-4527-bfd4-cf4a53a34f45', '91b69cf1-77d6-46de-aba9-3249486e78d6', '0c4e688e-f0bf-4acb-af36-9dd51742e290', 0, '2020-11-12 07:57:53', 'Nyeri badan', 'BPJS'),
('bd97fb3a-1781-4c4a-adf5-ef9f247f7976', '90d40383-549c-4478-977a-497170bec119', '0c4e688e-f0bf-4acb-af36-9dd51742e290', 282, '2020-12-03 10:38:42', 'gatal gatal', 'Umum'),
('bda75f92-9567-49a2-adf5-c5047e4d08e1', '306fb8a7-23cc-4d16-8dc0-5874d6c5a3ac', '0c4e688e-f0bf-4acb-af36-9dd51742e290', 0, '2020-11-23 09:49:40', 'Sakit kaki', 'Umum'),
('be054917-16fe-497d-a77d-ad6d7c6ea33e', '79fdf59b-7b03-4d6b-821b-5bec3aa62b27', '0c4e688e-f0bf-4acb-af36-9dd51742e290', 0, '2020-11-05 09:04:26', 'Periksa mata', 'BPJS'),
('be50a12b-14e4-40ef-9ce1-529e87367a04', '1306e08e-acf2-49fd-816f-52f6a9fc6625', '8ac98f19-6cb4-4af0-92f2-5086feca4e1d', 322, '2020-12-12 09:51:54', 'Kontrol hamil', 'Umum'),
('be893b27-93e0-4da5-9360-434201284a0e', '8015c126-f872-45c1-9b96-f4e7fec27d52', '0c4e688e-f0bf-4acb-af36-9dd51742e290', 310, '2020-12-11 09:38:31', 'Kontrol mata dan tensi', 'Umum'),
('bea1f457-06c7-4fc0-8d10-ad7d9390e1c7', 'e5d50c97-5d5e-4b45-b98c-a8a375e08b6a', '0c4e688e-f0bf-4acb-af36-9dd51742e290', 175, '2020-11-20 08:55:40', 'Batuk', 'BPJS'),
('bfb3b231-7046-4c67-b25c-c76f0b41c176', 'af5e18f4-cc7e-4803-b2e9-97ffb1dc8997', '0c4e688e-f0bf-4acb-af36-9dd51742e290', 0, '2020-11-05 08:41:09', 'Kontrol luka', 'Umum'),
('bfcebe09-f1cf-4bf6-884f-293765f36463', '4d93b612-1164-4f7c-9be2-78ecdd9fc9a3', '0c4e688e-f0bf-4acb-af36-9dd51742e290', 262, '2020-12-01 08:58:54', 'Lemas, badan gemetar, riwayat DM', 'BPJS'),
('c14a3416-2717-403e-b46d-56489969b485', 'a09ed11e-f65e-41d3-95f4-ec07ed7cfd29', '0c4e688e-f0bf-4acb-af36-9dd51742e290', 232, '2020-11-27 08:18:23', 'Kontrol ulang', 'BPJS'),
('c1786bd5-6e39-484f-991d-73eacbf6c258', 'db9fbf6c-2036-4db5-b51e-ac18e0cd7f47', '0c4e688e-f0bf-4acb-af36-9dd51742e290', 0, '2020-12-01 09:57:32', 'Pusing, mual2, nyeri ulu hati', 'BPJS'),
('c1fbaece-a7bb-4373-8bbb-826f61c0bd84', '6accc4f6-c36c-47ca-80aa-261b66749a47', '0c4e688e-f0bf-4acb-af36-9dd51742e290', 0, '2020-11-06 09:55:02', 'Gatal-gatal', 'BPJS'),
('c29d3db5-4c9b-410b-b505-cef32636e667', 'da347419-a364-4514-89fd-601896e74c03', '0c4e688e-f0bf-4acb-af36-9dd51742e290', 0, '2020-12-04 09:13:56', 'Lemas,kontrol DM', 'BPJS'),
('c5b89670-e265-4bdd-8941-9f98b5009caa', 'f54a45ac-4412-4eab-b981-38f691193105', '8ac98f19-6cb4-4af0-92f2-5086feca4e1d', 0, '2020-12-01 08:41:19', 'Periksa hamil', 'BPJS'),
('c68ff743-b1a8-44fa-b33f-0583da8fc6ef', 'a0df1526-567c-422d-bde5-a93e0c0b5991', '0c4e688e-f0bf-4acb-af36-9dd51742e290', 313, '2020-12-11 10:31:02', 'Demam', 'BPJS'),
('c7af6c6b-8dff-4fa4-9f2a-b6910f13068b', 'ed1add1e-31e6-49e5-809f-3345f40205e2', '0c4e688e-f0bf-4acb-af36-9dd51742e290', 0, '2020-12-04 08:51:00', 'Kontrol tyroid', 'Umum'),
('c88d7222-bb8e-4866-a327-81effb758c72', 'f782b78d-97c8-41ce-8011-db00fed2f227', '0c4e688e-f0bf-4acb-af36-9dd51742e290', 0, '2020-11-14 09:04:19', 'Demam', 'BPJS'),
('cc085fca-60a1-4e59-ae67-0fbc88f0ad05', '94b01e61-97a5-4541-be72-eb259be08508', '0c4e688e-f0bf-4acb-af36-9dd51742e290', 364, '2020-12-22 09:07:26', 'Nyeri seluruh badan', 'BPJS'),
('cc5028a8-b637-4671-81cd-eb30399e2e08', 'cf37fbc1-dddc-477e-b84a-1f9fe1d7974c', '0c4e688e-f0bf-4acb-af36-9dd51742e290', 0, '2020-11-21 08:50:26', 'Batuk berdahak,sering bersin dan pilek', 'Umum'),
('ccf8a717-07ed-4025-ab4c-24d1a752d6af', '3cb7a50c-a67a-40b6-9f00-aa948d1f2912', '0c4e688e-f0bf-4acb-af36-9dd51742e290', 275, '2020-12-03 08:52:56', 'kontrol gula', 'Umum'),
('cd15b549-bebc-420c-a41d-87e2bd07ece5', 'c9d5a06b-c32f-467e-9776-7a71dc700c8d', '0c4e688e-f0bf-4acb-af36-9dd51742e290', 308, '2020-12-11 09:28:11', 'Kontrol darah tinggi', 'BPJS'),
('cdd87121-5aa6-4462-b088-bc214edf609a', 'da347419-a364-4514-89fd-601896e74c03', '0c4e688e-f0bf-4acb-af36-9dd51742e290', 0, '2020-11-17 08:23:26', 'Sesak nafas, sakit pinggang', 'BPJS'),
('cdf50607-e801-45bc-bf48-a8d2cf590fab', '609e2c28-9b9e-4847-bed1-842396f55bd6', '0c4e688e-f0bf-4acb-af36-9dd51742e290', 0, '2020-11-10 09:43:23', 'Luka di kaki sebelah kanan', 'Umum'),
('ce651212-758c-4e4e-934e-39c88ea901fd', '4c9c5cba-4258-4cd3-ab4f-73e0368e69f5', '0c4e688e-f0bf-4acb-af36-9dd51742e290', 0, '2020-11-06 07:59:52', 'Kepala pusing', 'BPJS'),
('cfc2208f-2425-4392-81dd-0e1c9cdbf6ac', 'e44e5ac2-1f98-4880-b1d3-5472e234d735', '0c4e688e-f0bf-4acb-af36-9dd51742e290', 329, '2020-12-16 08:24:58', 'Nyeri payudara', 'BPJS'),
('d04e8527-c76c-48c1-85b0-67ed827ebe9f', 'ac5520c1-a390-4d9b-ac6a-8ac795aea95e', '0c4e688e-f0bf-4acb-af36-9dd51742e290', 0, '2020-11-10 08:21:30', 'Pusing', 'BPJS'),
('d06d1522-c0d2-4034-8b98-2d69e4d4bdd1', 'ac5520c1-a390-4d9b-ac6a-8ac795aea95e', '0c4e688e-f0bf-4acb-af36-9dd51742e290', 0, '2020-11-10 08:43:31', 'Kontrol', 'BPJS'),
('d134ba63-a230-457d-805d-c78acc066b7a', '6645dcee-0f22-4805-a921-7e46e1b6a0f5', '8ac98f19-6cb4-4af0-92f2-5086feca4e1d', 337, '2020-12-16 09:52:57', 'Pasang implant', 'Umum'),
('d19df702-677d-4ccb-b81b-a5568e44aba6', '84757750-1ec1-4f00-913a-375d54c0fd9c', '0c4e688e-f0bf-4acb-af36-9dd51742e290', 0, '2020-11-13 08:16:42', 'Cepat capek', 'BPJS'),
('d1e586d7-0fc3-4b83-89e6-864623314239', 'ca27ff60-63d0-48fe-a144-3ee003875fd5', '0c4e688e-f0bf-4acb-af36-9dd51742e290', 0, '2020-12-02 09:23:01', 'kontrol gula darah', 'BPJS'),
('d2efbddf-d370-448e-b144-7cc1b805a464', '3d5d4d63-928f-44c2-9392-bad8a08a4932', '8ac98f19-6cb4-4af0-92f2-5086feca4e1d', 0, '2020-12-04 10:23:03', 'Catin', 'Umum'),
('d2f21d2a-510a-4ee9-999d-0b0734236ad8', '4d2faa69-e31f-4e34-b325-04b1226448b9', '0c4e688e-f0bf-4acb-af36-9dd51742e290', 0, '2020-11-13 09:22:38', 'Pusing,berat ditengkuk', 'BPJS'),
('d48af2d4-6fce-44a5-bec7-772f83ffc958', '2618c02e-76c6-4532-a35b-f390cb29820b', '0c4e688e-f0bf-4acb-af36-9dd51742e290', 0, '2020-11-04 09:22:39', 'Pegal pegal seluruh badan', 'BPJS'),
('d4d3215d-6014-492c-bb52-d76bc9d2d297', '3f8b1648-9f9b-4e3a-b172-88abcf0d899e', '0c4e688e-f0bf-4acb-af36-9dd51742e290', 0, '2020-11-12 09:49:14', 'Kontrol mata', 'BPJS'),
('d58cd971-b3a9-4b42-ba6a-dfdef8d6c043', '93a983bf-1520-419b-b634-8034f9fe4a99', '0c4e688e-f0bf-4acb-af36-9dd51742e290', 240, '2020-11-27 09:24:51', 'Batuk', 'BPJS'),
('d6e021ed-c8f1-461d-a5bc-c09c1e8fa3c2', 'b73b41cc-8a26-4657-a530-463994b6d6fb', '0c4e688e-f0bf-4acb-af36-9dd51742e290', 380, '2020-12-23 10:33:17', 'Gatal gatal', 'Umum'),
('d702d398-7d41-4ca9-ae52-e60a8eb8d755', 'aa110966-a606-4a00-b50f-35f342afcc5b', '0c4e688e-f0bf-4acb-af36-9dd51742e290', 0, '2020-11-03 09:34:22', 'batuk,sesak nafas', 'Umum'),
('d743b1d7-c7aa-4502-9cfc-b2a4fe618dee', 'ebf36ff1-1dfe-4eec-ae85-27973099081b', '0c4e688e-f0bf-4acb-af36-9dd51742e290', 149, '2020-11-18 09:38:12', 'Kesemutan dikaki dan pusing', 'BPJS'),
('da73743a-b91e-41ca-b936-6d2b3f70fe40', 'bd4fc392-fbe0-4036-8adc-02a7f7afb7b1', '0c4e688e-f0bf-4acb-af36-9dd51742e290', 229, '2020-11-26 10:00:21', 'Kutu air di kaki', 'BPJS'),
('da8b17f9-a359-4ccd-95cf-8688e3e11ec1', '5392fdd3-e78d-4605-8dc3-f1a42fd98676', '0c4e688e-f0bf-4acb-af36-9dd51742e290', 0, '2020-11-06 10:38:57', 'Catin', 'Umum'),
('daa2c795-c962-4223-a548-8ba5e63f7757', '851dfa33-7512-44df-a6e7-666785ab4c26', '0c4e688e-f0bf-4acb-af36-9dd51742e290', 0, '2020-12-04 09:51:07', 'Nyeri dada', 'BPJS'),
('dad5d95d-466d-4391-a1fe-9c8a7ab675c9', '864287d2-c094-499a-9632-e3835da79deb', '0c4e688e-f0bf-4acb-af36-9dd51742e290', 0, '2020-12-04 08:47:15', 'Demam,pusing', 'Umum'),
('daf8ab06-a1a6-4a67-9c38-9359c58b10c8', 'e2817ebe-9155-4845-951e-146580579380', '0c4e688e-f0bf-4acb-af36-9dd51742e290', 0, '2020-11-10 08:15:05', 'Sakit pinggang', 'Umum'),
('db40a915-84b0-40ed-8ad1-fba67c46fcd9', '288eee7c-0d1f-4f62-a6b7-afae3a4e1d4c', '0c4e688e-f0bf-4acb-af36-9dd51742e290', 0, '2020-11-11 08:06:59', 'Pusing,mual', 'BPJS'),
('dc3ae45b-11bc-4edb-98a5-8c95725f7411', 'fac695a5-707d-441d-b8c2-a5fe662c27af', '0c4e688e-f0bf-4acb-af36-9dd51742e290', 368, '2020-12-23 08:33:11', 'Cek gula darah', 'BPJS'),
('de441708-e3d9-4bc5-a25f-9a32c1286b32', 'a924c699-a1b8-43ea-a26b-7567505e0fda', 'f9cfc838-0aa5-47b5-814b-01306b1d1068', 258, '2020-12-01 08:21:16', 'Mules2, mau melahirkan', 'BPJS'),
('de447635-6d7e-4a23-8d6f-2bb652b00d36', 'f9b5a27b-16d2-4294-9782-6afe561c5716', '8ac98f19-6cb4-4af0-92f2-5086feca4e1d', 376, '2020-12-23 10:10:53', 'Kontrol kehamilan', 'BPJS'),
('decd6c58-9b3b-45d8-80d6-13e649551542', 'de04a875-8511-42e1-a804-9c7a9f7280c3', '0c4e688e-f0bf-4acb-af36-9dd51742e290', 239, '2020-11-27 09:21:49', 'Kontrol tensi', 'BPJS'),
('df52aa0a-671b-4b73-a500-24382ef09034', 'de758c64-b4a0-4496-b7c3-be2d897f4d46', '8ac98f19-6cb4-4af0-92f2-5086feca4e1d', 0, '2020-11-06 09:24:56', 'Kontrol hamil', 'BPJS'),
('e2466bd3-cdb6-4fb4-bce2-500d888e8cf2', 'a78ec7df-e8ef-47fb-ab78-f7328cbcd48b', '8ac98f19-6cb4-4af0-92f2-5086feca4e1d', 0, '2020-11-09 10:08:24', 'Catin', 'Umum'),
('e289f4b7-ed6e-4e02-b383-289d00a30054', '48252131-c3bc-4dcc-982a-ce7ba50be997', '0c4e688e-f0bf-4acb-af36-9dd51742e290', 0, '2020-11-04 08:50:14', 'Nyeri di lutut', 'BPJS'),
('e30118dd-18f2-4f71-bd4f-5c588ec285e4', 'db9fbf6c-2036-4db5-b51e-ac18e0cd7f47', '0c4e688e-f0bf-4acb-af36-9dd51742e290', 0, '2020-11-19 09:33:13', 'Pusing', 'BPJS'),
('e302d495-57bb-4fd4-bf66-e1a133b92c90', '659fa6b6-b705-4435-918e-7ba95bbfcd42', '8100946b-da48-402d-8d9f-278b9282dad1', 0, '2020-11-07 08:16:11', 'Flu', 'BPJS'),
('e34a703f-f3f2-4501-a636-7be7b9513c85', '1873fb2e-cc27-41c2-8c33-2df70d5f62c6', '0c4e688e-f0bf-4acb-af36-9dd51742e290', 0, '2020-12-04 09:52:12', 'Kontrol DM', 'BPJS'),
('e3e658ed-427c-44af-a502-3c63a26901be', '07637573-b9b7-407a-b4f8-948ad1cc0058', '0c4e688e-f0bf-4acb-af36-9dd51742e290', 0, '2020-11-06 10:21:29', 'Demam', 'Umum'),
('e53df4a2-ef7a-4094-b237-911e9a1911cf', '3ee9a631-32ab-4776-8512-17c58ccb2e06', '0c4e688e-f0bf-4acb-af36-9dd51742e290', 0, '2020-11-13 08:13:12', 'Pusing', 'BPJS'),
('e55ea94e-6473-402f-9b9b-c5b137118cee', 'a09ed11e-f65e-41d3-95f4-ec07ed7cfd29', '0c4e688e-f0bf-4acb-af36-9dd51742e290', 0, '2020-11-03 10:51:38', 'sesak nafas', 'BPJS'),
('e5abf20f-63c1-4354-912a-4f7ce80d9519', '9235ac83-8649-4d6d-b2fe-0f4ef1e70b90', '0c4e688e-f0bf-4acb-af36-9dd51742e290', 0, '2020-11-10 08:50:13', 'Sakit di telinga', 'BPJS'),
('e6787434-9471-43c4-b257-fe48f003747c', '48c1c197-9b15-45d1-a1bf-4bc6c83a2ca6', '8ac98f19-6cb4-4af0-92f2-5086feca4e1d', 0, '2020-11-11 09:04:59', 'Pusing mual muntah', 'BPJS'),
('e7cae9fd-1aa8-403c-96c9-3d0f9453e168', '84920600-0fa4-44e0-84af-9e33d3fadadc', '0c4e688e-f0bf-4acb-af36-9dd51742e290', 0, '2020-11-10 09:11:13', 'Pusing,batuk pilek', 'BPJS'),
('e7cd3ba4-64fb-4f9b-ab1a-d250eafcdfd9', 'bf603dfa-eb69-4837-97f9-f2cb6c4d4b0f', '0c4e688e-f0bf-4acb-af36-9dd51742e290', 140, '2020-11-17 10:23:17', 'Kurang nafsu makan,badan lemas', 'Umum'),
('e895f7ac-d3e8-4461-9d9f-6536c47eb235', '0d0e09c6-f23d-4cd5-afd9-59b07d5dcca9', '0c4e688e-f0bf-4acb-af36-9dd51742e290', 0, '2020-11-14 08:41:57', 'Gatal-gatal', 'BPJS'),
('ea3b6c77-f97f-4a03-95b0-4a4b2d690d0e', '8f810e4b-798f-4ddd-962d-6be1d823c30c', '8ac98f19-6cb4-4af0-92f2-5086feca4e1d', 0, '2020-11-12 08:20:41', 'pendarahan', 'BPJS'),
('eaa0b808-4901-404f-8fc5-aa930e5e592c', 'd96f2a03-33b6-4b25-90ab-0cbd36b11724', '0c4e688e-f0bf-4acb-af36-9dd51742e290', 0, '2020-11-02 09:32:24', 'Kontrol ulang', 'BPJS'),
('eb441095-c9ba-4f85-88c5-54fcc0a3413e', '9f7e7490-a899-44e9-abfc-a622bd765a07', '0c4e688e-f0bf-4acb-af36-9dd51742e290', 0, '2020-11-04 08:57:42', 'Pusing', 'BPJS'),
('edc729df-74d2-4e6d-97e4-59f7da61102c', '5bfde599-4241-4dcf-9b0c-cda925695e21', '0c4e688e-f0bf-4acb-af36-9dd51742e290', 0, '2020-11-04 09:18:29', 'Demam', 'Umum'),
('eeb46d71-85f3-47bf-9d96-36e50cca2904', '7fb20a9e-c54c-4138-9462-ff99bb50f2a3', '0c4e688e-f0bf-4acb-af36-9dd51742e290', 0, '2020-11-14 09:02:09', 'Pusing', 'BPJS'),
('ef8a38da-00c5-4f06-9ea0-c55eaf6c2d23', 'f92eb3b7-e83f-46ca-8b74-b84978e0681a', '8ac98f19-6cb4-4af0-92f2-5086feca4e1d', 0, '2020-11-23 09:41:17', 'Periksa hamil', 'Umum'),
('efb36c94-ad7e-47c0-9567-5bacd3fc1efb', 'bad99b0e-c2a0-4eda-894c-1f6e23aee806', '8100946b-da48-402d-8d9f-278b9282dad1', 0, '2020-11-06 10:31:23', 'Talasemia', 'BPJS'),
('f183a2e2-ba1a-419d-a4dd-25ee1cc02b35', '57501365-8f30-4e6d-a38f-ff4f58565560', '0c4e688e-f0bf-4acb-af36-9dd51742e290', 242, '2020-11-27 09:30:28', 'Nyeri dada', 'BPJS'),
('f25125f1-57f2-43a0-bd95-cfe6e8262074', 'a54f2f27-5077-4c96-9066-25be7a767895', '8100946b-da48-402d-8d9f-278b9282dad1', 314, '2020-12-11 10:47:07', 'Ambil rujukan', 'BPJS'),
('f295634d-a2b8-4a4a-95a0-39b10680e21d', '1a90854a-6e7b-4d59-a303-f3c89e67eff2', '0c4e688e-f0bf-4acb-af36-9dd51742e290', 0, '2020-11-20 08:35:50', 'Catin', 'Umum'),
('f2e50f28-cf7f-46c0-bfc6-71bec952bca2', '6b77c52f-0bc2-414f-9b73-b8d193336974', '0c4e688e-f0bf-4acb-af36-9dd51742e290', 0, '2020-11-19 09:20:43', 'Telinga berdengung', 'BPJS'),
('f34c199d-fd64-4e5f-9a8a-e0c33a955a99', 'ede668b6-e6d4-4a81-980b-89487d7e169b', '0c4e688e-f0bf-4acb-af36-9dd51742e290', 0, '2020-11-03 08:30:17', 'kontrol ulang jiwa', 'BPJS'),
('f3be84f6-c0c4-42f6-8140-f05b79042d33', 'e0563cb0-2472-4f15-9b46-45bd6f68fb9b', '0c4e688e-f0bf-4acb-af36-9dd51742e290', 0, '2020-11-14 09:10:22', 'Kontrol mata', 'Umum'),
('f3d6f6b5-4976-4bb9-a4c1-d10c4c07a6d2', '68e00a2d-0439-46f1-9cc4-7d60043ee70a', '0c4e688e-f0bf-4acb-af36-9dd51742e290', 0, '2020-11-23 09:01:50', 'Darah tinggi,kolestrol,gatel', 'BPJS'),
('f3fda51b-b3c0-4e75-a8d3-6c4aae6161d9', '288eee7c-0d1f-4f62-a6b7-afae3a4e1d4c', '0c4e688e-f0bf-4acb-af36-9dd51742e290', 356, '2020-12-19 09:04:35', 'Mual muntah', 'BPJS'),
('f4ef574c-f648-45c4-b768-5cbd49af515e', '36579f31-3c47-4549-819f-bcfd1731c361', '0c4e688e-f0bf-4acb-af36-9dd51742e290', 0, '2020-11-14 09:42:04', 'Kontrol darah tinggi', 'BPJS'),
('f5469614-ff45-4122-84e3-7bc43ecf3ce9', 'b1c1f493-4670-47f2-a027-323d1fe13c53', '0c4e688e-f0bf-4acb-af36-9dd51742e290', 300, '2020-12-10 11:25:38', 'catin', 'Umum'),
('f54cacf8-6898-4566-87ca-4ee973ca3f9e', '95fb0882-2d21-4a50-ac60-1c40d7b83598', '8ac98f19-6cb4-4af0-92f2-5086feca4e1d', 0, '2020-11-06 10:34:44', 'Catin', 'BPJS'),
('f64215bb-443c-4b1c-8deb-c31c24f9cb21', '9f4eb1f5-ed26-4a94-8b7b-77318e0de82c', '0c4e688e-f0bf-4acb-af36-9dd51742e290', 0, '2020-11-23 09:05:10', 'Kontrol TB', 'BPJS'),
('f66a5d7f-6237-4232-8e0f-c541075f39d8', '0b7d7425-8d8c-4930-aadf-4bd75a3d0059', '0c4e688e-f0bf-4acb-af36-9dd51742e290', 241, '2020-11-27 09:28:10', 'Kontrol ulang', 'BPJS'),
('f8638e99-c8ec-4938-8774-692ee2d54be6', 'f6c5f92d-5ce7-4bde-b118-0e2706c5d507', '0c4e688e-f0bf-4acb-af36-9dd51742e290', 0, '2020-11-21 08:44:22', 'Batuk berdahak,sering berkeringat malam dan sering menggigil', 'BPJS'),
('f907bf22-a825-475d-8bda-c104380a08eb', '6dc2ed61-ecb8-4301-9671-98771640ec92', '0c4e688e-f0bf-4acb-af36-9dd51742e290', 0, '2020-11-06 10:00:36', 'Pusing', 'Umum'),
('fa366ba5-29b1-49b5-9e0f-adaeae8d0df4', '2519f8f0-4934-426a-9ade-b68d10f8776b', '0c4e688e-f0bf-4acb-af36-9dd51742e290', 0, '2020-11-10 09:05:00', 'Pusing,kaki ngilu2,tangan kesemutan', 'BPJS'),
('fa98c177-464d-431f-8790-e791af7896ec', '44ff8b2d-950d-4643-9e48-22f2a894e839', '5dcec834-9602-4b00-8a51-8ed5d4c7ca3d', 0, '2020-11-06 10:12:38', 'Sesak napas', 'BPJS'),
('fad0434f-ca53-48d6-abce-873ae7163420', '76dd1bf4-b891-401a-a9d8-b9b41d6401eb', '5dcec834-9602-4b00-8a51-8ed5d4c7ca3d', 0, '2020-11-14 08:59:57', 'BAB cair bercampur darah', 'BPJS'),
('fb2a450a-0a1e-4c65-a1e2-3fa8353d12e6', 'ba417cc7-11e3-483a-977e-26d4cf767586', '8ac98f19-6cb4-4af0-92f2-5086feca4e1d', 276, '2020-12-03 08:59:25', 'kontrol hamil usg', 'Umum'),
('fb7b25c2-4596-41e4-b768-8013cb1ba7f0', '9e0b4946-7a57-414b-b386-7025b9610a8f', 'f9cfc838-0aa5-47b5-814b-01306b1d1068', 213, '2020-11-24 08:40:09', 'Melahirkan', 'BPJS'),
('fbe36ff3-a4bc-4018-8215-bac61edf9957', 'e3a77239-543e-48c7-a7c1-37dbb787aa86', '0c4e688e-f0bf-4acb-af36-9dd51742e290', 0, '2020-11-10 09:59:14', 'Kepala pusing, badan menggigil, tidak nafsu makan', 'Umum'),
('fc0fcee4-24e0-452c-8d96-bdca4fd8f0ee', 'c5ad3df6-93cd-4794-911a-b34dde0c1ca0', '0c4e688e-f0bf-4acb-af36-9dd51742e290', 389, '2020-12-26 09:40:10', 'Kontrol', 'BPJS'),
('fcdcb5e2-6b3a-4206-91ec-569c7f8fc3dd', '3492c818-f3e1-47b5-9659-4162f241d619', '8100946b-da48-402d-8d9f-278b9282dad1', 341, '2020-12-18 09:49:06', 'Batuk,demam', 'Umum'),
('fe16d575-08ba-47e5-8a78-51213ab74927', '1569043d-d7de-410a-8433-aa0bd930dfbd', '0c4e688e-f0bf-4acb-af36-9dd51742e290', 346, '2020-12-18 10:10:08', 'Demam', 'BPJS'),
('fe794d00-9ac7-457e-9f6f-93c4bbc90bb4', '5b91b45e-cc21-4533-b958-d8e09760e5dd', '8ac98f19-6cb4-4af0-92f2-5086feca4e1d', 237, '2020-11-27 09:16:26', 'Suntik kb', 'BPJS'),
('fec07949-5d3c-4b02-9db8-2c764bc4b364', '0263cbd6-1013-4e56-891c-f3581f02302a', '0c4e688e-f0bf-4acb-af36-9dd51742e290', 0, '2020-11-07 08:12:32', 'Lemas', 'BPJS'),
('fef7e8f1-6b52-4397-8ef2-1fe92f3a12bf', '1873fb2e-cc27-41c2-8c33-2df70d5f62c6', '8ac98f19-6cb4-4af0-92f2-5086feca4e1d', 374, '2020-12-23 09:09:54', 'Keputihan', 'BPJS'),
('ff109b49-b118-4676-ba51-d2b1838c22f6', '40ab2e52-7487-4b05-943b-f0524a637fa1', '8100946b-da48-402d-8d9f-278b9282dad1', 362, '2020-12-22 09:01:37', 'Kontrol ulang post colostomy', 'BPJS'),
('ff1c5f7e-f86f-497b-a9d6-dc7cffbe8cd7', 'c1290328-8853-4d1e-bb14-b9b1d1f3a26a', '0c4e688e-f0bf-4acb-af36-9dd51742e290', 0, '2020-11-13 08:03:21', 'Kontrol ulang', 'Umum');

-- --------------------------------------------------------

--
-- Table structure for table `tb_obat`
--

CREATE TABLE `tb_obat` (
  `id_obat` varchar(50) NOT NULL,
  `nama_obat` varchar(200) NOT NULL,
  `stok` mediumint(8) NOT NULL,
  `harga` int(12) NOT NULL,
  `exp_date` date NOT NULL
) ENGINE=InnoDB DEFAULT CHARSET=utf8mb4;

--
-- Dumping data for table `tb_obat`
--

INSERT INTO `tb_obat` (`id_obat`, `nama_obat`, `stok`, `harga`, `exp_date`) VALUES
('00aa1bb0-7b46-40bc-9e34-00b09584b2b2', 'Vitamin K Inj', 299, 100, '2021-05-31'),
('04aa4a88-52c7-44ba-a244-dbf5ea285b17', 'Amoxicillin trihydrate sirup kering 125mg/5ml', 247, 0, '2021-04-30'),
('052cf09a-0eb1-467e-9f88-d4689618cb08', 'Antasida DOEN tablet', 3945, 100, '2022-06-30'),
('06d11805-7fb3-4eee-859a-d6aeb9a4ce6b', 'Alat suntik 3 ml', 382, 0, '2021-03-31'),
('09321097-ddcb-4f04-9597-b841a95a2397', 'zink tab', 1966, 0, '2020-12-17'),
('09af33d5-c83e-40e3-84bf-2a9bb74df99d', 'Bisacodyl (Dulcolax) 10mg suppositoria', 8, 100, '2021-10-31'),
('0aebc2d5-7e9f-466e-afde-3065520c0c6c', 'Infus RL', 256, 0, '2022-05-31'),
('0c08b933-dde2-487f-bc02-4c54ad65facf', 'Ceterizine sirup', 106, 0, '2021-04-30'),
('0dcaa3fe-4f68-4a54-a9a3-67c2d6386b48', 'vitamin B compleks', 2384, 0, '2022-02-17'),
('12c1bda0-be50-42df-b91c-1ac1c487bc1b', 'Catgut Plain 3/0 DS 20', 12, 0, '2023-04-30'),
('13a87b71-cf55-4042-a36e-5603931bb19e', 'Masker', 61, 0, '2020-11-02'),
('15271792-f508-45b2-824a-3d6511f149c6', 'Vitamin B6 10mg', 2013, 100, '2021-03-31'),
('16568304-1b60-4486-a717-0ed49661cec0', 'Dexamethasone inj', 108, 100, '2021-03-31'),
('18a302b8-d5e3-43bb-bb5d-513f19f80bf9', 'Salep 2-4', 47, 100, '2024-01-31'),
('1a595d45-00ae-4c56-b5d7-149c3b37db3e', 'Desinfektan', 40, 0, '2020-11-02'),
('1aae3ad6-8c35-4297-b73d-0d0d3169dcff', 'Amitriptyline hydrochloride 25mg', 240, 100, '2023-03-31'),
('1b274250-e3c3-4b5a-b581-efaa776995ad', 'Ranitidine 150mg tablet', 2055, 100, '2021-05-31'),
('1c7af7e3-cb09-414e-94f2-186affe5d64e', 'Asam tranexamatinj', 14, 0, '2021-03-31'),
('1d34434e-5220-44e2-8fa1-290a8b60874b', 'Furosemide tablet', 658, 100, '2022-01-01'),
('20204fff-aef0-4c21-b5bd-6c374aec1e2d', 'Clobazam', 499, 100, '2021-11-30'),
('24577813-23ed-4ae0-a48e-4e4df5a9878c', 'simvastatin 10 mg tab', 1526, 0, '2021-03-17'),
('2ab51b07-cbeb-470c-b2a0-56edad278a77', 'Rivanol', 50, 0, '2023-01-31'),
('2ebe468a-11d7-4ef1-80f9-c18b4bf8d7c5', 'Fenobarbital', 83, 100, '2022-09-30'),
('2f69d374-516e-4da1-806f-26be58595793', 'Foley catheter uk 16', 46, 0, '2023-06-30'),
('3051bf40-7b04-4937-975b-64cc02280cb8', 'Salbutamol sirup', 60, 0, '2021-03-31'),
('32e4fa4a-8b73-4df4-9e6a-32aa181d1569', 'Vitamin B 12', 656, 0, '2020-11-02'),
('337504f5-4177-4f15-8de4-54cbbcd3f53c', 'IV chatheter no 20', 264, 0, '2021-01-31'),
('33ec5f7f-bd0d-4114-af31-3f35d5600cf2', 'Kasa steril DRC', 104, 0, '2023-08-31'),
('35d7e65a-41d3-43f8-9390-61cd4c34b055', 'Mini Aspi 80mg', 955, 100, '2021-05-31'),
('38430b1d-13bc-4e50-9b2c-bb470c7dbe45', 'vitamin B 1', 990, 0, '2023-05-17'),
('3bcec813-91cb-495d-b950-512d1b6f1601', 'Hand rub 500ml', 12, 0, '2020-11-01'),
('3f7c5a9f-d5c3-4455-b41d-a3debf2ea5ed', 'IV Canula 24', 48, 0, '2020-11-01'),
('404d278b-145c-4abf-b831-d934f19f7808', 'Gentamisin tetes mata', 22, 0, '2020-11-02'),
('443c7c29-a17b-4920-9cd2-6d26717e1e30', 'Handscoon steril', 300, 0, '2021-06-30'),
('4695600d-cf62-4b95-b3a5-791c955e1cb1', 'Salicyl kalk', 17, 0, '2024-05-31'),
('48d47ce0-7e24-459c-963c-b8c89636f5b5', 'Glimepiride tablet 2mg', 2845, 100, '2022-01-31'),
('49febec6-62b1-4fdc-bee7-da2f8e91fa9f', 'Infus NaCl', 436, 0, '2022-12-31'),
('4a099a6c-3ad0-4564-b2a3-011112f03b9f', 'Biosave', 5, 100, '2021-11-30'),
('4a42ef31-c5c7-4d3f-894e-6a6292d6a684', 'simvastatin 10 mg', 600, 0, '2021-07-31'),
('4b311f27-95e1-42f2-a22b-ccafe753d948', 'Quinine 222mg', 282, 100, '2021-04-30'),
('4c1c3d58-936e-470e-bd26-d36e6792958e', 'Calcium lactate 500mg tablet', 2587, 100, '2022-06-30'),
('4c22184b-022f-4183-8358-20e600feb04b', 'Metronidazole tablet', 912, 100, '2024-02-29'),
('4c2b1f2a-b396-43a4-87f2-14a4c664514e', 'Betamethasone valerate krim 0.1% kulit', 85, 100, '2021-04-30'),
('4c7a014a-d984-4467-8198-669ffb7558cc', 'Atropin', 76, 100, '2021-05-31'),
('4cce359a-7a98-469e-b0c9-6b6c2f14bbf8', 'Haloperidone', 485, 100, '2024-04-30'),
('4d298ddf-e90e-4bb9-a07a-0ad14f21bdce', 'Povidon iodida 60 ml', 18, 0, '2022-03-31'),
('50695f21-23f1-43e5-b0d8-0c24c0fc8114', 'Zinc sirup', 40, 0, '2021-07-31'),
('511c9363-e25d-40cf-a178-004b6d760f4f', 'Amoxicillin trihydrate 250mg/5ml (forte) sirup kering', 72, 0, '2021-08-31'),
('52a424b3-94f3-4cc3-95ba-edb70165b78f', 'Silk Black 3/0 HR 30', 24, 0, '2022-08-31'),
('538b17b5-0b28-4672-a099-2553b90056e5', 'Prednisone 5mg tablet', 1100, 100, '2021-01-31'),
('545e9532-cd27-4abc-bdfa-3b5583bb0d8b', 'Infuset dewasa', 75, 0, '2020-11-02'),
('54ab4c29-1d80-4a59-a391-976702979b0a', 'Metformin 500mg tablet', 3067, 100, '2022-07-31'),
('557b56a0-2a3c-4aca-a77a-80829bfb8a49', 'Nistatin tablet vaginal', 100, 100, '2022-05-31'),
('574dd20f-6f13-4198-94f6-5ffaa0ba5196', 'tetrasiklin 500 mg', 480, 0, '2020-11-17'),
('583982cc-92cf-4145-800e-4f76e043813b', 'Dimenhydrinate tablet 50mg', 187, 100, '2023-06-30'),
('58905602-193d-447c-bed4-51299e6e6777', 'Captopril 25mg tablet', 4702, 100, '2024-02-29'),
('5affbd9f-83f3-41a3-86de-39301b014242', 'Vitamin A 200.000 IU', 45, 100, '2022-04-30'),
('5d0b15d5-9db2-40b6-9413-56d7ea8a5fd7', 'Na asetil', 4515, 0, '2021-04-30'),
('5d5634bb-2b32-44a2-8da2-d46f493f6247', 'Oksitetrasiklin salep mata', 13, 0, '2020-11-02'),
('5e3e15a4-13f3-4cce-944c-0bfb7914f17b', 'Bacti Go', 131, 0, '2020-11-02'),
('5e5ff0f6-6db8-406d-a99a-a31f4c866c87', 'tetrasiklin 500 mg', 0, 0, '2020-11-17'),
('61d11e61-3580-4695-ba26-a9336fccc6f3', 'Alkohol 70% 100ml', 113, 0, '2023-01-31'),
('62d4fcc7-daca-4d6b-8c80-9bfda6d29bda', 'Sarung tangan obgyn', 10, 0, '2020-11-01'),
('630ab971-afb5-4f85-8c9c-48b5205b3655', 'Gentamicin salep kulit', 70, 0, '2020-11-30'),
('63c0b298-4d87-4a18-acc9-619c6bf530e2', 'Infus RL', 420, 0, '2021-07-31'),
('63c69a3b-6ab9-4078-b2fb-27f6c9c46a62', 'Loratadine tablet', 620, 100, '2021-11-30'),
('63cc555d-a4b8-43e4-9191-4e71549fb4cd', 'Attapulgite tablet', 548, 100, '2022-05-31'),
('65d06c4a-2399-4c44-98b3-ec4850cb2b46', 'Kapas pembalut 500 G', 10, 0, '2020-11-01'),
('65f8f3b3-41cc-47d9-9a82-db4868e64928', 'Catgut Plain 3/0 HR 20', 48, 0, '2022-01-31'),
('69da79b3-e6d9-43a6-9226-2a158ffb8a55', 'Cotrimoxazole tab', 700, 100, '2022-11-30'),
('6a6ceb1c-0c83-442d-b94b-c6a0739db9d8', 'Methylergometrine maleate 0.2mg/mL inj i.v/i.m', 150, 100, '2020-11-30'),
('6cc825f7-c2e3-4bf7-b57e-e5708237a5c2', 'Amlodipine besilate 10 mg kaplet', 2010, 0, '2022-07-31'),
('6ceaa1ca-2881-48b1-bd71-2e43445b46f2', 'Foley catheter uk 18', 31, 0, '2022-07-31'),
('70ba8deb-1e94-40fb-b320-50494ded655c', 'Ketoprofen Supp', 27, 100, '2022-03-31'),
('720f65bf-77d2-4e02-94ea-8cee986f203e', 'Difenhidramin inj. Im 10mg/ml', 90, 0, '2021-09-30'),
('73ac8c90-7b34-4d19-9ea0-ffdb11c3cea5', 'Paracetamol drop', 96, 0, '2021-04-30'),
('755683aa-001e-4e63-9063-f0eb164d73cd', 'Alat suntik 2,5 ml', 1018, 0, '2020-11-01'),
('77080c4e-86b6-4ac4-88d3-a999ba57f881', 'Infuset anak', 34, 0, '2023-02-28'),
('78225d60-035e-461f-9816-92ef74ebb190', 'Aminophyline inj 24mg/ml IV', 130, 0, '2021-07-31'),
('793591c6-19bb-42a1-8a22-ba1cb1e4629a', 'Nifedipine tablet 20mg', 60, 100, '2021-05-31'),
('79d35d22-16fb-455d-aca0-86a6f8682446', 'Urin bag', 53, 0, '2023-08-31'),
('7ac96934-95b7-441e-9511-11778cfd2649', 'Acyclovir tablet 400mg', 537, 100, '2021-05-31'),
('7cd424e2-89fa-4cf9-a56b-2b61936f7bcc', 'Vaksin Verorab', 3, 100, '2021-04-30'),
('7dee506d-37af-4bdc-9c50-87c9d261c882', 'Captopril 50mg tablet', 884, 100, '2021-09-30'),
('80ca9bde-7f5f-49f8-b42e-359a20d2417b', 'Amlodipine 10mg', 1913, 100, '2021-08-31'),
('82dfbd44-d4e4-48fe-a8e6-b9bf74847d64', 'Albendazole kaplet 400mg', 1166, 100, '2023-07-31'),
('83df610f-b1f6-4157-8131-954a8f34be41', 'prednisone', 0, 0, '2021-01-17'),
('85666465-68d7-450a-8f6e-6d7395b8c69e', 'Hydrocortisone krim kulit', 70, 100, '2021-07-31'),
('8624ea5a-b7bf-49dc-b915-3e69ca3582cf', 'Acyclovir krim 5% kulit', 102, 100, '2021-05-31'),
('8897bcdd-8bb7-44c4-baf7-5582014052d0', 'Paracetamol sirup', 242, 0, '2022-06-30'),
('88d52782-59bc-4cf9-9033-9f9a32a679c0', 'Metronidazole (Vagizol) Ovula 500mg', 17, 100, '2022-02-28'),
('8a60a650-36e7-420f-b711-b7383c9a0c55', 'Pyrantel pamoate 125mg tablet', 480, 100, '2021-06-30'),
('8ad4e338-a118-4d45-b58e-6f3cf2f7a8ef', 'Alat suntik 2,5 ml', 0, 0, '2020-11-01'),
('8af8ba9c-20bd-4f08-9121-09aecb03fbf5', 'Chloramphenicol (Bufacetine) salep kulit', 64, 100, '2021-05-31'),
('8d06cabb-0ce8-4bbe-be4d-151bbc324b32', 'Paracetamol', 6155, 0, '2021-04-30'),
('915144ca-db65-4783-8560-a14fa1f5eff4', 'Diazepam 2mg', 463, 100, '2023-06-30'),
('916ab9c8-444d-4c71-9d80-f85fc1555d6b', 'Cefadroxil forte sirup', 50, 0, '2021-04-30'),
('92d42e5e-6004-4a25-b2e8-ec075c48cfdc', 'Cetirizine tab 10mg', 1532, 100, '2021-04-30'),
('9313e94d-9137-4ad7-9775-b36240b9b43f', 'Risperidone 2mg', 591, 100, '2023-05-31'),
('93d17df5-36b4-4a0e-8acf-9b04134b9685', 'sianocobalamin vit b 12', 4206, 0, '2023-04-30'),
('95167cec-b45b-4d42-8cdb-9dd436d401a2', 'Catgut Plain 2/0 DS 19', 48, 0, '2020-11-01'),
('9565f789-0b8d-48aa-b16c-ac43253d011f', 'salbutamol 2 mg', 4821, 0, '2021-11-17'),
('9a006afa-31ba-41f0-92d1-29450bf9a35a', 'Natrium Diklofenak 50mg', 4170, 100, '2020-11-30'),
('9a025f0b-4796-448d-8967-316c96421419', 'Aminophylline', 0, 100, '2021-08-31'),
('9c40b9d5-403d-41ff-b674-298a9a4a0d3b', 'Alat suntik 5 ml', 43, 0, '2021-01-31'),
('9c93981a-6bc8-4cb7-ba94-dd72553ef402', 'Triheksifenidil', 648, 100, '2022-08-31'),
('9d8958ae-4a80-42b3-80b3-3438593fd465', 'oralit', 197, 0, '2022-03-31'),
('9f8bb3f1-0ab1-41f7-9b33-2fcf7e086175', 'Acyclovir tablet 200mg', 3209, 100, '2022-09-30'),
('a014f32a-3c06-44c1-9926-09648033e7eb', 'Carbamazepin 200mg', 236, 100, '2023-02-28'),
('a18f82d7-0cbe-4ae7-a528-3c995cec9e20', 'Kapas pembalut 250 G', 12, 0, '2020-11-01'),
('a44faada-fea1-4f0d-ace9-aeebec9f043d', 'Dexamethasone 0.5mg', 966, 100, '2024-02-29'),
('a662add8-4507-4436-89f3-788502cb8a30', 'Vitamin C tab 50mg', 4607, 100, '2021-04-30'),
('a66aca4d-6f35-4ef0-add8-0576abe98f8b', 'Calcium gluconas inj', 9, 0, '2022-01-31'),
('a8626da0-91cc-41e2-966e-ac0de8eb6423', 'Captopril 12.5mg tablet', 2092, 100, '2023-11-30'),
('ab0f504f-3064-4094-a208-c40b4d31df58', 'Glukosa lar. Infus 10 %', 40, 0, '2020-11-02'),
('ae0c177e-6867-4cb6-a0a8-91171606912e', 'Pembalut elastis', 4, 0, '2020-11-01'),
('ae21cb53-cf4e-47ca-8c7a-4ca90a8974d8', 'Antasida doen suspensi', 403, 0, '2021-04-30'),
('afa5df44-7ea1-47cf-ab41-6f8fc847e494', 'Diazepam enema', 30, 100, '2022-02-28'),
('b0a795fc-b8a4-44d4-8cd2-b17121812c67', 'Amoxicilline kapsul 250mg', 1960, 100, '2021-05-31'),
('b1868293-398b-4fa8-af81-e6b7e34489a2', 'Ibuprofen tablet 400mg', 1616, 100, '2021-04-30'),
('b275a370-7093-4dd7-a5ae-5ba7aad41046', 'Klorpromazine', 0, 100, '2020-11-01'),
('b3eb693a-8d91-4242-86bc-8effbabec3e0', 'Aqua proinjeksi steril', 68, 0, '2021-09-30'),
('b43126a1-bca3-43c1-95da-8b43eb50dfeb', 'Diazepam 5mg', 78, 100, '2023-08-31'),
('b4e40232-57db-4046-a021-ce1810747d17', 'obat anti malaria (OAM)', 36, 0, '2021-03-31'),
('b6778915-4ef4-4bbf-b031-b640db1cb01d', 'Doksisiklin', 500, 100, '2022-08-31'),
('b79b13f2-04b4-4f52-8db5-9fade25731c1', 'Povidon iodida 30 ml', 31, 0, '2022-02-28'),
('b8c9e793-6a87-49ee-a966-25f5ea6b6135', 'Biosat', 5, 100, '2022-04-30'),
('b94a3f0b-3803-4450-a795-2141b05dd98f', 'Scabimite (Permethrin) krim 5%', 2, 100, '2024-05-31'),
('ba03c109-d123-4a3e-a4eb-282e2e8fed61', 'IV chatheterr no 18', 2, 0, '2022-09-30'),
('bd12c20c-98b6-418e-8387-83e933ca0db5', 'Hydrochlorothiazide tablet 25mg', 1037, 100, '2022-09-30'),
('bd617a99-e16c-4b67-81db-9185d08db620', 'Telmisartan 40 mg', 20, 0, '2022-03-31'),
('bdb71afe-2090-4c6d-aa0f-90957414dc7a', 'Ketoconazole krim 2% kulit', 56, 100, '2022-04-30'),
('be05fed6-3b25-4954-a2be-b881ecd2160c', 'Asam mefenamat 500 mg kaplet', 9000, 100, '2022-03-31'),
('bef5a44f-4b7c-449f-98e3-81c04106d8fc', 'Cotrimoxazole tablet', 500, 100, '2022-05-31'),
('bf0d252c-16da-44d0-b1fc-a28ca06a3d6a', 'Cefadroxil sirup', 79, 0, '2021-04-30'),
('bf338f58-ce55-4256-9bcb-e5b28105fb1c', 'Cloramfenicole sirup', 50, 0, '2021-08-31'),
('c07f208e-2927-4944-bc7f-c5b026bb8b6d', 'Ipratropium Br 0.5mg- salbutamol 2.5 mg inh (combivent)', 13, 0, '2021-06-30'),
('c24dd23f-d41d-4b0c-96bb-ab18e8a513b7', 'Glimepiride tablet 1mg', 3718, 100, '2022-03-31'),
('c6609864-5c1f-484d-8a65-a74dfb4694a1', 'Gentamicin salep kulit 0.1%', 86, 100, '2022-03-31'),
('c8287f40-2c55-4fe7-9e32-42320d52b6ad', 'Diazepam Injeksi', 73, 100, '2021-11-30'),
('c96a8838-7785-4d9a-b593-1644b5ff2ca7', 'Oxygen masker anak', 0, 0, '2024-07-31'),
('c9c693f9-4289-4afb-a4bd-fd05611fbcdb', 'Chlorpheniramene maleat (CTM) tab 4mg', 4223, 100, '2022-04-30'),
('cb2c3a04-bac3-43e0-99d1-41a85cd0036d', 'Oxygen masker anak', 37, 0, '2024-07-31'),
('cc8fff99-4809-4e3b-b067-6a3ca61b8691', 'Magnesium sulfat inj', 18, 0, '2020-11-30'),
('cce3b226-722c-4253-a0db-599701744ed0', 'Oxytocin Injeksi', 130, 100, '2021-02-28'),
('d00331ed-b8ce-4240-9df4-508ea7483d61', 'simvastatin 20 mg', 1620, 0, '2022-03-31'),
('d0cfabea-112a-4d2d-ac81-66af1586f396', 'Lidocaine compositum inj', 184, 100, '2021-07-31'),
('d35bf8fa-7eb8-4fa1-b1b0-007a1e136c40', 'Propanolol 10mg tablet', 1290, 100, '2021-05-31'),
('d74074e5-e0bc-4808-bdea-1b37924229a4', 'Dextropen sirup', 54, 0, '2021-10-31'),
('d8e1bfd8-1e82-479e-b7d2-9922efc2d42d', 'Chloramphenicol 1% salep mata', 26, 100, '2021-04-30'),
('da4f1df7-e07a-4a4c-8e44-8b0c5a52a24f', 'Bacitracin - Polymyxin B Salep kulit', 167, 100, '2021-11-30'),
('dd707e85-2eef-47fe-8933-2532e8cdad34', 'Chloramphenicole capsule', 978, 100, '2022-04-30'),
('de8f5d55-45ac-456e-9c16-531ab7d7949b', 'Metformin 500mg', 600, 100, '2020-11-30'),
('de970d6e-b3c7-415b-9ff0-1fa0901fea01', 'Glukosa lar. Infus 5%', 80, 0, '2022-05-31'),
('df109fa1-29fc-48d0-9af1-544746368001', 'Griseofulvin', 900, 100, '2021-08-31'),
('e009ce5e-0895-42fe-b7a5-a3f0c85840af', 'Cotrimoxazole sirup', 126, 0, '2022-05-31'),
('e03e5281-3b6a-47bf-8150-f1695a30a161', 'Ibuprofen sirup', 83, 0, '2021-08-31'),
('e040e329-aaba-48b9-b66d-b40985bae7b3', 'Ketokonazol tablet', 1093, 100, '2020-11-30'),
('e0a8c572-cb2f-42aa-979a-458f11db924e', 'Under pad 60x90 cm', 35, 0, '2020-11-02'),
('e3cb9980-d620-4e5d-85c5-50f412da2cec', 'salbutamol 4 mg', 1735, 0, '2022-11-17'),
('e40fcf60-66fa-41ad-9c2a-722054a8e71d', 'Tablet tambah darah', 58348, 0, '2021-04-30'),
('e5085792-7ee5-46df-a058-8278a8fc84fe', 'Epineprin Injeksi', 8, 100, '2020-11-30'),
('e563e0c2-d126-4881-ac11-068317130073', 'Kasa pembalut 4x5 cm', 415, 0, '2020-11-01'),
('e6da7e6b-b569-4045-a638-f8e0ab2d842a', 'Ranitidine tablet 150mg', 2000, 100, '2020-11-30'),
('e71a302e-fbdb-4513-9225-8b6445be47b0', 'Nistatin tablet oral', 270, 100, '2021-04-30'),
('e7af6b7d-8486-417b-84c2-9a8e5f9098af', 'Amlodipine besilate 5 mg tablet', 5600, 100, '2021-04-30'),
('e8ad8b1c-8355-4a06-a1c5-5cdbd836aa74', 'Bisacodyl (Dulcolax) 5mg suppositoria', 24, 100, '2023-03-31'),
('ea5fd180-ed3d-467b-85a6-cc88410fe34f', 'Methylprednisolone 4mg tablet', 5807, 100, '2022-03-31'),
('ebf06a22-d035-406c-a91f-b722ff2e2308', 'Miconazole krim 2% kulit', 60, 100, '2021-12-31'),
('ed06f0ba-b120-460d-8efc-454ecffdca6e', 'Domperidone tablet', 4122, 100, '2021-07-31'),
('f141d29b-6ec5-4084-9ed8-0a813b5ebbdc', 'Plester', 22, 0, '2020-11-01'),
('f36bbed0-019c-4b0d-8996-97d177eeb3ab', 'Antihemoroid suppositoria', 33, 100, '2022-01-31'),
('f3cc059e-6ee4-4dba-921a-2d0b4a668909', 'Nifedipine tablet 10mg', 0, 100, '2023-02-28'),
('f3d6426b-cb96-4b37-9a87-3f4e9acf1148', 'Glibenklamid tablet', 1410, 100, '2023-05-31'),
('f478b1fa-8201-426d-a822-82d909fe06f4', 'Domperidon sirup', 87, 0, '2021-08-31'),
('f4e5a88d-39cd-4646-8736-0380db2c1c12', 'Alkohol swab', 5, 0, '2020-11-02'),
('f5b12e2f-467b-4b83-97ba-305bee5f8d73', 'Primaquine tabet', 141, 100, '2021-05-31'),
('f6f8f0ab-3584-4a6c-9c16-28347df19215', 'Erythromycine', 810, 100, '2021-05-31'),
('f8592f29-c1c1-4551-9889-8bc54687cd0f', 'Methylergometrine 0.125mg tablet salut selaput', 1080, 100, '2022-03-31'),
('f88760a7-a913-477c-a37f-8914bc4c1ead', 'Oxygen masker dewasa', 35, 0, '2020-11-02'),
('f958642c-d254-49f7-83ee-d89b3c092cf8', 'Vitamin B12 inj', 184, 100, '2021-05-31'),
('f9806c1e-a9c8-4af8-bf5c-61cce5813ae8', 'Pyrantel sirup', 50, 0, '2021-03-31'),
('fb27a411-d6fa-4cee-a32f-d787cfd8d1b6', 'Phytomenadione (Vitamin K) 10mg tablet salut gula', 1397, 100, '2021-04-30'),
('fb735a96-a7e8-4fa8-8dee-dfbb98509d69', 'Anti fungi (Whitfield) salep kulit', 65, 100, '2022-03-31'),
('fb8c1457-1f72-4847-9a2e-1cf54edcb6d7', 'Catgut Plain 2/0 HR 20', 48, 0, '2022-08-31'),
('fc89c8e2-c84d-483b-b1ea-91eedacb3a28', 'Gentamisin slp mata', 30, 0, '2020-11-02'),
('fdec2d15-cff9-47dc-973a-ab90463d4b6c', 'Bromhexine (Hustab - P) tablet', 814, 100, '2022-05-31'),
('ff6b8edc-f7a9-4e79-80e0-f1ca95c91c48', 'Amoxicillin trihydrate 500mg kaplet', 8358, 100, '2021-03-31');

-- --------------------------------------------------------

--
-- Table structure for table `tb_obat_pemasok`
--

CREATE TABLE `tb_obat_pemasok` (
  `id_op` varchar(50) NOT NULL,
  `id_obat` varchar(50) NOT NULL,
  `id_pemasok` varchar(50) NOT NULL,
  `tgl_masuk` datetime NOT NULL,
  `stok_awal` mediumint(8) NOT NULL,
  `penambahan` mediumint(8) NOT NULL
) ENGINE=InnoDB DEFAULT CHARSET=utf8mb4;

--
-- Dumping data for table `tb_obat_pemasok`
--

INSERT INTO `tb_obat_pemasok` (`id_op`, `id_obat`, `id_pemasok`, `tgl_masuk`, `stok_awal`, `penambahan`) VALUES
('02a8f669-06b5-49fc-bb29-6e7193d9396d', 'a44faada-fea1-4f0d-ace9-aeebec9f043d', 'b1daf183-2916-4b13-849e-6af71f314dff', '2024-02-29 09:25:39', 0, 966),
('049f2343-1369-4eba-b078-0d1214f6cee6', '1c7af7e3-cb09-414e-94f2-186affe5d64e', 'b1daf183-2916-4b13-849e-6af71f314dff', '2020-11-01 08:26:06', 0, 14),
('05e7cb7d-1617-4d12-b504-57814da334df', '5affbd9f-83f3-41a3-86de-39301b014242', 'b1daf183-2916-4b13-849e-6af71f314dff', '2020-11-02 20:21:31', 0, 45),
('06352ea4-b33a-44b4-9885-eb1261b8b834', 'ab0f504f-3064-4094-a208-c40b4d31df58', 'b1daf183-2916-4b13-849e-6af71f314dff', '2020-11-02 08:38:59', 0, 40),
('066572bf-3054-4676-8ef7-b186e74156fb', '79d35d22-16fb-455d-aca0-86a6f8682446', 'b1daf183-2916-4b13-849e-6af71f314dff', '2020-11-01 08:32:17', 0, 53),
('06f55cae-8b89-48f3-89f5-9f2413aa62db', 'ae0c177e-6867-4cb6-a0a8-91171606912e', 'b1daf183-2916-4b13-849e-6af71f314dff', '2020-11-02 08:02:40', 0, 4),
('0749dc39-dc5c-4d4d-af7d-70ac97c33cfb', '0c08b933-dde2-487f-bc02-4c54ad65facf', 'b1daf183-2916-4b13-849e-6af71f314dff', '2020-11-02 08:48:07', 0, 106),
('077db5bf-2d0e-4add-bca5-a7489d689e30', '4c1c3d58-936e-470e-bd26-d36e6792958e', 'b1daf183-2916-4b13-849e-6af71f314dff', '2020-11-02 20:11:20', 0, 2587),
('07a46f01-51d9-40d2-a9dd-b0cdb1c4edef', '35d7e65a-41d3-43f8-9390-61cd4c34b055', 'b1daf183-2916-4b13-849e-6af71f314dff', '2020-11-02 21:30:34', 0, 965),
('0ba7fd98-a2c9-4e47-8d33-fa3c1c1697f5', '16568304-1b60-4486-a717-0ed49661cec0', 'b1daf183-2916-4b13-849e-6af71f314dff', '2020-11-02 20:04:48', 0, 108),
('0f70e0a8-47fc-46b2-b8b4-9afda40d2667', 'c9c693f9-4289-4afb-a4bd-fd05611fbcdb', 'b1daf183-2916-4b13-849e-6af71f314dff', '2020-11-02 20:16:10', 0, 4233),
('112572ec-c8c1-43bd-a47d-6ba5bdc7caf3', '8af8ba9c-20bd-4f08-9121-09aecb03fbf5', 'b1daf183-2916-4b13-849e-6af71f314dff', '2020-11-02 20:10:21', 0, 64),
('11541278-d24e-4852-bdf8-db44f3192213', 'f478b1fa-8201-426d-a822-82d909fe06f4', 'b1daf183-2916-4b13-849e-6af71f314dff', '2020-11-02 08:53:19', 0, 87),
('12ab68a0-d329-4a1a-b189-9b48cc518671', '2ebe468a-11d7-4ef1-80f9-c18b4bf8d7c5', 'b1daf183-2916-4b13-849e-6af71f314dff', '2020-11-01 20:16:59', 0, 83),
('14de7e83-8bc0-40a6-93f9-241b43dc2348', '62d4fcc7-daca-4d6b-8c80-9bfda6d29bda', 'b1daf183-2916-4b13-849e-6af71f314dff', '2020-11-01 08:19:15', 0, 10),
('162fcb81-ab35-4012-a7b6-f6df4cfd322f', 'fb735a96-a7e8-4fa8-8dee-dfbb98509d69', 'b1daf183-2916-4b13-849e-6af71f314dff', '2020-11-02 20:05:21', 0, 65),
('16d28ee0-1349-4973-84bb-258314fe54c8', '06d11805-7fb3-4eee-859a-d6aeb9a4ce6b', 'b1daf183-2916-4b13-849e-6af71f314dff', '2020-11-01 08:21:16', 0, 382),
('18887102-9118-4170-b761-9030b68147e0', 'de970d6e-b3c7-415b-9ff0-1fa0901fea01', 'b1daf183-2916-4b13-849e-6af71f314dff', '2020-11-02 08:39:43', 0, 80),
('190a86c4-c93e-4cef-86c2-3a4b729125cf', 'ed06f0ba-b120-460d-8efc-454ecffdca6e', 'b1daf183-2916-4b13-849e-6af71f314dff', '2020-11-02 21:36:38', 0, 4122),
('19bec924-9fba-411a-9184-fddabebdb530', 'a662add8-4507-4436-89f3-788502cb8a30', 'b1daf183-2916-4b13-849e-6af71f314dff', '2020-11-02 21:30:01', 0, 4627),
('1b3afd1a-5594-46ce-ac35-acd294f823d7', '9313e94d-9137-4ad7-9775-b36240b9b43f', 'b1daf183-2916-4b13-849e-6af71f314dff', '2020-11-01 20:15:17', 0, 591),
('1d57243c-42a6-4fce-9faa-1f81d5c45cbf', '2ab51b07-cbeb-470c-b2a0-56edad278a77', 'b1daf183-2916-4b13-849e-6af71f314dff', '2020-11-01 08:33:10', 0, 50),
('1dbb1356-cdfd-4822-ba8d-efd0d39bd58c', '93d17df5-36b4-4a0e-8acf-9b04134b9685', 'b1daf183-2916-4b13-849e-6af71f314dff', '2020-11-17 09:49:56', 0, 4206),
('1df7023f-2f12-4a39-b3ca-a2621eafb4bf', '85666465-68d7-450a-8f6e-6d7395b8c69e', 'b1daf183-2916-4b13-849e-6af71f314dff', '2020-11-02 20:08:13', 0, 70),
('1e96c126-4b2b-44aa-9474-74cad6674b02', '720f65bf-77d2-4e02-94ea-8cee986f203e', 'b1daf183-2916-4b13-849e-6af71f314dff', '2020-11-02 08:42:25', 0, 90),
('1f7fa351-2e82-4f07-b68b-77bb1e244f49', 'f5b12e2f-467b-4b83-97ba-305bee5f8d73', 'b1daf183-2916-4b13-849e-6af71f314dff', '2020-11-02 21:41:49', 0, 141),
('205981da-b184-402a-b0d1-838701413be6', '557b56a0-2a3c-4aca-a77a-80829bfb8a49', 'b1daf183-2916-4b13-849e-6af71f314dff', '2020-11-17 09:32:43', 0, 100),
('209649df-4603-45c9-9305-8a1a85655b5f', 'b8c9e793-6a87-49ee-a966-25f5ea6b6135', 'b1daf183-2916-4b13-849e-6af71f314dff', '2020-11-01 20:19:26', 0, 5),
('23526752-3531-4629-b084-4015c8db7f02', '583982cc-92cf-4145-800e-4f76e043813b', 'b1daf183-2916-4b13-849e-6af71f314dff', '2020-11-02 21:41:27', 0, 187),
('235693f8-d04c-4afc-a113-59b3fbd79290', 'da4f1df7-e07a-4a4c-8e44-8b0c5a52a24f', 'b1daf183-2916-4b13-849e-6af71f314dff', '2020-11-02 20:07:01', 0, 167),
('2645a06f-6976-48e0-a034-f69cc589777a', '3f7c5a9f-d5c3-4455-b41d-a3debf2ea5ed', 'b1daf183-2916-4b13-849e-6af71f314dff', '2020-11-01 08:13:53', 0, 48),
('277e929f-f04c-4fe8-9b1e-3c828ab2cbad', 'f6f8f0ab-3584-4a6c-9c16-28347df19215', 'b1daf183-2916-4b13-849e-6af71f314dff', '2020-11-02 21:37:30', 0, 810),
('298b73db-5da4-4702-8559-2640635c49ba', 'bd12c20c-98b6-418e-8387-83e933ca0db5', 'b1daf183-2916-4b13-849e-6af71f314dff', '2020-11-02 21:39:41', 0, 1037),
('29c0e113-76cf-4497-9e13-4c8510ffb821', '09321097-ddcb-4f04-9597-b841a95a2397', 'b1daf183-2916-4b13-849e-6af71f314dff', '2020-11-17 09:37:25', 0, 1966),
('29c35e26-5e47-4776-a959-0e026978396c', '24577813-23ed-4ae0-a48e-4e4df5a9878c', 'b1daf183-2916-4b13-849e-6af71f314dff', '2020-11-17 09:50:35', 0, 1526),
('29f618a9-ab05-413d-a1fd-449d55a8fbfd', '1d34434e-5220-44e2-8fa1-290a8b60874b', 'b1daf183-2916-4b13-849e-6af71f314dff', '2020-11-02 21:37:53', 0, 658),
('2d7cdf15-b951-4677-8e9c-bcb9fa49b82a', '404d278b-145c-4abf-b831-d934f19f7808', 'b1daf183-2916-4b13-849e-6af71f314dff', '2020-11-02 08:41:00', 0, 22),
('2f3a132b-1fea-4db5-b094-585a73b0346c', 'f4e5a88d-39cd-4646-8736-0380db2c1c12', 'b1daf183-2916-4b13-849e-6af71f314dff', '2020-11-01 08:25:08', 0, 5),
('2fd538c4-9064-418a-af78-b23579767686', 'dd707e85-2eef-47fe-8933-2532e8cdad34', 'b1daf183-2916-4b13-849e-6af71f314dff', '2020-11-02 20:15:34', 0, 978),
('31831c0b-7e53-4f0e-8d2e-0f89a656c350', '8a60a650-36e7-420f-b711-b7383c9a0c55', 'b1daf183-2916-4b13-849e-6af71f314dff', '2020-11-17 09:57:07', 0, 480),
('35ba09d0-f74d-43fa-9833-64eef35ca815', '78225d60-035e-461f-9816-92ef74ebb190', 'b1daf183-2916-4b13-849e-6af71f314dff', '2020-11-02 20:23:17', 30, 100),
('36fa3e2a-13f9-45aa-9d93-f4545d9f2c41', 'b43126a1-bca3-43c1-95da-8b43eb50dfeb', 'b1daf183-2916-4b13-849e-6af71f314dff', '2020-11-01 20:15:40', 0, 78),
('37275808-7540-42cd-bf66-8196ba1c355c', 'e7af6b7d-8486-417b-84c2-9a8e5f9098af', 'b1daf183-2916-4b13-849e-6af71f314dff', '2020-10-31 19:30:25', 0, 2815),
('386d007d-2dda-435b-9913-3b7d26237aaf', '4c7a014a-d984-4467-8198-669ffb7558cc', 'b1daf183-2916-4b13-849e-6af71f314dff', '2020-11-01 20:22:20', 0, 76),
('3d3a4138-3e28-40f2-a14b-f04caea7ffc0', 'f958642c-d254-49f7-83ee-d89b3c092cf8', 'b1daf183-2916-4b13-849e-6af71f314dff', '2020-11-02 21:40:46', 0, 184),
('3d647c95-16f2-4db4-a269-f9712ba37207', '9d8958ae-4a80-42b3-80b3-3438593fd465', 'b1daf183-2916-4b13-849e-6af71f314dff', '2020-11-17 09:23:44', 0, 197),
('3e25032a-f671-4a9e-8b4e-42208c6914fc', 'a66aca4d-6f35-4ef0-add8-0576abe98f8b', 'b1daf183-2916-4b13-849e-6af71f314dff', '2020-11-01 08:28:13', 0, 9),
('3e97ecc5-46ca-4cbd-a884-c836c94df9ec', 'd35bf8fa-7eb8-4fa1-b1b0-007a1e136c40', 'b1daf183-2916-4b13-849e-6af71f314dff', '2020-11-17 09:57:51', 0, 1290),
('4222346b-327c-488c-ac29-c49f02ac7f9d', '511c9363-e25d-40cf-a178-004b6d760f4f', 'b1daf183-2916-4b13-849e-6af71f314dff', '2020-11-02 08:42:18', 0, 72),
('43a13972-d415-469c-9b7a-50d4232d9107', '916ab9c8-444d-4c71-9d80-f85fc1555d6b', 'b1daf183-2916-4b13-849e-6af71f314dff', '2020-11-02 09:15:42', 0, 50),
('4469c56f-4c4b-456b-a702-4fcb5642f568', 'fb27a411-d6fa-4cee-a32f-d787cfd8d1b6', 'b1daf183-2916-4b13-849e-6af71f314dff', '2020-11-17 09:58:19', 0, 1397),
('4962b064-3b3b-41f9-8d32-1e8da2c641b3', 'b94a3f0b-3803-4450-a795-2141b05dd98f', 'b1daf183-2916-4b13-849e-6af71f314dff', '2020-11-02 20:01:24', 0, 2),
('4a72d813-a29f-49f1-8030-1869c3a0ef34', 'f8592f29-c1c1-4551-9889-8bc54687cd0f', 'b1daf183-2916-4b13-849e-6af71f314dff', '2020-11-02 20:20:05', 0, 1080),
('4c110b10-d67c-48ae-a92e-50916459cf70', '92d42e5e-6004-4a25-b2e8-ec075c48cfdc', 'b1daf183-2916-4b13-849e-6af71f314dff', '2020-11-02 21:35:08', 0, 1542),
('4c954fed-0493-484e-a7b1-fa58d4e02994', 'e8ad8b1c-8355-4a06-a1c5-5cdbd836aa74', 'b1daf183-2916-4b13-849e-6af71f314dff', '2020-11-01 20:19:50', 0, 24),
('50cf95af-0a60-4351-a4fc-8ea9e1af1063', 'b0a795fc-b8a4-44d4-8cd2-b17121812c67', 'b1daf183-2916-4b13-849e-6af71f314dff', '2020-11-02 20:27:07', 0, 790),
('50e2a712-f7a2-4ee3-8566-3d3d9d58deb3', 'c07f208e-2927-4944-bc7f-c5b026bb8b6d', 'b1daf183-2916-4b13-849e-6af71f314dff', '2020-11-01 08:26:36', 0, 13),
('51140a97-99d0-4c03-8666-7dc69842cf0c', '4b311f27-95e1-42f2-a22b-ccafe753d948', 'b1daf183-2916-4b13-849e-6af71f314dff', '2020-11-17 09:51:08', 0, 282),
('54edba8d-f5c7-4f03-aa73-741159ca097e', '793591c6-19bb-42a1-8a22-ba1cb1e4629a', 'b1daf183-2916-4b13-849e-6af71f314dff', '2020-11-02 20:02:23', 0, 60),
('56b7014b-9dd4-496e-bfae-23a7d0a5625f', '78225d60-035e-461f-9816-92ef74ebb190', 'b1daf183-2916-4b13-849e-6af71f314dff', '2020-11-01 08:25:39', 0, 30),
('5869759a-4ceb-4fe5-90ea-057dddada4c7', 'b275a370-7093-4dd7-a5ae-5ba7aad41046', 'b1daf183-2916-4b13-849e-6af71f314dff', '2020-11-01 20:17:35', 0, 0),
('5a843090-27ee-4e16-9aaa-74c1ea5d7ac6', 'ff6b8edc-f7a9-4e79-80e0-f1ca95c91c48', 'b1daf183-2916-4b13-849e-6af71f314dff', '2021-03-31 09:29:35', 0, 8368),
('5b3c335e-41ef-47d7-bca6-eb8c4cb370ca', 'e71a302e-fbdb-4513-9225-8b6445be47b0', 'b1daf183-2916-4b13-849e-6af71f314dff', '2020-11-17 09:32:15', 0, 270),
('5c5f27df-207f-4633-a7ed-3e182a7b35ac', 'b4e40232-57db-4046-a021-ce1810747d17', 'b1daf183-2916-4b13-849e-6af71f314dff', '2020-11-17 10:01:56', 0, 36),
('5cad293a-18f9-4ec6-8a6b-85707959bbb0', 'a18f82d7-0cbe-4ae7-a528-3c995cec9e20', 'b1daf183-2916-4b13-849e-6af71f314dff', '2020-11-01 08:18:23', 0, 12),
('603448c2-b890-48b8-80c4-b9e05aff0fad', '04aa4a88-52c7-44ba-a244-dbf5ea285b17', 'b1daf183-2916-4b13-849e-6af71f314dff', '2020-11-02 08:39:33', 0, 247),
('61db32cf-d3de-4960-b519-22363a207500', '32e4fa4a-8b73-4df4-9e6a-32aa181d1569', 'b1daf183-2916-4b13-849e-6af71f314dff', '2020-11-02 08:40:30', 0, 656),
('63bd3609-426c-48b6-997e-e9dadee072a1', '20204fff-aef0-4c21-b5bd-6c374aec1e2d', 'b1daf183-2916-4b13-849e-6af71f314dff', '2020-11-01 20:18:39', 0, 514),
('64847f54-a146-40d6-a0f5-46eab9b46462', 'e0a8c572-cb2f-42aa-979a-458f11db924e', 'b1daf183-2916-4b13-849e-6af71f314dff', '2020-11-01 08:32:37', 0, 35),
('65251029-0087-4869-abe5-ceed1b888a9d', 'ebf06a22-d035-406c-a91f-b722ff2e2308', 'b1daf183-2916-4b13-849e-6af71f314dff', '2020-11-02 20:10:48', 0, 60),
('68468386-ff07-4335-9712-4de3a4ffc13f', '5d5634bb-2b32-44a2-8da2-d46f493f6247', 'b1daf183-2916-4b13-849e-6af71f314dff', '2020-11-02 08:41:58', 0, 13),
('684b9340-979c-4b19-8b84-9cad5f55fd10', '77080c4e-86b6-4ac4-88d3-a999ba57f881', 'b1daf183-2916-4b13-849e-6af71f314dff', '2020-11-01 08:34:19', 0, 34),
('69ee0b83-3b3f-451f-9960-75e55f3d2dfa', '5e3e15a4-13f3-4cce-944c-0bfb7914f17b', 'b1daf183-2916-4b13-849e-6af71f314dff', '2020-11-01 08:37:38', 0, 131),
('6b38261e-0770-422e-b800-285d360f94f3', '13a87b71-cf55-4042-a36e-5603931bb19e', 'b1daf183-2916-4b13-849e-6af71f314dff', '2020-11-02 09:16:53', 0, 61),
('6b60ef89-63ea-4b15-ad2e-4416666298e5', '69da79b3-e6d9-43a6-9226-2a158ffb8a55', 'b1daf183-2916-4b13-849e-6af71f314dff', '2020-11-02 20:17:53', 0, 700),
('6c9b8875-47dc-4015-8c87-eb75aaefdf7c', '65d06c4a-2399-4c44-98b3-ec4850cb2b46', 'b1daf183-2916-4b13-849e-6af71f314dff', '2020-11-01 08:18:51', 0, 10),
('6f16d49c-9b29-4a95-bc91-54fa06309c9d', '18a302b8-d5e3-43bb-bb5d-513f19f80bf9', 'b1daf183-2916-4b13-849e-6af71f314dff', '2020-11-02 20:01:55', 0, 47),
('70a9564a-e1c1-4c93-b476-567c84fa3586', '33ec5f7f-bd0d-4114-af31-3f35d5600cf2', 'b1daf183-2916-4b13-849e-6af71f314dff', '2020-11-01 08:36:23', 0, 104),
('71ca3a41-db3a-4f86-82e0-98accb84a29d', 'f36bbed0-019c-4b0d-8996-97d177eeb3ab', 'b1daf183-2916-4b13-849e-6af71f314dff', '2020-11-01 20:21:05', 0, 33),
('730b5a3a-2a26-4130-957b-4b079346c37d', '38430b1d-13bc-4e50-9b2c-bb470c7dbe45', 'b1daf183-2916-4b13-849e-6af71f314dff', '2020-11-17 09:39:15', 0, 990),
('75673fae-20d6-4a3a-8f22-ea7d518f198f', '7dee506d-37af-4bdc-9c50-87c9d261c882', 'b1daf183-2916-4b13-849e-6af71f314dff', '2020-11-02 20:13:12', 0, 884),
('76756f39-0f9d-4cfe-b485-1fc57dec803d', 'fdec2d15-cff9-47dc-973a-ab90463d4b6c', 'b1daf183-2916-4b13-849e-6af71f314dff', '2020-11-02 20:22:12', 0, 814),
('76a690c2-9e2d-4306-8fe7-4067ff628e98', 'e009ce5e-0895-42fe-b7a5-a3f0c85840af', 'b1daf183-2916-4b13-849e-6af71f314dff', '2020-11-02 08:46:26', 0, 126),
('77842c49-0bab-4f89-bf09-b8681f7f54b0', 'df109fa1-29fc-48d0-9af1-544746368001', 'b1daf183-2916-4b13-849e-6af71f314dff', '2020-11-02 21:39:18', 0, 900),
('79184829-444a-4274-9024-bff6e058af7c', '63c69a3b-6ab9-4078-b2fb-27f6c9c46a62', 'b1daf183-2916-4b13-849e-6af71f314dff', '2020-11-02 20:18:59', 0, 620),
('79adc3d5-e792-46cf-8efe-9e5a45644b8f', '80ca9bde-7f5f-49f8-b42e-359a20d2417b', 'b1daf183-2916-4b13-849e-6af71f314dff', '2020-11-02 20:24:53', 0, 1913),
('7b5c0839-80ad-4c02-9467-c6b98c82fb1a', 'd00331ed-b8ce-4240-9df4-508ea7483d61', 'b1daf183-2916-4b13-849e-6af71f314dff', '2020-11-17 09:46:40', 0, 1620),
('7c806f0f-0d00-48e3-9d82-77fc5be33fda', '6a6ceb1c-0c83-442d-b94b-c6a0739db9d8', 'b1daf183-2916-4b13-849e-6af71f314dff', '2020-11-01 20:22:54', 0, 150),
('7d573b4e-4184-4f9c-8ac2-91a5bd73c8c4', 'e3cb9980-d620-4e5d-85c5-50f412da2cec', 'b1daf183-2916-4b13-849e-6af71f314dff', '2020-11-17 09:56:46', 0, 1735),
('802dd87c-0303-4211-a434-556e947d0060', '9c40b9d5-403d-41ff-b674-298a9a4a0d3b', 'b1daf183-2916-4b13-849e-6af71f314dff', '2020-11-01 08:21:42', 0, 43),
('83e49c79-9b17-4e86-bbda-030707d40123', 'bf0d252c-16da-44d0-b1fc-a28ca06a3d6a', 'b1daf183-2916-4b13-849e-6af71f314dff', '2020-11-02 09:03:44', 0, 79),
('87951cac-f040-4baf-b3a6-a411ed20d5ac', 'c24dd23f-d41d-4b0c-96bb-ab18e8a513b7', 'b1daf183-2916-4b13-849e-6af71f314dff', '2020-11-02 21:38:38', 0, 3718),
('87d17472-bf81-4c59-bc82-548de3ad2b30', '8d06cabb-0ce8-4bbe-be4d-151bbc324b32', 'b1daf183-2916-4b13-849e-6af71f314dff', '2020-11-02 08:29:22', 0, 6175),
('8ad5e86b-213a-44ed-9d02-e71281ce4660', 'f88760a7-a913-477c-a37f-8914bc4c1ead', 'b1daf183-2916-4b13-849e-6af71f314dff', '2020-11-01 08:31:02', 0, 35),
('8b88760d-1cb4-4ed0-98dd-9862dfbe4d30', '1a595d45-00ae-4c56-b5d7-149c3b37db3e', 'b1daf183-2916-4b13-849e-6af71f314dff', '2020-11-01 08:38:07', 0, 40),
('8bfe3c3c-9753-4a53-8d0c-4ea04a1f79d9', 'c8287f40-2c55-4fe7-9e32-42320d52b6ad', 'b1daf183-2916-4b13-849e-6af71f314dff', '2020-11-01 20:16:02', 0, 73),
('8c742498-759f-4760-a921-33a5265c686b', '7cd424e2-89fa-4cf9-a56b-2b61936f7bcc', 'b1daf183-2916-4b13-849e-6af71f314dff', '2020-11-01 20:21:41', 0, 3),
('8cf54e47-f73b-4212-8fd1-d29597d2e561', 'afa5df44-7ea1-47cf-ab41-6f8fc847e494', 'b1daf183-2916-4b13-849e-6af71f314dff', '2020-11-01 20:17:15', 0, 30),
('8d672903-87a6-4167-b2d1-c1a6c55f7d22', 'f9806c1e-a9c8-4af8-bf5c-61cce5813ae8', 'b1daf183-2916-4b13-849e-6af71f314dff', '2020-11-02 08:58:47', 0, 50),
('8ec01e01-6510-45b9-8993-1f6dfc73e248', '4a099a6c-3ad0-4564-b2a3-011112f03b9f', 'b1daf183-2916-4b13-849e-6af71f314dff', '2020-11-01 20:19:11', 0, 5),
('91ac9798-7241-464e-b998-8527cacb1fc0', 'e03e5281-3b6a-47bf-8150-f1695a30a161', 'b1daf183-2916-4b13-849e-6af71f314dff', '2020-11-02 08:55:23', 0, 83),
('92db808e-4555-476b-a226-4d9e7ca7fa85', 'd8e1bfd8-1e82-479e-b7d2-9922efc2d42d', 'b1daf183-2916-4b13-849e-6af71f314dff', '2020-11-02 20:09:58', 0, 26),
('92ed064a-bae0-4664-994d-f96b0646f081', '6cc825f7-c2e3-4bf7-b57e-e5708237a5c2', 'b1daf183-2916-4b13-849e-6af71f314dff', '2020-11-02 08:35:34', 0, 2040),
('93964c98-8f68-4e99-bfc0-8653c1d86b61', 'f3d6426b-cb96-4b37-9a87-3f4e9acf1148', 'b1daf183-2916-4b13-849e-6af71f314dff', '2020-11-02 21:38:15', 0, 1410),
('94d0b6a4-26d3-4ed9-9161-e94fa4749757', '50695f21-23f1-43e5-b0d8-0c24c0fc8114', 'b1daf183-2916-4b13-849e-6af71f314dff', '2020-11-02 09:06:25', 0, 40),
('952dddf1-eed3-4131-85b3-4a94a2367a49', '5d0b15d5-9db2-40b6-9413-56d7ea8a5fd7', 'b1daf183-2916-4b13-849e-6af71f314dff', '2020-11-02 08:33:22', 0, 4515),
('9551c84c-0762-421f-a059-aa6cab764b97', 'bdb71afe-2090-4c6d-aa0f-90957414dc7a', 'b1daf183-2916-4b13-849e-6af71f314dff', '2020-11-02 20:09:18', 0, 56),
('95ff0e53-1bfc-4388-a703-e0f8faf1fb9e', '63c0b298-4d87-4a18-acc9-619c6bf530e2', 'b1daf183-2916-4b13-849e-6af71f314dff', '2020-11-02 09:09:34', 0, 420),
('97601349-a61d-4dd4-bce6-f24d6f4a56bb', 'b3eb693a-8d91-4242-86bc-8effbabec3e0', 'b1daf183-2916-4b13-849e-6af71f314dff', '2020-11-01 08:30:12', 0, 68),
('976b8bc8-b9ee-415c-8111-22019c4dd446', '12c1bda0-be50-42df-b91c-1ac1c487bc1b', 'b1daf183-2916-4b13-849e-6af71f314dff', '2020-11-01 08:15:56', 0, 12),
('98cffb79-5438-4c52-9efe-accde2f6c20e', 'f141d29b-6ec5-4084-9ed8-0a813b5ebbdc', 'b1daf183-2916-4b13-849e-6af71f314dff', '2020-11-01 08:03:06', 0, 22),
('9a9ba7b5-6b3e-469b-b006-1f61eb559aba', 'e7af6b7d-8486-417b-84c2-9a8e5f9098af', 'b1daf183-2916-4b13-849e-6af71f314dff', '2020-11-02 20:23:58', 2815, 2815),
('9be494c4-87bb-4acf-b6f0-0b571280b252', 'd0cfabea-112a-4d2d-ac81-66af1586f396', 'b1daf183-2916-4b13-849e-6af71f314dff', '2020-11-02 21:41:07', 0, 184),
('9be7fced-a679-48bf-80e0-822c7cf9c7de', '52a424b3-94f3-4cc3-95ba-edb70165b78f', 'b1daf183-2916-4b13-849e-6af71f314dff', '2020-11-01 08:17:40', 0, 24),
('9bfe20fe-0899-46e0-bef2-0be7e87a67d7', '88d52782-59bc-4cf9-9033-9f9a32a679c0', 'b1daf183-2916-4b13-849e-6af71f314dff', '2020-11-01 20:20:30', 0, 17),
('9cce36f1-c2e8-458b-b032-9219c845f5ee', '09af33d5-c83e-40e3-84bf-2a9bb74df99d', 'b1daf183-2916-4b13-849e-6af71f314dff', '2020-11-01 20:20:06', 0, 8),
('9d11846a-f95a-4c24-aecb-e288e9b21f48', '61d11e61-3580-4695-ba26-a9336fccc6f3', 'b1daf183-2916-4b13-849e-6af71f314dff', '2020-11-01 08:33:40', 0, 113),
('9d71ca62-a387-4b92-86aa-4d1750911735', '65f8f3b3-41cc-47d9-9a82-db4868e64928', 'b1daf183-2916-4b13-849e-6af71f314dff', '2020-11-01 08:15:07', 0, 48),
('9d9460a2-f3ac-4dc9-affa-00654f72a3fb', '9c93981a-6bc8-4cb7-ba94-dd72553ef402', 'b1daf183-2916-4b13-849e-6af71f314dff', '2020-11-01 20:17:58', 0, 648),
('a035f17e-8194-4817-9572-e04184941e5b', '82dfbd44-d4e4-48fe-a8e6-b9bf74847d64', 'b1daf183-2916-4b13-849e-6af71f314dff', '2020-11-02 21:40:20', 0, 1166),
('a0dfbe43-80bc-48ef-969c-8de468106d8d', '8897bcdd-8bb7-44c4-baf7-5582014052d0', 'b1daf183-2916-4b13-849e-6af71f314dff', '2020-11-02 08:56:59', 0, 242),
('a1e0aeb9-10e2-4ce9-8d9a-30f8654cfb24', 'a8626da0-91cc-41e2-966e-ac0de8eb6423', 'b1daf183-2916-4b13-849e-6af71f314dff', '2020-11-02 20:13:49', 0, 2092),
('a247813d-4b4c-4b32-8498-5764e9d0be62', 'f3cc059e-6ee4-4dba-921a-2d0b4a668909', 'b1daf183-2916-4b13-849e-6af71f314dff', '2020-11-02 20:02:42', 0, 20),
('a2636d5b-c91f-4f39-8f28-581415040ad4', '6ceaa1ca-2881-48b1-bd71-2e43445b46f2', 'b1daf183-2916-4b13-849e-6af71f314dff', '2020-11-01 08:03:59', 0, 31),
('a2a451eb-e57d-4a54-94a1-c684b78ecaab', '4c2b1f2a-b396-43a4-87f2-14a4c664514e', 'b1daf183-2916-4b13-849e-6af71f314dff', '2020-11-02 20:07:16', 0, 86),
('a438b9ac-b984-4b94-bd6f-289529b66c44', '49febec6-62b1-4fdc-bee7-da2f8e91fa9f', 'b1daf183-2916-4b13-849e-6af71f314dff', '2020-11-02 09:14:14', 0, 436),
('a52baec5-e0ad-4d2f-895d-4445b05743c9', '1aae3ad6-8c35-4297-b73d-0d0d3169dcff', 'b1daf183-2916-4b13-849e-6af71f314dff', '2020-11-01 20:16:23', 0, 240),
('a6e36d91-b287-4dc7-89a1-ff31c72d8b04', '574dd20f-6f13-4198-94f6-5ffaa0ba5196', 'b1daf183-2916-4b13-849e-6af71f314dff', '2020-11-17 09:39:56', 0, 480),
('a7c31636-098b-4120-9483-d8d69131a3f0', 'e6da7e6b-b569-4045-a638-f8e0ab2d842a', 'b1daf183-2916-4b13-849e-6af71f314dff', '2020-11-17 09:59:22', 0, 2000),
('a7df923b-2cea-49fc-b63b-56f6d1303b47', 'b79b13f2-04b4-4f52-8db5-9fade25731c1', 'b1daf183-2916-4b13-849e-6af71f314dff', '2020-11-01 08:24:17', 0, 31),
('a84e4492-9f02-4378-aaa5-ba930d182c20', '4cce359a-7a98-469e-b0c9-6b6c2f14bbf8', 'b1daf183-2916-4b13-849e-6af71f314dff', '2020-11-01 20:18:56', 0, 485),
('ab6a7f5e-1911-436f-b047-abc909cc9de2', 'cb2c3a04-bac3-43e0-99d1-41a85cd0036d', 'b1daf183-2916-4b13-849e-6af71f314dff', '2020-11-01 08:31:22', 0, 37),
('ab732087-9366-4ba5-85ba-b32120f7cafc', '755683aa-001e-4e63-9063-f0eb164d73cd', 'b1daf183-2916-4b13-849e-6af71f314dff', '2020-11-01 08:20:43', 0, 1018),
('acb5a8af-51ab-49d7-af18-0427c3730aa7', '70ba8deb-1e94-40fb-b320-50494ded655c', 'b1daf183-2916-4b13-849e-6af71f314dff', '2020-11-01 20:20:48', 0, 27),
('acd6c817-b83d-436d-9ca2-1e0beb21d6da', '052cf09a-0eb1-467e-9f88-d4689618cb08', 'b1daf183-2916-4b13-849e-6af71f314dff', '2020-11-02 21:28:44', 0, 3980),
('ae31e42c-0bdc-4148-b6a5-288b8fa5de91', 'e563e0c2-d126-4881-ac11-068317130073', 'b1daf183-2916-4b13-849e-6af71f314dff', '2020-11-01 08:14:28', 0, 415),
('af90a044-29f0-459e-b4db-b91c0d03befc', 'bf338f58-ce55-4256-9bcb-e5b28105fb1c', 'b1daf183-2916-4b13-849e-6af71f314dff', '2020-11-02 08:49:51', 0, 50),
('b09aaea1-aa09-43a8-a1fb-f492e0ec6386', '95167cec-b45b-4d42-8cdb-9dd436d401a2', 'b1daf183-2916-4b13-849e-6af71f314dff', '2020-11-01 08:16:47', 0, 48),
('b56f46d7-47e0-44a7-b641-f7086a896118', '54ab4c29-1d80-4a59-a391-976702979b0a', 'b1daf183-2916-4b13-849e-6af71f314dff', '2022-07-17 09:28:42', 0, 3067),
('b7fbc820-0d37-4f04-baec-765565a77f12', '0dcaa3fe-4f68-4a54-a9a3-67c2d6386b48', 'b1daf183-2916-4b13-849e-6af71f314dff', '2020-11-17 09:38:43', 0, 2384),
('baafb487-f29b-40e8-bed6-1a9a08456877', 'fb8c1457-1f72-4847-9a2e-1cf54edcb6d7', 'b1daf183-2916-4b13-849e-6af71f314dff', '2020-11-01 08:17:19', 0, 48),
('bafd51e6-6ae2-4b18-8f3c-140cd256782d', '63cc555d-a4b8-43e4-9191-4e71549fb4cd', 'b1daf183-2916-4b13-849e-6af71f314dff', '2020-11-02 21:34:32', 0, 548),
('bc37523b-73a6-4c5b-aa7c-d87ef632e15a', 'd74074e5-e0bc-4808-bdea-1b37924229a4', 'b1daf183-2916-4b13-849e-6af71f314dff', '2020-11-02 08:51:18', 0, 55),
('bd1c7e17-cf6a-43b3-8ef4-cebcf45f1461', '630ab971-afb5-4f85-8c9c-48b5205b3655', 'b1daf183-2916-4b13-849e-6af71f314dff', '2020-11-02 09:18:51', 0, 70),
('bd219a57-d91c-4ca7-b527-5bb48affdc0e', '8624ea5a-b7bf-49dc-b915-3e69ca3582cf', 'b1daf183-2916-4b13-849e-6af71f314dff', '2020-11-02 20:06:32', 0, 102),
('c1c53aea-1773-43c5-8c25-e6d7973f9d90', '00aa1bb0-7b46-40bc-9e34-00b09584b2b2', 'b1daf183-2916-4b13-849e-6af71f314dff', '2020-11-02 20:03:18', 0, 299),
('c42fdc73-bfc4-484e-8633-da2f7023083a', '9f8bb3f1-0ab1-41f7-9b33-2fcf7e086175', 'b1daf183-2916-4b13-849e-6af71f314dff', '2020-11-02 21:31:03', 0, 3209),
('c47459d6-83c2-4402-b80a-aedbfaf4e5bb', '15271792-f508-45b2-824a-3d6511f149c6', 'b1daf183-2916-4b13-849e-6af71f314dff', '2020-11-17 09:51:45', 0, 2013),
('caf46229-e911-4634-8915-597be904f907', '0aebc2d5-7e9f-466e-afde-3065520c0c6c', 'b1daf183-2916-4b13-849e-6af71f314dff', '2020-11-02 09:11:10', 0, 256),
('cd878eb1-88e2-4657-ab39-6981b053a857', '1b274250-e3c3-4b5a-b581-efaa776995ad', 'b1daf183-2916-4b13-849e-6af71f314dff', '2020-11-17 10:00:18', 0, 2055),
('d0a123ec-c684-4a60-ad36-4eb9a1b84936', '3051bf40-7b04-4937-975b-64cc02280cb8', 'b1daf183-2916-4b13-849e-6af71f314dff', '2020-11-02 09:01:32', 0, 60),
('d3140afd-96f6-48d2-b3fd-982994e6140d', '9565f789-0b8d-48aa-b16c-ac43253d011f', 'b1daf183-2916-4b13-849e-6af71f314dff', '2020-11-17 09:55:48', 0, 4821),
('d4e859cd-b6ad-41a1-8735-9e1052099d3a', 'ae21cb53-cf4e-47ca-8c7a-4ca90a8974d8', 'b1daf183-2916-4b13-849e-6af71f314dff', '2020-11-02 08:43:32', 0, 413),
('d7e9fb5b-d523-4155-bbc4-1b046afe7fc3', '4695600d-cf62-4b95-b3a5-791c955e1cb1', 'b1daf183-2916-4b13-849e-6af71f314dff', '2020-11-01 08:24:42', 0, 17),
('d9661aef-4800-4fcc-8d53-7a2bd82d2d0e', '9a006afa-31ba-41f0-92d1-29450bf9a35a', 'b1daf183-2916-4b13-849e-6af71f314dff', '2020-11-17 09:31:24', 0, 4170),
('dad20604-67d8-447e-964d-34795582851d', 'bd617a99-e16c-4b67-81db-9185d08db620', 'b1daf183-2916-4b13-849e-6af71f314dff', '2020-11-02 08:40:08', 0, 20),
('dca0a0a8-e2bc-4587-adb3-5c3dab05b013', 'a014f32a-3c06-44c1-9926-09648033e7eb', 'b1daf183-2916-4b13-849e-6af71f314dff', '2020-11-01 20:14:57', 0, 236),
('dd1e0f5a-d6c5-4dd0-b01e-0f78fab3bc95', 'cce3b226-722c-4253-a0db-599701744ed0', 'b1daf183-2916-4b13-849e-6af71f314dff', '2020-11-01 20:22:36', 0, 130),
('dd3a4071-f550-4509-86e8-93c70ec30f05', 'e040e329-aaba-48b9-b66d-b40985bae7b3', 'b1daf183-2916-4b13-849e-6af71f314dff', '2020-11-02 20:14:32', 0, 1093),
('e24f25f9-c8e3-483f-b16c-d1b004519634', 'ba03c109-d123-4a3e-a4eb-282e2e8fed61', 'b1daf183-2916-4b13-849e-6af71f314dff', '2020-11-01 08:04:26', 0, 2),
('e36cc336-974a-4739-98cf-7d73cc511e65', '545e9532-cd27-4abc-bdfa-3b5583bb0d8b', 'b1daf183-2916-4b13-849e-6af71f314dff', '2020-11-01 08:31:56', 0, 75),
('e4a27513-365c-4813-b199-6aa1237f682f', '4c22184b-022f-4183-8358-20e600feb04b', 'b1daf183-2916-4b13-849e-6af71f314dff', '2020-11-02 20:21:08', 0, 926),
('e4d67d94-0479-4368-90f4-5426ab051afd', 'b6778915-4ef4-4bbf-b031-b640db1cb01d', 'b1daf183-2916-4b13-849e-6af71f314dff', '2020-11-02 21:37:06', 0, 500),
('e6e6c6bd-dc48-4a43-8bee-6a31c85dcf00', '48d47ce0-7e24-459c-963c-b8c89636f5b5', 'b1daf183-2916-4b13-849e-6af71f314dff', '2020-11-02 21:38:57', 0, 2845),
('e7440f05-8c4d-4d95-93f8-81e9aa5661a8', 'e40fcf60-66fa-41ad-9c2a-722054a8e71d', 'b1daf183-2916-4b13-849e-6af71f314dff', '2020-11-02 08:37:31', 0, 58448),
('eb893aa5-8bea-438e-8f96-e822fc550e7e', 'e5085792-7ee5-46df-a058-8278a8fc84fe', 'b1daf183-2916-4b13-849e-6af71f314dff', '2020-11-01 20:21:59', 0, 8),
('edcfabfc-f166-4248-bb7e-f72315d09d0e', '73ac8c90-7b34-4d19-9ea0-ffdb11c3cea5', 'b1daf183-2916-4b13-849e-6af71f314dff', '2020-11-02 09:00:04', 0, 96),
('f040b06a-c9e1-487f-860e-2f0401a1cd5d', '4a42ef31-c5c7-4d3f-894e-6a6292d6a684', 'b1daf183-2916-4b13-849e-6af71f314dff', '2020-11-17 09:46:14', 0, 600),
('f1734f40-4933-4b6f-b929-15266c804e78', '915144ca-db65-4783-8560-a14fa1f5eff4', 'b1daf183-2916-4b13-849e-6af71f314dff', '2020-11-01 20:18:22', 0, 493),
('f252ac74-3f17-45a7-8202-82b629eeb1cb', '443c7c29-a17b-4920-9cd2-6d26717e1e30', 'b1daf183-2916-4b13-849e-6af71f314dff', '2020-11-01 08:36:53', 0, 300),
('f262086b-6f08-45d1-bcf0-1d9a0ff73087', 'b1868293-398b-4fa8-af81-e6b7e34489a2', 'b1daf183-2916-4b13-849e-6af71f314dff', '2020-11-02 21:40:01', 0, 1636),
('f2b8bee5-b417-4496-a1f4-a8382550687c', '4d298ddf-e90e-4bb9-a07a-0ad14f21bdce', 'b1daf183-2916-4b13-849e-6af71f314dff', '2020-11-01 08:23:40', 0, 18),
('f364c199-6cb0-4a82-acd8-86cbef972479', 'ea5fd180-ed3d-467b-85a6-cc88410fe34f', 'b1daf183-2916-4b13-849e-6af71f314dff', '2020-11-02 20:20:34', 0, 5832),
('f383d834-058e-455c-85f2-fed237ef35ee', 'fc89c8e2-c84d-483b-b1ea-91eedacb3a28', 'b1daf183-2916-4b13-849e-6af71f314dff', '2020-11-02 08:41:29', 0, 30),
('f39e8ef1-0571-4615-9a98-927398416d87', '2f69d374-516e-4da1-806f-26be58595793', 'b1daf183-2916-4b13-849e-6af71f314dff', '2020-11-01 08:03:32', 0, 46),
('f45b6173-b201-4091-bba4-3f08cf304f03', '7ac96934-95b7-441e-9511-11778cfd2649', 'b1daf183-2916-4b13-849e-6af71f314dff', '2020-11-02 21:31:31', 0, 537),
('f48f53a8-c9dd-4627-a5d8-d0d098e85e80', '58905602-193d-447c-bed4-51299e6e6777', 'b1daf183-2916-4b13-849e-6af71f314dff', '2020-11-02 20:11:49', 0, 4774),
('f52b7123-9c1d-4f76-99fb-6f9091c06cc3', 'cc8fff99-4809-4e3b-b067-6a3ca61b8691', 'b1daf183-2916-4b13-849e-6af71f314dff', '2020-11-01 08:28:56', 0, 18),
('f8252d78-8413-48fb-bb51-55df2150f74b', '3bcec813-91cb-495d-b950-512d1b6f1601', 'b1daf183-2916-4b13-849e-6af71f314dff', '2020-11-01 08:19:53', 0, 12),
('f8c1ae94-e2f5-40aa-a713-cf4e4d6639bd', '337504f5-4177-4f15-8de4-54cbbcd3f53c', 'b1daf183-2916-4b13-849e-6af71f314dff', '2020-11-01 08:04:53', 0, 264),
('f8f0e158-77b3-4e6d-86be-0152ce3b7e4e', 'bef5a44f-4b7c-449f-98e3-81c04106d8fc', 'b1daf183-2916-4b13-849e-6af71f314dff', '2020-11-02 20:18:22', 0, 500),
('fbed7c34-ce65-4272-b9c0-3b8c6869d137', 'c6609864-5c1f-484d-8a65-a74dfb4694a1', 'b1daf183-2916-4b13-849e-6af71f314dff', '2020-11-02 20:08:51', 0, 86),
('fbed82af-8943-4a66-88cc-5f50334adbd1', 'be05fed6-3b25-4954-a2be-b881ecd2160c', 'b1daf183-2916-4b13-849e-6af71f314dff', '2020-10-31 19:35:04', 0, 4020),
('fcfe260b-6754-42d0-95f6-277bf93cdbfd', '538b17b5-0b28-4672-a099-2553b90056e5', 'b1daf183-2916-4b13-849e-6af71f314dff', '2020-11-17 09:52:54', 100, 1000),
('ff656196-e0d8-4f36-9faf-2c078cba60da', 'de8f5d55-45ac-456e-9c16-531ab7d7949b', 'b1daf183-2916-4b13-849e-6af71f314dff', '2020-11-17 09:28:01', 0, 600);

-- --------------------------------------------------------

--
-- Table structure for table `tb_pasien`
--

CREATE TABLE `tb_pasien` (
  `id_pasien` varchar(50) NOT NULL,
  `no_rekam_medik` varchar(50) NOT NULL,
  `nik` varchar(20) NOT NULL,
  `no_bpjs` varchar(20) NOT NULL,
  `nama_pasien` varchar(50) NOT NULL,
  `jenis_kelamin` enum('L','P') NOT NULL,
  `ttl` varchar(50) NOT NULL,
  `umur` varchar(3) NOT NULL,
  `alamat` text NOT NULL,
  `no_telp` varchar(15) NOT NULL
) ENGINE=InnoDB DEFAULT CHARSET=utf8mb4;

--
-- Dumping data for table `tb_pasien`
--

INSERT INTO `tb_pasien` (`id_pasien`, `no_rekam_medik`, `nik`, `no_bpjs`, `nama_pasien`, `jenis_kelamin`, `ttl`, `umur`, `alamat`, `no_telp`) VALUES
('00b0c8e2-05f3-45cc-a51e-8f6aa67abb68', '014205', '1903034408010001', '000', 'Sinta Bela Agustin', 'P', 'Pergam 30 juni 2001', '19', 'Desa pergam', '083175897181'),
('016af5cc-e854-4c8a-ac2b-2669bd927803', '004827', '1903034101900007', '2280323891', 'Ny Ida', 'P', 'Tepus,01-01-90', '30', 'Desa Tepus', '081278193652'),
('017d1c72-f862-45cc-bde9-94f7dfd79ad1', '013699', '002', '0002738165084', 'Sunaryo', 'L', '1-1-1982', '38', 'Nyelanding', '0813000'),
('0263cbd6-1013-4e56-891c-f3581f02302a', '010926', '0002', '0002521196504', 'Anita', 'P', '18-6-1990', '30', 'Bencah', '0000'),
('026a962e-af47-47c9-88df-2d15ee8c3709', '01-48-36', '1903030808950002', '2310438958', 'Yuda zayah R', 'L', '08-08-1995', '25', 'Ranggas', '081992039675'),
('031ae79c-82bd-4dd8-a0f1-240940848bb5', '00-09-77', '1903030503620001', '0001327093233', 'Mansyur', 'L', '05/03/1962', '58', 'Desa delas', '081244526352'),
('03e7d9ff-a373-47a9-93b5-4028348a9f33', '01-40-25', '0026', '0000', 'Siti ayu', 'P', '15-05-1978', '42', 'Delas', '083139109863'),
('046c65e7-1935-43fc-8f15-b6c21fe22357', '00-27-14', '1903030504850004', '2950743137', 'Sidik', 'L', '05-04-1985', '35', 'Airgegas', '0000'),
('04b7795d-2e21-413b-bd3f-eff5a4130b8e', '01-47-33', '3273085909010001', '3054600022', 'Syifa aulia', 'P', '19-09-2001', '19', 'Pergam', '087797160340'),
('05174d84-26fa-462f-8f2f-aaa17fe1c488', '013826', '007', '0002671449715', 'Madri', 'L', '6-8-1945', '75', 'Airgegas', '087896900546'),
('06ef4b11-63ae-4b7d-8beb-67b9646adbc8', '01-47-31', '00000999999999', '000000000', 'Devani kurniawan', 'L', 'Bencah,25-01-2011', '9', 'Bencah', '000000'),
('07637573-b9b7-407a-b4f8-948ad1cc0058', '00@46-54', '190303011120090001', '0000', 'Lestari', 'P', 'Sidoharjo,01-11-2009', '11', 'Sidoharjo', '00000'),
('07c56b71-f828-4b45-a2d8-f82390a43957', '01-39-55', '1903035111810002', '00', 'misna', 'P', 'delas,11-11-1981', '39', 'delas', '00'),
('0b787ff0-c7dc-4b37-8be0-699b13039b06', '00@28-13', '1903030510590002', '28278786', 'Kartino', 'L', '05-10-1959', '61', 'Airgegas', '081381995780'),
('0b7d7425-8d8c-4930-aadf-4bd75a3d0059', '01-46-29', '1903035306000001', '3631311133', 'Sidoharjo', 'P', '13-06-2000', '20', 'Sidoharjo', '083803155006'),
('0c026449-d712-41fb-945c-9c04c2585ba3', '00-16-68', '1903031106750001', '1903135498', 'Ma\'ruf', 'L', '11-06-1975', '45', 'Bencah', '0000'),
('0c765fb8-4465-466e-bf88-93c9fcd61e0f', '01-43-55', '1602086711530001', '1079451527', 'Elly rusia', 'P', '27-11-1953', '66', 'Airgegas', '082278294748'),
('0d0a8be3-9865-44c9-8735-a42fcba929b8', '00-81-72', '1903034402890002', '362673876', 'Hayati', 'P', 'Nyelanding,04-02-1989', '31', 'Nyelanding', '083176558506'),
('0d0e09c6-f23d-4cd5-afd9-59b07d5dcca9', '00-02-28', '190303141141000001', '2343265424', 'Albi ilman firmana', 'L', 'Delas,20-01-2000', '20', 'Delas', '081373206790'),
('0d3aa556-0266-43c1-9cda-7e083a5d9b8a', '00-31-39', '1903034606670002', '2208994481', 'Kartini', 'P', 'Nyelanding,06-06-1967', '53', 'Nyelanding', '081995664566'),
('0e196d4d-4df3-4167-ace3-e64de0fafcf6', '014742', '1903034107880038', '00', 'Darti susanti', 'P', '28-12-1986', '34', 'Nyelanding', '083126045417'),
('11178dd2-d5de-4f9b-977f-d6818adec5f4', '00-64-79', '1903034808560001', '0001849475395', 'Nuraini', 'P', 'Bencah,08 Agustus 1956', '64', 'Bencah', '00'),
('127c3557-2c0b-44d8-8447-0024ec96b386', '014802', '1903030306840001', '00', 'abong', 'L', '21-2-1989', '31', 'bencah', '082238870059'),
('1306e08e-acf2-49fd-816f-52f6a9fc6625', '01-48-15', '1903015103010003', '0523', 'Dewi rohayani', 'P', 'Air gegas, 11.03.2001', '19', 'Air gegas', '082800978990'),
('14e14bb9-7cd8-44aa-871a-6e2dbfda80b1', '00-34--26', '0020', '0001832230732', 'H.jahari', 'L', '05-11-1958', '60', 'Delas', '081929068178'),
('155caee0-7842-43cf-af35-099cf0c093e1', '01-13-74', '1903030107500036', '0001506677005', 'Rusli', 'L', 'Nyelanding. 01-07-1950', '50', 'Nyelandinh', '083173879582'),
('1569043d-d7de-410a-8433-aa0bd930dfbd', '00-97-19', '1901062712990002', '2671004957', 'Riduan', 'L', '27-12-1999', '21', 'Delas', '087896257686'),
('15833832-2336-4e86-9196-ec616c65173a', '01-45-11', '1903034106750002', '0002471885267', 'Martina wati', 'P', 'Bencah,01-06-1975', '45', 'Bencah', '0000'),
('15b781ff-c675-4772-b601-35202881416b', '01-24-82', '1903036810600001', '0000', 'Mainun', 'P', '28-10-1960', '60', 'Bencah', '0000'),
('17080df7-972f-42a1-8059-9ffc83f991b0', '00-65-64', '1903032503670002', '000', 'Romlan', 'L', 'airgegas,25-03-1967', '53', 'Airgegas', '000'),
('17311e6e-b76e-4dd1-9279-d5f636aa7fa1', '00-17-77', '1903035610950001', '0000', 'Resi cahaya', 'P', 'Delas,16-10-1995', '25', 'Delas', '083175270737'),
('17b02c08-8bf1-435e-a228-814b0de7a098', '00-62-81', '1903034211950002', '0002874725471', 'Sakinah', 'P', '02-03-1995', '25', 'Nyelanding', '083157971529'),
('1873fb2e-cc27-41c2-8c33-2df70d5f62c6', '000459', '1903034902600001', '2673349007', 'Damui', 'L', '19-2-1960', '60', 'Delas', '0819955759000'),
('19c17779-d02e-4ff5-9d10-53391987bb5d', '006028', '1903030107500018', '0000363074005', 'Hadan', 'L', 'Airgegas', '70', 'Airgegas', '0000'),
('1a39e377-3af0-41d8-8de0-9c95dc1ab89b', '01-47-89', '1903035110920005', '000000', 'Siti rawaida', 'P', 'Delas,11-10-1992', '28', 'Delas', '000000'),
('1a90854a-6e7b-4d59-a303-f3c89e67eff2', '01-47-03', '1903032001990002', '0000', 'Ahmad fikri rifai', 'L', '20-01-1999', '21', 'Airgegas', '085380395792'),
('1bb2a292-033f-4bcd-8bfc-02979e4ff71d', '00-45-91', '1903035503910005', '0001962588071', 'Ny yana', 'P', 'Sidoharjo,15/03/1991', '29', 'Sidoharjo', '087797589441'),
('1bdb86f7-378e-46f2-8ca9-803c95110ca1', '013686', '1903035709810001', '000', 'Mariana', 'P', '17-9-1981', '39', 'Airgegas', '0813'),
('1e967228-4ca2-44c5-a675-2b1a1b89664e', '00-15-50', '1903030608640002', '2740759907', 'H.sobirin', 'L', 'Airgegas,06-08-1964', '56', 'Airgegas', '0000'),
('1ead8adb-ac27-45f0-b49a-ccfe97bc8e8b', '01-46-27766', '00000', '00000', 'Yuni kartika', 'L', 'Delas,05-10-1994', '26', 'Desa delas', '081929205710'),
('1eec1f09-7783-4c47-b3ce-06b4dbd552a1', '002805', '190303470583000', '2901974218', 'Nursilawati', 'P', 'Airgegas,07/5/1983', '35', 'Airgegas', '000'),
('20bc4fef-4ec9-43c8-a245-a27dd03ed073', '01-03-80', '1903034502570001', '0000', 'Buti', 'P', 'Bencah,05-02-1957', '63', 'Bencah', '00000'),
('21afde5e-8f40-4795-ace8-d5d331631832', '014657', '1903034403820003', '0000', 'Wani', 'P', 'Bencah,04-03-1982', '38', 'Bencah', '0000'),
('21b3dce5-c07c-49f1-94cd-a2d8415918f7', '01-47-52', '1903036510770001', '0002880432437', 'Nur janah', 'P', 'Bencah, 25-10-1977', '43', 'Bencah', '0000'),
('21bda838-ded2-492c-9f46-3fa4c11f8b53', '01.46.41', '000', '0000', 'Nurdin', 'L', 'Nyelanding', '55', 'Nyelanding', '00000'),
('21f34838-5d72-4b4c-9b04-624777d0c79a', '000806', '1903034103740005', '000', 'Sulasmi', 'P', 'Delas,01/03/1974', '45', 'Delas', '000'),
('24485164-fd44-4578-9e3a-d5b1419fdbe5', '001027', '1903031909120001', '0002208779245', 'Rosi Aldiansyah', 'L', 'Airgegas,19 september 2012', '8', 'Desa airgegas', '081949070666'),
('2519f8f0-4934-426a-9ade-b68d10f8776b', '00-71-89', '1971026606660001', '0001240384127', 'Rosnani', 'P', 'Bencah,26-06-1966', '54', 'Bencah', '0'),
('257d9f61-5417-408a-b729-5271d6d39239', '008945', '1903034108980001', '0003053646099', 'Kutik kutika', 'P', '1 Agustus 1998', '22', 'Airgegas', '083175134826'),
('259f3299-b4eb-4241-ae68-fa99056081b9', '010431', '006', '0002766198982', 'Aghsa bilqiansyah', 'L', '10-01-2010', '10', 'Airgegas', '083175226369'),
('2618c02e-76c6-4532-a35b-f390cb29820b', '005542', '1903032811680001', '0002266141239', 'Syamsuri', 'L', 'Bencah,28-11-1968', '58', 'Bencah', '0000'),
('272c6eb8-266b-49aa-88f4-3a12a7b21839', '01-47-29', '0081', '363129614', 'Purwani', 'P', '17-08--1967', '53', 'Sidoharjo', '000'),
('27958731-fc74-4e72-aba8-9350ee1b72bc', '013826', '1903030608450002', '0002671449715', 'Madri', 'L', '6-8-1945', '75', 'Airgegas', '087896900546'),
('28124f47-deb5-4cf1-99d1-28d202a071b4', '01-38-20', '1903036512820002', '0002873110893', 'henita', 'P', 'pongok,25-12-1982', '38', 'tepus', '082289773047'),
('288eee7c-0d1f-4f62-a6b7-afae3a4e1d4c', '005883', '1903031002940001', '0002300846016', 'Elisa Aliska', 'P', '10 februari 1994', '26', 'Desa Bencah', '083175575397'),
('296c8fc9-dae5-4242-9033-3ab489b85a47', '01-48-14', '190303506665373', '0001506665373', 'Sinah', 'P', 'Air gegas, 01.11.1956', '64', 'Air gegas', '082289191819'),
('2983720b-dce0-4d95-bdd9-97feff2495a1', '01-46-70', '00002', '00002', 'Teri saputra', 'L', 'Bencah,29-03-2009', '11', 'Bencah', '085367918068'),
('2acc4d94-80b1-407a-a34e-40b2918d6065', '00-34-26', '0001832230732', '0001832230732', 'H. Jahari', 'L', 'Nyelanding, 05-11-1958', '62', 'Nyelanding', '081929068178'),
('2c3ed51b-06cf-4540-9ca1-7090875db8da', '002542', '1903036802610001', '0000363059381', 'Lina sutarsih', 'P', '28 Februari 1961', '39', 'Sidoharjo', '0813'),
('2c4a361f-fd89-410d-8166-52503b6bc5d9', '014754', '19030351709860001', '0000', 'yatman', 'L', 'batu betumpang,17/09/1986', '34', 'batu betumpang', '083187069837'),
('2d45ff01-99b3-4d01-ae01-0a48ca0eeca9', '01-48-06', '1903032403830002', '2380787392', 'Sutisna', 'L', '24-03-1983', '37', 'Airgegas', '0000'),
('2f085c34-484d-40db-84ba-44f026436914', '01-09-57', '1903031002660002', '0002319583702', 'Jahir', 'L', '10-09-57', '63', 'Delas', '083801011614'),
('2ff793f6-5b2d-4532-bdd3-f31643dfffd9', '00-90-43', '1903035103820001', '0001506673555', 'Hermawati', 'P', 'Nyelanding,11-03-1982', '38', 'Nyelanding', '083157925055'),
('305b0936-faf7-4104-a06c-f65dbce41ecc', '014659', '1903031906450001', '0000', 'H.sulan', 'L', 'Toboali.19-06-1945', '75', 'Airgegas', '0000'),
('306fb8a7-23cc-4d16-8dc0-5874d6c5a3ac', '01-14-85', '1903033112450001', '000', 'Mulyadi', 'L', '31-12-1975', '44', 'Bencah', '000'),
('312a1a81-317a-4e82-9d6a-e77116431f55', '00-33-15', '1903032910000002', '00', 'Bambang rahmadi', 'L', 'Bencah, 29-10-2000', '20', 'Bencah', '083175660747'),
('31309d94-e69c-458b-ad6f-e182904915e1', '012706', '3527095307900002', '0000000015', 'Saudah', 'P', 'Dusun baih,13-07-1990', '30', 'Desa Airgegas', '081368952104'),
('313568fc-dff8-44bd-b8e9-c3d16be3bebc', '01-47-14', '1802192712580001', '000', 'Suyitno', 'L', '0000', '00', 'Payung batu', '081279831110'),
('31c72f33-08bc-47f5-9861-523a617e17a8', '01-47-07', '1903032412000002', '00000', 'Rahimun', 'L', 'Banjarmasin,24-12-2000', '20', 'Nangka', '082226918047'),
('32f9b96a-3147-4bfc-b05b-9400c546af50', '014643', '1903035209870002', '0000', 'Agoti', 'P', 'Pergam,12-09-1987', '33', 'Pergam', '0000'),
('33187f31-d0f0-4a98-b249-5b59950e9bd8', '006155', '00006', '2319581081', 'Ibtadin anwar', 'L', '5-9-1979', '41', 'Delas', '0819'),
('33f72bac-626e-4161-8405-2674d27630c3', '00-02-89', '1903032503640002', '1506665755', 'Asri', 'L', '25-03-1964', '56', 'Airgegas', '0000'),
('3441a4b7-2226-4a41-a93c-4fabf18aa78a', '01-47-68', '1903036401000001', '363291761', 'Ani saputri', 'P', '24-01-2000', '20', 'Sidoharjo', '0000'),
('3445823b-23b0-441b-a69c-dc182485936a', '01-18-01', '1903035405900001', '0002380788134', 'Suniar', 'P', 'Delas,14/05/1990', '30', 'Desa delas', '087801749013'),
('3492c818-f3e1-47b5-9659-4162f241d619', '00-71-95', '1903036801170003', '0000', 'Hafiza nur alifa', 'P', '28-012017', '3', 'Airgegas', '085269851239'),
('34d16da3-8ce8-49f8-a40f-6a67d3d0c825', '00-44-32', '0043', '000', 'Sanjaya', 'L', '14-11-2011', '9', 'Airgegas', '083158859191'),
('36579f31-3c47-4549-819f-bcfd1731c361', '00-81-70', '1903030905630001', '2473264732', 'Rebuhi', 'L', '09-05-1963', '57', 'Airgegas', '081927677086'),
('3840cca4-41b5-4960-8c83-b48585bc1298', '014269', '1903034301000001', '0002472843374', 'Siti Aminah', 'P', 'Tepus,13 januari 2000', '20', 'Tepus', '081277574264'),
('38867e7d-d025-4fa4-97dc-18d3749c058d', '01-48-64', '1903035909870001', '000274611663', 'Yuyun', 'P', 'Air gegas, 19-05-1987', '33', 'Air gegas', '083154753183'),
('38e4f1ee-0116-4fda-996f-fdd2e2188cd3', '01.19.49', '1903036310000003', '0025', 'Rika saipi darmita', 'P', 'Delas, 23-10-2000', '20', 'Delas', '0852'),
('399e7089-384c-4336-85a8-696c2662dd39', '014828', '1903036104990004', '000006', 'Daying', 'P', 'Ranggas,21-04-1999', '21', 'Desa ranggas', '083802251029'),
('3a261e46-2ef3-423e-be90-e82a05b024eb', '013653', '1802234504680002', '0002770451831', 'ST.Napsiyah', 'P', 'Lampung tengah,05/April 1968', '52', 'Desa tepus', '0812500020009'),
('3a4f2c3c-7878-4687-b442-a4e33f937770', '00-45-39', '1903036503710001', '1506784634', 'Sarwati', 'P', '25-03-1971', '49', 'Pergam', '087896330921'),
('3c58155e-c8b4-4a37-a107-12582ebff902', '01-39-29', '1903036104590001', '0000', 'Pelia', 'P', 'Bencah,21-04-1959', '61', 'Bencah', '00000'),
('3c6cdf65-9cda-42ac-996c-c0186471ce72', '01-11-81', '1903031110180001', '0002520403143', 'japril', 'L', 'pergam,11-10-2018', '2', 'pergam', '00'),
('3c7e16af-0fb0-479f-9b40-6dc5a970d61f', '014656', '1903034107590058', '000269825409', 'Sami\'ah', 'P', 'Bencah,01-07-1959', '50', 'Meleset', '0000'),
('3cb7a50c-a67a-40b6-9f00-aa948d1f2912', '014698', '1903030312570000', '000', 'Asnadi', 'L', '3-12-1957', '63', 'Bencah', '0857671458'),
('3d5d4d63-928f-44c2-9392-bad8a08a4932', '01-47-70', '1903036503920002', '0000', 'Sukarti', 'P', '25-03-1992', '28', 'Bencah', '082278593970'),
('3d765562-d561-4646-be89-d3be915909b3', '01-42-91', '1903035011890001', '00', 'Sriyana', 'P', 'Bangka,10-11-1989', '31', 'Sidoharjo', '085267381751'),
('3ea4d99b-0e84-4fed-8427-aba553914833', '01-27-94', '0039', '000', 'Erni', 'P', '0000', '40', 'Bencah', '000'),
('3ee9a631-32ab-4776-8512-17c58ccb2e06', '01-46-70', '1903036402620001', '0002449916695', 'Ruswati', 'P', 'Sidoharjo,24-02-1962', '58', 'Sidoharjo', '085377755348'),
('3f3911b4-628e-4cd3-a64a-88da8dc7ed65', '01-46-72', '1903034407890001', '00000', 'Misrati', 'P', 'Madura,04-07-1989', '31', 'Airgegas', '0853495131'),
('3f8b1648-9f9b-4e3a-b172-88abcf0d899e', '014435', '008', '0002474381856', 'Hendri nurohim', 'L', '23-12-2002', '17', 'Sidoharjo', '085273105241'),
('40ab2e52-7487-4b05-943b-f0524a637fa1', '01-24-11', '1903032609190001', '0002895391732', 'Indra wicaksana', 'L', 'Sidoharjo', '1', 'Sidoharjo', '082275811507'),
('40b5c5cf-0a94-4305-a9e4-6dd4e80a97b9', '007211', '1903034101920001', '002425478038', 'Sutri andriani', 'P', '1-1-1992', '28', 'Airgegas', '08191995345699'),
('416355ec-3c76-4797-9724-2bb3a70d2a02', '01.38.72', '005', '0054', 'Siti nurbayan', 'P', 'Sidoharjo. 17 juli 2001', '20', 'Sidoharjo', '081369593042'),
('4186dc2c-bbd6-4e77-bf17-f18ab330c2dc', '01-47-30', '1903034404810002', '362688963', 'Marisna', 'P', '04-04-1981', '39', 'Nyelanding', '0000'),
('418f051a-9b97-4f42-b40f-ba28197608d2', '00-53-91', '190303710500001', '362665809', 'Sri Maryati', 'P', '16-04-1970', '50', 'Tepus', '081290786763'),
('427ad449-ea00-4b32-8443-9fc7e5ff52d3', '00-51-79', '1904050304840002', '0002674612258', 'Achmad yani', 'L', '03-04-1984', '36', 'Nangka', '085839194811'),
('4331d179-7445-48e9-9f93-4d45eff69e94', '01.46.87', '1903035601870003', '00', 'Eliawatu', 'P', 'Bencah, 16-01-1987', '33', 'Bencah', '088276577231'),
('436e120e-2aec-435b-a4ae-615ce3d3fdf2', '00-62-81', '0027', '0002874725471', 'Sakinah', 'P', '02-03-1995', '23', 'Nyelanding', '082186787818'),
('441ba532-5c0d-443f-86bb-dc8698ba9e5a', '00-03-27', '1903030311130001', '0000', 'Amin barokah', 'L', 'Sidoharjo,03-11-2013', '7', 'Sidoharjo', '081278345949'),
('44ff8b2d-950d-4643-9e48-22f2a894e839', '01-46-52', '1903036010020001', '0002696142982', 'Mutia ningsih', 'P', 'Bencah,20-10-2002', '8', 'Bencah', '083175177928'),
('4520fe23-f5c6-4a78-bc94-55769e1aeccf', '00-54-82', '0082', '0002380787482', 'Eli julita', 'P', '13-06-2011', '7', 'Airgegas', '000'),
('456827a5-4a69-4510-bade-bbf611b20d97', '00-43-23', '1903034102580001', '0001506781034', 'Masia', 'P', 'Pergam,01-02-1958', '62', 'Pergam', '081995292162'),
('45adc6f1-b500-4339-b43d-e5cd9b2ad5d9', '00-34-26', '1903030210630001', '0001832230732', 'H.jahari', 'L', 'Delas,05-11-1958', '62', 'Nyelanding', '00'),
('46f2e974-d543-4b8b-958e-da6a1d75d3b7', '01-47-69', '1310061507810001', '0000', 'Tumijan', 'L', '15-07-1981', '39', 'Bencah', '082278593970'),
('47489ba4-1187-4875-b46b-7ad27c395785', '00-90-66', '1903031212570003', '2426401012', 'Badrun', 'L', '12-12-1957', '63', 'Airgegas', '00000'),
('48252131-c3bc-4dcc-982a-ce7ba50be997', '014167', '1903036104570001', '0002671377175', 'Rosina', 'P', 'Bencah,21-04-1994', '66', 'Desa Bencah', '0000'),
('48c1c197-9b15-45d1-a1bf-4bc6c83a2ca6', '001876', '1903036610930002', '0002343264344', 'Irmayanti', 'P', 'Bencah,1-11-1993', '27', 'Bencah', '0000'),
('49cb57df-f405-4b45-96f6-873d68df2e69', '01-02-83', '1903030107870213', '0001303329824', 'Sudirman', 'L', 'Pergam', '33', 'Pergam', '081995664339'),
('4b1b2cb1-d895-4220-a2fc-ae5f5294573e', '01-37-64', '1903032511550005', '0002476189596', 'M.Yusup', 'L', 'Solo,25-11-1955', '65', 'Tepus', '081368618757'),
('4c9c5cba-4258-4cd3-ab4f-73e0368e69f5', '00-81-14', '1903034102690001', '0002231517352', 'Punadah', 'P', '01-02-1969', '51', 'Tepus', '081995519169'),
('4cdd9e3c-1675-4aa0-8d36-fbec3d23c075', '01-47-21', '0000000000', '0000', 'Rehan wijaya', 'L', 'Bencah,21-04-2019', '1', 'Bencah', '00'),
('4cf4b6f4-d32f-4c11-92ba-45225e0c0a13', '01-46-11', '1903034301960002', '0002901973375', 'Beta andriyani', 'P', 'Delas,03-01-1996', '24', 'Delas', '000000'),
('4d2faa69-e31f-4e34-b325-04b1226448b9', '01-18-53', '1903035408710001', '150666811', 'Menu', 'P', '14-08-1971', '49', 'Bencah', '00000'),
('4d6234b4-b2d7-4668-88e0-cfd7499af5a9', '00-54-30', '360165910930003', '3060236169', 'Vis srimulyati', 'P', 'Tepus. 19.10.1993', '27', 'Tepus', '081327453698'),
('4d93b612-1164-4f7c-9be2-78ecdd9fc9a3', '00-61-58', '1903031208660002', '0002243123199', 'Arin', 'L', 'Delas,12-08-1966', '54', 'Delas', '0000'),
('4d992b6b-3598-4028-85d4-c43443eefe47', '01-46-47', '1903030512970001', '00000', 'Dedek K', 'L', 'Pergam,05-12-1997', '23', 'Pergam', '087894962576'),
('4e60bf81-a492-4002-a853-c400f711ede2', '01-27-67', '1903035008510002', '0002478470995', 'SULA', 'P', 'BENCAH,10-08-1951', '69', 'BENCAH', '0'),
('4e906f02-ba38-4314-9ea8-d9f69b6b8d0d', '00-86-05', '1903035706600001', '2904870565', 'Manisa', 'P', 'Delas,17-06-1960', '60', 'Delas', '081995733044'),
('4e92b7a0-bc0c-4ae1-862a-a8e859acfca5', '014725', '1903034206200002', '00', 'Nayyara labiqa raisya', 'P', '02-06-2020', '5', 'Nyelanding', '085208282444'),
('4fed0cf4-a53a-46dd-8881-75a19a9e6817', '01-46-50', '1903032404950001', '0000', 'Riki saputra', 'L', 'Nyelanding,24-04-1995', '25', 'Nyelanding', '087896818742'),
('500fc525-e594-4cf8-8cb0-0c7b3dc5b99d', '01-39-98', '0042', '0003047713018', 'Sumiati', 'P', '24-10-1974', '45', 'Pergam', '000'),
('5058cc64-5621-4679-8f7b-ca1a84fb4069', '01-45-73', '1903034307980001', '0002875529171', 'Ayu lestari', 'P', 'Nyelanding,03-07-1998', '22', 'Nyelanding', '00000'),
('523d85b9-39d5-4aa3-9a01-32e685e5b753', '01-44-35', '1608122312020002', '0002474381856', 'Hendri nurohim', 'L', 'Sidoharjo,23-13-2002', '18', 'Sidoharjo', '085273105241'),
('52ceb415-a710-4a44-8107-9b2480be42dd', '014686', '1903014802970002', '0003051460451', 'sapina fadillah', 'P', '08-02-1997', '23', 'pergam', '081271335525'),
('5314f93f-449a-4d24-90e8-9fb2f058c924', '01-48-59', '1903030210600001', '0001506665709', 'Arpan', 'L', 'Airgegas,02/10/1960', '60', 'Desa Airgegas', '081268423185'),
('5392fdd3-e78d-4605-8dc3-f1a42fd98676', '00-00-43', '1903030506940004', '0000', 'Pitra romadhon', 'L', 'Delas,05-06-1994', '26', 'Delas', '083821096258'),
('54702501-e85a-446d-a808-b3e52e5b7cab', '01-10-18', '1903034412980002', '0002471996968', 'Della', 'P', 'Pergam,4-12-1998', '22', 'Pergam', '082278573790'),
('56340f1c-5e3a-4c37-90a3-3dc3900d35e9', '00-02-30', '0044', '0000363913986', 'Taksia', 'L', '01-07-49', '70', 'Delas', '000'),
('57501365-8f30-4e6d-a38f-ff4f58565560', '00-04-45', '1903030109480001', '997982122', 'Yauni', 'L', '01-09-1948', '72', 'Delas', '087770104620'),
('5757dfdb-e655-42ff-a7c4-ba4dd5c59e90', '00-10-92', '1903034605520001', '0000', 'H.zalama', 'P', '06-05-1952', '68', 'Bencah', '085273451457'),
('579a5f5c-5b0b-460c-b3dd-5042964e6044', '00-82-88', '1903030107570145', '000305760033', 'Tn. Mumir', 'L', 'Delas, 02-12-1957', '63', 'Delas', '081354753183'),
('57ae7fcc-c9a3-4260-aede-fd0a927b9209', '01-04-12', '0033', '2873173972', 'Santi', 'P', '11-21-1980', '38', 'Pergam', '081995687404'),
('58a68daf-0d5c-42ed-84ae-6626f89069a8', '00-13-90', '1903031102560001', '0001803975917', 'Sardio', 'L', '11-02-1956', '64', 'Airgegas', '082376143589'),
('58e541df-5dcc-4008-b8c5-491fc7b0988c', '014699', '1903034107700126', '002887250163', 'Sami\'ah', 'P', '1 Juli 1970', '50', 'Pergam', '0813'),
('5953e3c6-2b0b-4751-9d5b-7d310c797db4', '01-41-06', '1903036507990001', '0000363866815', 'Wulandari', 'P', 'Delas,25-06-1999', '21', 'Delas', '083157943480'),
('5a3be5da-1c26-43bb-bd88-f02d6ad66920', '000795', '0001', '0002303312788', 'Illia kontesa', 'P', '23-8-1973', '47', 'Bencah', '0813'),
('5a4a0148-359d-4e46-a081-a0ff98490edb', '00-86-27', '1903031102980003', '1506677297', 'Andi', 'L', '11-02-1998', '22', 'Nyelanding', '081995550649'),
('5b717afe-86da-4422-9351-f2f15c20f8c0', '01-47-06', '1903034107000063', '0000', 'Irmawati', 'P', '01-47-06', '20', 'Tepus', '082226918147'),
('5b7a046b-56fb-4f52-9658-23d50fb81be9', '01-46-98', '0037', '000', 'Asnadi', 'L', '0000', '00', 'Bencah', '000'),
('5b91b45e-cc21-4533-b958-d8e09760e5dd', '000513', '1903034402770001', '1506667015', 'Sumarni', 'P', '4-2-1977', '43', 'Airgegas', '0813'),
('5bfde599-4241-4dcf-9b0c-cda925695e21', '014640', '1903030807790004', '0000', 'Misnadi', 'L', 'Lampung,08-07-1979', '41', 'Airgegas', '081927617261'),
('5de43c87-4285-4788-bfae-c48c657b49c5', '01.46.88', '0052', '0002925288819', 'Yogi', 'L', 'Air gegas, 01.02.2008', '12', 'Air gegas', '085236'),
('5e1f6870-fc8b-43a3-87ea-e49a188b3125', '01-43-10', '1903034307540001', '0002671377759', 'Jainap', 'P', 'Nyelanding,03-07-1954', '66', 'Nyelanding', '083148949614'),
('5e2180ca-8ff3-48ce-885b-58eb89c26166', '00-37-42', '1903031010610002', '0002501029833', 'Abdus somad', 'L', '10-10-1961', '59', 'Airgegas', '000000'),
('5e51a956-bc6d-4159-87fb-2eb4bed23776', '014660', '1607144107910078', '0000', 'Fitriana', 'P', 'Banyuasin,01-07-1991', '29', 'Delas', '0000'),
('5e831326-37f7-49b6-9581-6f55ae466a94', '01--47-08', '1903035302030003', '0000', 'Diyana umi irmala', 'P', '13-02-2003', '17', 'Sidoharjo', '082280101976'),
('5eed0d96-1973-46a9-9dd5-d89e1f40d340', '005914', '1903035204010002', '0000362660771', 'sundari', 'P', '12-4-2001', '19', 'tepus', '082269716332'),
('609e2c28-9b9e-4847-bed1-842396f55bd6', '01-46-66', '1602175302930001', '00', 'Trisnawati', 'P', 'Air itam,10-10-1994', '26', 'Bencah', '081377505891'),
('60b14b19-9f07-41f1-9bb8-328f3278fb42', '01-47-22', '1905012411850003', '0000', 'Iqbal', 'L', 'Mentok,24-11-1985', '35', 'Mentok', '000'),
('613832b0-569f-4d2e-8796-37b49f7ca0c7', '01-41-86', '0000000', '00', 'regi saputra', 'L', 'airgegas,13-11-2006', '14', 'airgegas', '000'),
('621798e2-33aa-4b36-b644-a1f4890d7232', '01-28-37', '1903031712610001', '0002761627252', 'sucipto', 'L', 'sidoharjo,17-12-1961', '59', 'sidoharjo', '083175703699'),
('630bfac7-f428-4e8b-a874-816a45badd4c', '01.35.76', '1903066501000001', '000271637602', 'Wanda kumalasari', 'P', 'Terap, 25 januari 2000', '20', 'Air gegas', '083176044412'),
('6349a0bb-c12e-41ac-a433-5d59d5c7a813', '014755', '1903035504940004', '0000', 'fitri handayani', 'P', 'nyelanding, 15/04/1994', '26', 'nyelanding', '083187069837'),
('64b101db-f49e-4a88-be29-9ae88362d064', '006645', '1903035506800001', '0002264081297', 'Kana', 'P', 'Delas', '39', 'Delas', '0000'),
('659fa6b6-b705-4435-918e-7ba95bbfcd42', '014101', '0003', '0002521196515', 'Saufi', 'L', '20-11-2014', '6', 'Bencah', '0813'),
('6645dcee-0f22-4805-a921-7e46e1b6a0f5', '014689', '1903034701990004', '000000000012', 'Ny humairoh', 'P', 'Airgegas,07-01-1999', '21', 'Airgegas', '08121993326157'),
('6779e6dd-3250-4b10-b5f1-bc98ea10e266', '01-36-43', '1903032503730002', '0002892106348', 'Adam', 'L', 'Nyelanding,25-03-1973', '47', 'Nyelanding', '087797144386'),
('687acef2-d9ff-4c34-a734-fa4d5322444e', '007646', '1903035004900001', '997981874', 'Kanyet', 'L', '10-04-1990', '30', 'Airgegas', '087749355716'),
('68bb767a-716e-43e1-80ac-a4600453dc58', '014697', '1901010503740002', '000', 'Bustami herman', 'L', 'toboali 05/03/1974', '46', 'Delas', '082176147166'),
('68e00a2d-0439-46f1-9cc4-7d60043ee70a', '01-41-67', '0041', '0002671377175', 'Rosina', 'P', '21-04-57', '63', 'Bencah', '000'),
('6accc4f6-c36c-47ca-80aa-261b66749a47', '00-52-06', '1903031205660008', '0002091876311', 'Tarmizi', 'L', 'Airgegas,12-05-1966', '54', 'Airgegas', '000000'),
('6b77c52f-0bc2-414f-9b73-b8d193336974', '001516', '1903035201780004', '0000028296753', 'Supansia', 'P', '12-1-1978', '42', 'Delas', '085267536344'),
('6bb79275-5c8a-4f61-9d71-9976f62d1972', '00-15-09', '1903031108700001', '0002453325287', 'Wandi', 'L', '18-12-1970', '50', 'Bencah', '00000'),
('6da1a730-fbd8-472b-9253-226b9f77bc43', '01-31-13', '1903034607010002', '2673349075', 'Rita', 'P', '06-07-2001', '19', 'Delas', '083801013498'),
('6db95dfd-4322-4e28-8183-12d14527de76', '01-48-66', '1903035001790002', '0002693730374', 'Yana', 'P', 'Bencah, 10-01-1979', '41', 'Bencah', '081245872154'),
('6dc2ed61-ecb8-4301-9671-98771640ec92', '014651', '1903031003500001', '00', 'Bujang ca', 'L', '10-03-1950', '70', 'Bencah', '08136'),
('6ea72313-0d6f-4f2b-936c-723721bad637', '00-41-12', '1903034508520001', '0001506666284', 'Solya', 'P', 'Delas12@07-19-1952', '68', 'Delas', '081324571289'),
('70318902-7987-498b-9ebe-7f02d5f6dc6e', '01-28-50', '1903032004580001', '1506665147', 'Jamaludin', 'L', '20-04-1958', '62', 'Airgegas', '081995357865'),
('709693df-a3e4-4bdd-976a-d97f80abd302', '01-47-64', '1903034104870002', '0000', 'Siti nurmaya', 'P', '01-04-1987', '33', 'Sidoharjo', '082269869292'),
('70a6e7e0-08e0-4936-9586-7dbfeb8ec417', '014658', '1903014211950003', '0000', 'Darwari', 'P', 'Rias,02-11-1995', '25', 'Airgegas', '0000'),
('72e4a6fc-fd5a-4c81-8922-9eee1fef614d', '00-78-31', '1903035503870002', '2770434696', 'Ernawati', 'P', 'Air gegas, 15-03-1970', '40', 'Air gegas', '08526457213'),
('739a4f30-4269-44b0-8ff8-3e1857178fe5', '00-22-16', '0051', '0000363913187', 'Abidin', 'L', '09-02-1973', '47', 'Delas', '000'),
('73f2e658-6f6d-4078-84b3-3abcb35af952', '01-35-28', '1903034708830002', '2882142718', 'Rikawati', 'P', 'Tepus, 07-08-1983', '37', 'Tepus', '082373497970'),
('752a7f76-a862-4752-866b-6bf0d3ae65ac', '01-47-02', '1903036112990002', '2766200984', 'Ari wibowo', 'L', '21-12-1999', '21', 'Nyelanding', '083175741932'),
('753703ca-2718-489b-9ebc-88f21d317956', '011148', '1903030411680003', '0002766766948', 'Sailan', 'L', '4-11-1968', '52', 'Airgegas', '083175411834'),
('75ff05a7-93bb-4cc7-9fa3-e1320b4d12c9', '012505', '1903016109800002', '0002904320755', 'Latipah', 'P', 'Bencah,21-09-1980', '39', 'Bencah', '0000'),
('76be237e-714f-4016-bd35-22d4e7443490', '010936', '1903031501530001', '0001380637495', 'H.jemahar', 'L', '15-1-1953', '67', 'nyelanding', '083801013908'),
('76dd1bf4-b891-401a-a9d8-b9b41d6401eb', '01-27-72', '1903031507570001', '2880878457', 'Min', 'L', '15-09-1957', '63', 'Nyelanding', '0000'),
('777f9ae0-5611-4610-acc2-8fbf86320056', '01-10-67', '1903035207100002', '000257648543', 'Tania putri', 'P', 'Nyelanding,12-07-2010', '10', 'Nyelanding', '081929124349'),
('77e15598-fd13-45ef-bb70-1f66f8ff5225', '01-46-88', '085267', '0002925288819', 'An. Yogi', 'L', 'Air gegas, 01-02-2008', '12', 'Air gegas', '081998333106'),
('77ee884d-ee93-4bdd-a0e6-a43d7c289f14', '006452', '1903032106620001', '0001972364265', 'rosalik', 'L', 'pergam, 21/06/1962', '58', 'pergam', '00'),
('791cd185-fb5b-402c-8737-9113e16998dc', '00-99-46', '1801170302880001', '000000000056', 'Hariyanto', 'L', 'Delas,03-02-1988', '32', 'Desa delas', '085274332554'),
('79fdf59b-7b03-4d6b-821b-5bec3aa62b27', '004218', '1909094909930002', '0002622469691', 'Eti', 'P', '9-9-1993', '37', 'Delas', '083192050717'),
('7e6d26f7-f07a-4fa7-9431-b8d23733716c', '00-70-97', '1903034501860002', '00000', 'Nita', 'P', 'Bencah,05-01-1986', '34', 'Tepus', '082374755155'),
('7e8d385d-c6f1-4fb4-bc40-aa49c5bc2cbb', '014631', '000123', '000321', 'Nurlina', 'P', 'Lampung 25/01/1981', '39', 'Airgegas', '085368568750'),
('7ee79531-86af-4682-bb6d-fa0a2b1b08c9', '01-08-11', '1903034107950007', '0002459412808', 'Ria Lestari', 'P', '19-08-1996', '24', 'Nyelanding', '083170930764'),
('7f676594-5005-4064-a787-de3bf5f9d194', '014758', '1903036007660001', '0000027924129', 'irmawati', 'P', '20-7-1966', '54', 'delas', '087838705768'),
('7fb20a9e-c54c-4138-9462-ff99bb50f2a3', '01-06-83', '1903034705630002', '2747057949', 'Mari', 'P', '07-05-1963', '57', 'Delas', '083179124822'),
('8015c126-f872-45c1-9b96-f4e7fec27d52', '01-47-50', '1903034305640001', '00000', 'Mastinun', 'P', 'airgegas,03-05-1964', '56', 'Airgegas', '085925503260'),
('813f68c8-d1a9-4c5f-a7c5-985b6910cb8f', '001089', '1903034107740010', '0000007', 'Erna', 'P', 'Airgegas,01-071974', '46', 'Desa airgegas', '081995589158'),
('8258c579-c7e5-4318-938a-79d52776c632', '012173', '000013', '2884438574', 'Yesi', 'P', '12-7-1994', '26', 'Delas', '0813'),
('82c0115f-1456-4af8-b1c8-a492e43a60cc', '00-22-16', '1903030902730001', '363913187', 'Abidin', 'L', '09-02-1973', '47', 'Delas', '0000'),
('830569a0-19a4-4dee-a891-c325c57e7a77', '01-46-39', '1903016011760001', '0000', 'Elvira Novitasari', 'P', 'Toboali,20-11-1976', '44', 'Desa Bencah', '0000'),
('832cd05a-b4dd-4ae9-a721-e90b68a24b29', '014723', '1601081912540001', '00', 'amin junaidi', 'L', 'tanjung inim, 19/12/1954', '66', 'airgegas', '00'),
('84757750-1ec1-4f00-913a-375d54c0fd9c', '00-79-33', '1903031608560001', '0002267276725', 'Azhari', 'L', '16-08-1956', '64', 'Airgegas', '00000'),
('84920600-0fa4-44e0-84af-9e33d3fadadc', '00-72-31', '1903030412690001', '0001240384116', 'Suhardi', 'L', 'Bencah,04-12-1969', '51', 'Bencah', '085267492886'),
('851dfa33-7512-44df-a6e7-666785ab4c26', '01-27-53', '1903030608860003', '2521763403', 'Toni', 'L', 'Bencah,06-08-1986', '34', 'Bencah', '0000'),
('861b038f-9f85-403f-bd68-fb624a01767d', '00-02-30', '1903034107490033', '363913986', 'Taksia', 'P', '01-07-1949', '71', 'Delas', '0000'),
('864287d2-c094-499a-9632-e3835da79deb', '01-47-65', '1903032503950001', '0000', 'Sopian', 'L', '25-03-1995', '25', 'Airgegas', '081397444308'),
('8676b0c5-4a20-417a-ad8f-6fcd99a7b00c', '01-47-09', '0024', '0000363060966', 'Diana eka safitri', 'P', '12-01-2001', '19', 'Sidoharjo', '082180378280'),
('8789d90d-3d99-4212-8575-80baa8391ff2', '01-00-34', '1903034609800001', '0001506665564', 'winda astuti', 'P', 'airgegas,06-09-1980', '40', 'airgegas', '000'),
('88a4254e-6a0b-4802-b65a-9fc646c4024a', '00-60-68', '1903036511980001', '0000', 'Esti arizola', 'P', '25-11-1998', '22', 'Nangka', '081992039675'),
('895edf4c-4acd-426e-850e-7bfa21b254e5', '00-19-35', '1903030807970004', '0000997982436', 'Suno', 'L', 'Delas,08-07-1997', '23', 'Delas', '0'),
('8a194755-c386-42a9-ae22-3b3711ab137a', '01-06-10', '1903034702010003', '00000', 'Apitriyanti', 'P', 'Tepus,07-02-2001', '18', 'Tepus', '083175292169'),
('8a51715e-3971-4af8-bfb5-2bcb66210c57', '014585', '1903034408610002', '0003046646338', 'Asma', 'P', 'Delas,4 agustus 1961', '59', 'Desa delas', '00000'),
('8b51f265-50fb-4c08-b2b4-832e6348ffcd', '01-48-60', '1903035009760003', '0002753336722', 'Maryati', 'P', '10/09/1976', '44', 'Sidoharjo', '083175040430'),
('8b5a357c-1bda-4fef-8f80-63d42f909972', '00@05-29', '1903032105480001', '00028307294', 'Abu naim', 'L', '21-05-1948', '72', 'Airgegas', '00000'),
('8bc8cb5f-64f4-4547-b632-6a4b5c87b5f3', '002216', '190303090273001', '0000363913187', 'Abidin', 'L', 'delas 09/02/1973', '47', 'Delas', '000'),
('8bd37994-cfff-4add-b3bb-6a55fa77fa81', '00-17-55', '1903034508710002', '2086125142', 'Nurhayati', 'P', '05-08-1971', '49', 'Airgegas', '085764620796'),
('8d6f0f58-5b57-4125-9e3f-88747f05b7b6', '00.69.57', '00', '00', 'Mardianti', 'P', 'Bencah', '33', 'Bencah', '00000000'),
('8d71013f-b926-4104-8f11-941cc6e12a2d', '00-15-38', '1903031507760005', '0002766198982', 'Hamit', 'L', 'Nyelanding,15-06-1976', '54', 'Nyelanding', '000000'),
('8d7d18e4-1501-4629-b08c-e41dcd8c39e5', '00-08-11', '1903034401690003', '2924568292', 'Yati', 'P', '04-01-1969', '51', 'Airgegas', '087896795338'),
('8ea45ecf-dcc3-4a8c-9316-e384e2872001', '01-15-95', '12345', '123456', 'Ayu endah pratiwi', 'P', 'Air gegas, 25.12.2018', '2', 'Air gegas', '082179426956'),
('8efc74d9-db53-4e0f-9188-ecbf599159db', '00-64-25', '1903030702150001', '0000', 'Ferrel', 'L', '07-02-2015', '5', 'Tepus', '081271867535'),
('8f32fa13-fb86-49da-91c5-3890e4f8f59e', '00.46.97', '1903035501710001', '085', 'Susiyah', 'P', 'Cilacap. 15-01-1971', '49', 'Nangka', '085236'),
('8f810e4b-798f-4ddd-962d-6be1d823c30c', '014668', '1903035111820004', '0002673348039', 'Martiwi', 'P', '11-11-1982', '37', 'Sidoharjo', '085269874560'),
('90871af5-7112-457a-8020-086415eec83a', '01-46-67', '0004858', '0800000', 'Santi', 'P', 'Airgegas,02-12-1988', '32', 'Airgegas', '00000'),
('90d40383-549c-4478-977a-497170bec119', '014763', '1903034701060002', '0001506666644', 'jeni mustika', 'P', '3-1-2006', '14', 'airgegas', '0813'),
('91b69cf1-77d6-46de-aba9-3249486e78d6', '001669', '1903035111790003', '0001903136049', 'Sarifah', 'P', '11-11-1979', '41', 'Bencah', '083175411998'),
('9235ac83-8649-4d6d-b2fe-0f4ef1e70b90', '00-06-57', '1903030703050003', '0003050927954', 'Muhammad rifa\'i', 'L', 'Airgegas,07-03-2005', '15', 'Airgegas', '0'),
('92f609f6-9fa5-4583-b697-7d4e41f541a4', '01-48-12', '1903034104720003', '0000052', 'Alia', 'P', 'Delas', '58', 'Delas', '081992288714'),
('9355edfc-8793-4fa6-b64f-5e4e7c7ff603', '01-45-62', '1903017112820004', '2067854321', 'Desi haryani', 'P', 'Bencah,31-12-1982', '38', 'Bencah', '085377734280'),
('93787ad7-d684-4372-9f14-6262ebea7911', '001147', '19030364118900002', '0002208779245', 'Nurhayati', 'P', 'Madura,24 november 1989', '31', 'Desa Airgegas', '081949070666'),
('93a983bf-1520-419b-b634-8034f9fe4a99', '01-47-28', '8171027005890002', '1869411407', 'Dewi srikandi', 'P', '30-05-1989', '31', 'Airgegas', '085343239589'),
('94b01e61-97a5-4541-be72-eb259be08508', '01-48-39', '1903031505880004', '0003049123307', 'Yusup', 'L', 'Airgegas', '32', 'Airgegas', '0000'),
('95fb0882-2d21-4a50-ac60-1c40d7b83598', '00-62-36', '1903036008950003', '0002776885514', 'Susilawati', 'P', 'Airgegas,29-08-1995', '25', 'Airgegas', '083821096258'),
('95fe6001-905e-4118-be05-46a5c3b45f26', '005293', '1903035304930001', '0000363946329', 'Mega', 'P', '13-4-1993', '27', 'Nyelanding', '0813'),
('975f3442-d6d7-47fd-b176-10247abe4b6b', '01-47-67', '1903036804940002', '2673347859', 'Iis yulianah', 'P', '28-04-1994', '26', 'Sidoharjo', '085269874181'),
('980c3c44-ebe2-4b35-a5d9-89ad4da07bf6', '01-40-25', '1903035103780002', '00', 'Siti ayu', 'P', 'Cambai, 15-05-1978', '42', 'Delas', '083179109863'),
('9866ea30-57c7-4140-8ce2-f3d1040f742a', '009852', '1903015005810003', '0001834745152', 'Dartik', 'L', '10-05-1981', '39', 'Sidoharjo', '0813'),
('98a4c87b-cf7f-4e2c-bb8f-14c8a6e2d4fc', '00-47-34', '0040', '0002501054458', 'Jenia', 'P', '19-11-1982', '38', 'Nyelanding', '000'),
('98a97b59-b7e7-416d-9642-57780e5cbff4', '01-48-39', '19030315058800046', '0003049123307', 'Tn. Yusuf', 'L', 'Air gegas, 15.05.1988', '37', 'Air gegas', '08523645'),
('98e399f2-7817-451f-83f6-fc0dab91f453', '01-40-85', '1903034802860004', '0001506687322', 'Yanti', 'P', 'Tepus,08-02-1986', '34', 'Tepus', '083001311972'),
('992004d3-91f4-49bc-9475-b5aa1480275d', '00-91-79', '1903033112640002', '0', 'Samsuri', 'L', 'Jateng,31-13-1964', '56', 'Airgegas', '081995648908'),
('9a4696ae-5c4b-4fba-a1b4-fd9b0e3e161a', '00-46-07', '1903030505760003', '55555', 'Mujahidin', 'L', 'Bencah, 05-05-1976', '44', 'Bencah', '081271060877'),
('9a7de46a-cc23-49d5-99ee-93c50f3243f7', '01-46-94', '1903056504950001', '00', 'Sri lestari', 'P', 'Pajar indah, 25-04-1995', '25', 'Sidoharjo', '083163552157'),
('9b471f74-c3c1-4c46-9e16-4ac8bb07304b', '005476', '1903036201790001', '2201325298', 'Murni', 'P', 'Airgegas,23/1/1979', '40', 'Airgegas', '000'),
('9dd6f82e-cc3b-4614-b2f9-a24c49996751', '01-47-19', '1903035205540001', '000', 'Mera\'a', 'P', 'Delas,12-05-1954', '66', 'Delas', '085378579371'),
('9e0b4946-7a57-414b-b386-7025b9610a8f', '01-43-51', '1903034507030001', '0002875529002', 'Inda', 'P', 'Nyelanding,05-07-2003', '17', 'Nyelanding', '083173965861'),
('9e4bcd08-a4bd-4a8a-8b45-0dc3ce70d079', '006188', '1903034502010002', '00', 'lilis warpaningsih', 'P', '9-2-2001', '19', 'tepus', '083177768165'),
('9f07a04a-0605-478a-8868-d9c253d1b335', '01-00-31', '1903036309120001', '0001506665597', 'selfi anisa', 'P', 'airgegas,25-09-2012', '8', 'airgegas', '0000'),
('9f37a96c-5f91-4804-aedd-95f24baed788', '01-03-97', '1903035901570003', '0002622404452', 'yutri', 'P', 'tepus,19-01-1957', '63', 'tepus', '081369318138'),
('9f4eb1f5-ed26-4a94-8b7b-77318e0de82c', '01-39-98', '1903035003760001', '0003047713018', 'Sumiati', 'P', 'Pergam,24-10-1974', '46', 'Pergam', '0'),
('9f715b47-e6f6-4210-baf2-0820ec2c5e90', '01-45-49', '0034', '2873174027', 'M.ilyas', 'L', '22-09-2015', '5', 'Pergam', '0852'),
('9f7e7490-a899-44e9-abfc-a622bd765a07', '011259', '1903036610440001', '0002438083089', 'Hj.Hator', 'P', 'Bencah,26-10-1944', '76', 'Desa Bencah', '081373274534'),
('9ffa27c4-033f-4acf-8349-8058322ea0a4', '00-61-55', '1903030508790001', '0002319581081', 'Ibtadin anwar', 'L', 'Delas, 5 agustus 1979', '41', 'Delas', '000'),
('a09ed11e-f65e-41d3-95f4-ec07ed7cfd29', '00-12-45', '1903035307730004', '000150666508', 'milda', 'P', 'airgegas,13-07-1973', '47', 'airgegas', '0000'),
('a0df1526-567c-422d-bde5-a93e0c0b5991', '00-74-12', '1903034108080004', '2950743159', 'Selfita', 'P', '01-08-2008', '12', 'Airgegas', '0000'),
('a1ae1c07-62f2-46b2-8b3e-28257222fedb', '01-47-35', '1903035006690001', '000000', 'Muryati', 'P', 'Delas, 20-12-1971', '49', 'Delas', '0815953565555'),
('a3a433a6-8100-4007-9083-22e91f0963ff', '014655', '1903032305930002', '000', 'Tiran tri susanto', 'L', '23-5-1993', '27', 'Nyelanding', '08139'),
('a3fc56de-6bfe-4a7d-b72a-9d67adedf581', '01-34-53', '1904010603840001', '0001245659275', 'Syaiful hadi', 'L', 'Bogor,11-03-1984', '36', 'Delas', '081345355559'),
('a4b62612-759e-4178-a265-58868ec84b5f', '00-84-63', '1903034506110001', '2066732357', 'Femmi jevika', 'P', 'Bencah, 05.06.2011', '9', 'Bencah', '087801767861'),
('a508d8ef-f642-4e22-9cc2-5f29c57024d3', '00-69-04', '1903031209870004', '00000', 'Jaharen', 'L', 'airgegas,12-09-1987', '33', 'Airgegas', '081929205748'),
('a54f2f27-5077-4c96-9066-25be7a767895', '01-28-26', '1903034104170002', '2883993017', 'Natasya menzi syarip', 'P', '01-04-2017', '3', 'Nyelanding', '082279163046'),
('a6a61fb8-bb6a-4517-9f81-551942936643', '00-25-36', '1903031106830002', '363779695', 'Richo', 'L', '11-06-1983', '37', 'Tepus', '083163648704'),
('a6c500a1-187e-4672-b326-8a6ff537b85a', '01-33-70', '1903031304850001', '0000', 'Yanto', 'L', 'Bencah,13-01-1953', '67', 'Bencah', '081918905876'),
('a70fbf33-1467-4237-82c9-b7bb715a6d6b', '01-48-37', '1903056407990001', '0000', 'Suntiya', 'P', '24-07-1999', '21', 'Tepus', '0000'),
('a731e494-4b9e-4db5-a90e-d172a7193060', '01-29-75', '1903034406730001', '2942717398', 'Siti aminah', 'P', '04-07-1973', '47', 'Delas', '00000'),
('a789fee1-b465-4dfc-a8da-7c5efb027cb5', '013469', '1903036804640001', '0002915767631', 'Parida', 'P', '28-04-1964', '56', 'Delas', '081995404555'),
('a78ec7df-e8ef-47fb-ab78-f7328cbcd48b', '014662', '1903034906970001', '0000', 'Juni santika', 'P', 'Airgegas,09-06-1997', '23', 'Airgegas', '0000'),
('a7a86559-d1d0-45d4-8568-be81ba03fab9', '013451', '1903035109970001', '000', 'Sinta susilawati', 'P', 'Bencah,11 maret 1988', '32', 'Desa Tepus', '081278696390'),
('a924c699-a1b8-43ea-a26b-7567505e0fda', '01-46-86', '19030314802970002', '0003051460451', 'Sapna fadillah', 'P', 'Serdang,08-02-1997', '23', 'Pergam', '081271335525'),
('a992f13d-5058-499b-a363-3b8acd799dd0', '01-47-34', '1903034408800001', '0002883122155', 'Dar', 'P', 'Delas,04-08-1980', '40', 'Delas', '083800686225'),
('a9a6d2d9-c45b-4362-b0f1-f2fc41933f7e', '01-46-82', '1903030101600008', '3046642492', 'Baharudin', 'L', '01-01-1960', '60', 'Delas', '081368610075'),
('a9e893eb-3c5d-4003-8783-597f3f959ee7', '00-81-70', '085245632', '0002473264732', 'Rebuhi', 'L', 'Air gegas, 09-05-1963', '55', 'Air gegas', '083175283099'),
('aa110966-a606-4a00-b50f-35f342afcc5b', '01-29-36', '1903030902660001', '0000', 'wandi', 'L', 'pergam,09-02-1966', '54', 'pergam', '085208284888'),
('ab2d4bbf-d2ab-49e0-912d-6d6049116ce3', '01-48-48', '1903030903190001', '0003049123746', 'Marcelo', 'L', 'Airgegas', '1', 'Airgegas', '000'),
('ac5520c1-a390-4d9b-ac6a-8ac795aea95e', '00-37-96', '1903035505470003', '0000997980581', 'dayang', 'P', 'airgegas,15-05-1947', '73', 'airgegas', '00'),
('aebb8d8d-b150-4580-a594-56414cc1baf8', '014663', '1903030912860002', '0000', 'Jahari', 'L', 'Airgegas', '34', 'Airgegas', '0000'),
('af5e18f4-cc7e-4803-b2e9-97ffb1dc8997', '008523', '1903032112450001', '00', 'Misni', 'L', '21-12-1945', '75', 'Sidoharjo', '085368598189'),
('af74ce84-9991-4dfd-9af5-f94a6f5e919c', '01-46-64', '1806195608030001', '0002834768632', 'Dedeh kurnaesih', 'P', 'Ciherang,16-08-2003', '17', 'Suka banjar', '00'),
('af9add67-4b29-417e-b698-62aa7387d963', '000542', '1903036312610001', '0002457811945', 'Romaini', 'P', '23-12-1961', '59', 'Bencah', '0813'),
('b06da005-792a-43d6-8428-d067439f19d9', '01-48-49', '1903034808100003', '0003049123678', 'Hafizah', 'P', 'Airgegas', '10', 'Airgegas', '0000'),
('b07fc400-8d4b-47d8-8f3f-cd0c2baa7c53', '01-02-73', '1903030107520068', '0002478470692', 'sulaiman', 'L', 'bencah,01-12-1950', '70', 'bencah', '00'),
('b0e11a68-c36c-4978-b626-06581182a238', '00-70-98', '1903032210980001', '2055238288', 'Rustam', 'L', '22-10-1998', '22', 'Tepus', '0000'),
('b18efb4b-4a51-47f6-9b5d-b315d21b8bdb', '01-47-18', '1903035208010002', '0000363717955', 'Putri purnamasari', 'P', 'Pergam,12-08-2001', '19', 'Pergam', '083163931370'),
('b1a50e08-c584-4185-8ca5-6bd38dffa579', '014798', '1903030302560002', '0002752174383', 'suyati', 'P', '13-4-1965', '55', 'tepus', '0812'),
('b1c1f493-4670-47f2-a027-323d1fe13c53', '014801', '1805284603980001', '00', 'nurafifah', 'P', '6-3-1998', '22', 'markati tama', '0822388870059'),
('b1f4484a-c99c-4d09-9542-0969b5f49978', '01-44-75', '0047', '0000363165939', 'Usman', 'L', '14-04--1946', '75', 'Delas', '0000'),
('b36bf9b1-ea95-48b4-9716-d0baa7416d84', '01-43-41', '00000066667649', '0000004658', 'Hoirul rosikin', 'L', 'Airgegas,30-07-2004', '16', 'Airgegas', '000000'),
('b3b1be55-5668-4523-b0d6-e87580be3e52', '000289', '0010', '0001506665755', 'Asri', 'L', '25-03-1964', '56', 'Airgegas', '081995599034'),
('b3f1adfe-a724-478e-bb43-b4d05d1e391f', '00-00-01', '190303999999', '0099999999', 'ANI', 'P', '09-09-1954', '65', 'AIRGEGAS', '000089899'),
('b4c04525-23d9-45b0-a138-f7dc87c41163', '010323', '1903035204510001', '0002301774513', 'norma', 'P', '12-4-1951', '69', 'delas', '0813'),
('b5666dea-32fa-45b7-b4ae-f7f600b71d3f', '010230', '1903032709180001', '0002891364028', 'Muhammad Yusuf arsaka virendra', 'L', '27-9-2018', '2', 'Bencah', '0813'),
('b59e351d-f0b9-438a-b2de-3177ef51f374', '01-48-38', '190303089890006', '2300845612', 'Tn. Sutro', 'L', 'Bencah, 08,09,1989', '31', 'Bencah', '083175028930'),
('b668843b-7631-4af7-814a-dcb38d0b2384', '01-47-32', '3273085001720002', '1825449603', 'Nenih sumarni', 'P', 'Pergam,10-01-1972', '48', 'Pergam', '087797160340'),
('b6ba97d0-1cb2-4dba-8500-42f0e3511354', '01-44-98', '3526175007000008', '0000', 'Badriyah', 'P', '10-07-2000', '20', 'Airgegas', '000000'),
('b72e5f9d-38da-4a8c-9ce2-e1751002530b', '00-66-67', '1903034702030002', '363914537', 'Meli', 'P', '07-02-2003', '17', 'Nyelanding', '00000'),
('b73b41cc-8a26-4657-a530-463994b6d6fb', '00-99-98', '1903032004930005', '00026112308', 'Erip', 'L', '20-04-1993', '27', 'Delas', '081328681774'),
('b8948663-42f9-439c-8eb0-e282ef3dc777', '01-47-20', '1903034909840001', '000', 'Wiwin winarti', 'P', 'sidoharjo,09-09-1984', '36', 'Sidoharjo', '000'),
('b97a96db-f4cc-4255-8bc6-55098b08a746', '01-35-79', '1903035207890002', '000362662064', 'Mira', 'P', 'Tepus, 12-07-1989', '31', 'Tepus', '082372182478'),
('ba417cc7-11e3-483a-977e-26d4cf767586', '008807', '1903034808860002', '00', 'halimutul', 'P', '8-8-1986', '34', 'airgegas', '0813'),
('bad99b0e-c2a0-4eda-894c-1f6e23aee806', '01-41-30', '1903031712190001', '0002936010633', 'Azzam aulian', 'L', 'Delas,17-12-2019', '1', 'Delas', '083173927050'),
('bb46ad3c-0b96-41e1-abf8-6dd8aaaef2a7', '014762', '1903', '00', 'rara eleven', 'P', '11-11-2011', '9', 'tepus', '0813'),
('bc22f4f5-6a3d-46a8-9add-6a35b319845f', '014701', '1903036608900003', '0001506688323', 'Murhani', 'P', '26-8-1990', '30', 'Tepus', '082310104214'),
('bc28f8c0-a61b-448c-820a-b53ddcac229b', '014132', '1903035410790001', '0002303314277', 'Norlin', 'P', 'Bencah,14-11-1979', '41', 'Bencah', '0000'),
('bd4fc392-fbe0-4036-8adc-02a7f7afb7b1', '014700', '1903030107680087', '0002887250152', 'Musa', 'L', '1 Juli 1968', '52', 'Pergam', '0813'),
('bda06fb4-b9f8-4f53-821c-4ad4f7a0ccb4', '01-36-43', '0045', '0002892106348', 'Adam', 'L', '25-05-1973', '47', 'Nyelanding', '000'),
('bdb1f29a-d5a9-4bca-ac0b-48a8f747e477', '01-46-61', '0050', '000', 'Akin', 'L', '0000', '60', 'Nangka', '000'),
('beddf9d8-4ec3-463d-b155-5a7998ba0a27', '00-49-99', '1903034408720002', '0002519592783', 'Tina', 'P', '04-08-1972', '48', 'Bencah', '00000'),
('bf603dfa-eb69-4837-97f9-f2cb6c4d4b0f', '01-46-93', '1903035204560001', '00', 'Janot', 'P', 'Pergam,12-04-1956', '64', 'Pergam', '085267485109'),
('c0404d65-1775-42e7-9608-76359458a06c', '01-14-03', '1903035507760001', '0002766199397', 'Sumaiyana', 'P', 'Nyelanding,21-01-1982', '38', 'Nyelanding', '000000'),
('c0e1a8d4-f997-49be-ad87-4be2fb26ae95', '00-52-93', '0028', '0000363946329', 'Megawati', 'P', '12-06-1996', '24', 'Delas', '0846'),
('c1290328-8853-4d1e-bb14-b9b1d1f3a26a', '01-01-12', '00001', '00001', 'Hj.Ita', 'P', 'Bencah,24-12-1984', '36', 'Bencah', '085367918068'),
('c401d3cd-3ca8-45e4-a25f-f1824762859d', '006582', '1903035401690001', '2778015205', 'Kasmawati', 'P', 'Delas,14/1/1965', '51', 'Delas', '082184009570'),
('c42adeff-cde4-4b4d-b70e-cab5a105b072', '01-16-57', '0030', '0001506665147', 'Jamaludin', 'L', '20-04-1958', '62', 'Airgegas', '083801011657'),
('c4932ecd-1d33-4b79-b6a6-3d27ddcc348c', '003594', '1903035710160001', '0002889311995', 'Keysa Al pairah', 'P', 'Airgehas,17/oktober 2016', '4', 'Desa Airgegas', '083175213701'),
('c5ad3df6-93cd-4794-911a-b34dde0c1ca0', '00-67-80', '1903034401780004', '0002950742248', 'Alus', 'P', 'Air gegas, 16-07-1988', '32', 'Air gegas', '083175249073'),
('c714446e-a578-46f4-b96b-f9c3114a8676', '00-29-28', '1903035909830001', '0002319581507', 'Aiwa', 'P', 'Delas,19 september 1983', '37', 'Delas', '00000'),
('c7383bba-afae-477e-8d41-f4d99c29127a', '014827', '1903031109670001', '000036249415', 'Merazuk', 'L', 'Delas,11-09-1967', '53', 'Desa Delas', '083175455316'),
('c81e550d-962a-4503-a460-759b243ba2f3', '014638', '1903036907940003', '0001506676127', 'Widari', 'P', 'Nyelanding,29-07-1994', '26', 'Nyelanding', '081276689865'),
('c922f665-b078-4a52-8ec0-77103966aec1', '002302', '1903032210090001', '0002380787414', 'Ahmad indra', 'L', 'Airgegas,22 /10 / 2009', '11', 'Airgegas', '085269851239'),
('c9d5a06b-c32f-467e-9776-7a71dc700c8d', '00-88-25', '1903031902540001', '2747057624', 'Alman', 'L', '19-02-1954', '66', 'Delas', '0000'),
('c9f3927a-cefa-4cf5-9db3-9ab31364f721', '013879', '003', '004', 'Burhanudin', 'L', '08-06-1957', '63', 'Sidoharjo', '0813'),
('ca27ff60-63d0-48fe-a144-3ee003875fd5', '007426', '1903034501620002', '0002503119071', 'marsida', 'P', 'delas, 05/01/1962', '58', 'delas', '0000'),
('caa38833-071d-45b9-a16f-659435a972ea', '01-47-05', '1903026610030003', '0000', 'Respika', 'P', '25-10-2003', '17', 'Sidoharjo', '085378609892'),
('cb15d544-7d93-417a-9a2b-dd95eb44ecec', '00.17.31', '1903030107730090', '0002495608503', 'Tn. Sukri', 'L', 'Nyelanding', '46', 'Nyelanding', '085273290017'),
('cd053442-839e-44e1-9ec1-6ac062a8c172', '003517', '1903035910630001', '0002880425564', 'Tugiyem', 'P', '19-10-1963', '57', 'Sidoharjo', '081289873013'),
('cd8089eb-13a6-4e85-a94a-90b67e3cb222', '01-08-90', '1903032105590001', '0002503124561', 'Titus sutego', 'L', 'Sidoharjo,21-05-1959', '61', 'Sidoharjo', '081273230240'),
('cdc809e4-d932-4106-99b4-244d39596ff5', '01-42-18', '1903034405980003', '000', 'Sari', 'P', 'Delas,04-05-1998', '22', 'Delas', '00'),
('ce53077f-6d75-46f4-b3f9-854a6a3a3b4b', '00-89-55', '1903034906140001', '2967238528', 'Nur muhaya', 'P', '09-06-2014', '6', 'Delas', '0000'),
('ce946565-60a1-48e5-acdc-f756d3c7e7cb', '00-44-33', '0021', '000', 'Silawati', 'P', '05-04-1976', '43', 'Airgegas', '000'),
('cf37fbc1-dddc-477e-b84a-1f9fe1d7974c', '00-55-65', '0022', '000', 'An.cesario febrian', 'L', '02-02-2007', '11', 'Bencah', '000'),
('d12f0f51-6562-457d-9817-85ba0d7858b2', '000946', '1903031110640001', '0003050927774', 'H.mustar', 'L', 'Airgegas,11 oktober 1964', '56', 'Airgegas', '081273800205'),
('d169bc6a-8b87-4db9-a08c-1e6f9d09964d', '01-43-47', '1903032104520001', '2440286616', 'Samsurin', 'L', '21-04-1952', '68', 'Bencah', '00000'),
('d18e8cd0-9c00-403a-bd46-d811d2ecc18c', '014756', '1903034704810003', '00015066657111', 'holima tusakdia', 'P', 'airgegas, 07/04/1981', '39', 'argegas', '0000'),
('d1e50e7c-670a-42c4-82a7-b0578eeb35e9', '009251', '00004', '0002201227503', 'Sumarni', 'P', '2-4-1963', '57', 'Airgegas', '0813'),
('d35bb0dc-fb6c-4030-9ada-c2e0f74df8f2', '01-47-51', '3211184103930010', '0002941582173', 'Yani mulyani', 'P', 'Sumedang,01-03-1993', '27', 'Tepus', '083199607549'),
('d4da1154-09af-46d1-b2e9-57ce8732022e', '01-47-71', '1903035405870004', '3050005915', 'Yanti', 'P', '14-05-1987', '33', 'Nyelanding', '082269391967'),
('d73e027a-2e69-408e-b5fb-35a033c98902', '01-47-49', '1903031506700001', '0000363177415', 'Waris', 'L', 'Delas, 15-06-1970', '50', 'Delas', '081271814958'),
('d7c02278-9e86-4543-9375-7c01ed337d6a', '00-57-24', '0025', '00022966721463', 'Rieki altezza', 'L', '02-11-2017', '2', 'Airgegas', '087801776373'),
('d7ea7a43-8335-4faa-9ad5-a88e88b1b517', '01-46-76', '1903035608830001', '363251125', 'Nuryani', 'P', '16-08-1983', '37', 'Airgegas', '085380775431');
INSERT INTO `tb_pasien` (`id_pasien`, `no_rekam_medik`, `nik`, `no_bpjs`, `nama_pasien`, `jenis_kelamin`, `ttl`, `umur`, `alamat`, `no_telp`) VALUES
('d96f2a03-33b6-4b25-90ab-0cbd36b11724', '000375', '1903032109770001', '0000195977046', 'M.kurnia septiawan', 'L', 'Delas,21-09-1977', '43', 'Delas', '085267536344'),
('d97d9e9c-832e-40c7-a465-aa5a5d56de85', '01-46-34', '19030346034603040005', '00', 'dwi santika yulianda', 'P', 'delas,26-07-2004', '16', 'delas', '083163935208'),
('d9aca619-3e9e-4bf6-a5f7-69ec6ddb304a', '01-47-12', '0032', '2873174016', 'M.akbar', 'L', '16-07-2007', '13', 'Pergam', '081995687404'),
('da347419-a364-4514-89fd-601896e74c03', '004107', '1903031001600002', '0002255233228', 'Hamsi', 'L', 'Delas,10-01-1960', '60', 'Desa Delas', '083157557407'),
('da3e51a0-87f0-4105-acb8-340a26f9e655', '01-48-50', '1903034402910003', '0003049123588', 'Emi zana', 'P', 'Airgegas', '29', 'Airgegas', '000'),
('da49759b-8acd-4c70-9cf0-6bbbd47b2bdd', '01-45-63', '0080', '0000', 'Almaidah', 'P', '18-05-1978', '42', 'Sidoharjo', '085208115722'),
('db2ccb2d-df2f-469f-94ce-aecee0ffb8ff', '014759', '1807122202000004', '00', 'eko yuli pratama', 'L', '22-2-2000', '20', 'simpang perlang', '083177768165'),
('db58ca68-e575-434c-a825-eb5f7a60d20d', '001996', '1903032401970001', '0001903136567', 'Nurul komar', 'L', 'Bencah,24-01-1997', '23', 'Desa Bencah', '083175535466'),
('db9fbf6c-2036-4db5-b51e-ac18e0cd7f47', '013512', '1903036707830002', '0000362672831', 'Wasti', 'P', 'Kelidang,27-07-1983', '37', 'Dusun kelidang', '0000'),
('dca962dd-5816-40f0-b3e1-655e2061d4e2', '01-47-37', '000000', '0002671378446', 'Tn. Sawi', 'L', 'Bencah, 12-10-1967', '53', 'Bencah', '085263'),
('de04a875-8511-42e1-a804-9c7a9f7280c3', '01-37-60', '1903030307660001', '2897674637', 'Maprizal', 'L', '03-06-1966', '54', 'Pergam', '081929434538'),
('de33ca11-13ba-4599-9307-a794193aa551', '01-47-90', '190303500491000', '0002202227921', 'Ulan', 'P', 'Delas,10-07-1991', '29', 'Delas', '0000000'),
('de758c64-b4a0-4496-b7c3-be2d897f4d46', '01-46-48', '1903035602780002', '0002875140786', 'Mursida', 'P', 'Nyelanding', '42', 'Nyelanding,16-02-1978', '083803031074'),
('df6cb81f-51b0-4419-b211-ea4163b837a2', '014357', '1903035702700001', '000274335136', 'Tansila', 'P', 'Tanggung,17-02-1970', '50', 'Nyelanding', '081929160985'),
('dfc42990-103c-49a4-9b75-8e57b094cede', '01-46-92', '1903035003800007', '0002872866205', 'Rina', 'P', 'Delas,10 maret1980', '40', 'Delas', '081994125056'),
('e0563cb0-2472-4f15-9b46-45bd6f68fb9b', '00-06-53', '1903034908580001', '0000', 'Rositi', 'P', '09-08-1958', '62', 'Airgegas', '0000'),
('e0d8e7c0-2fa4-44e6-a599-fd857e1c5e68', '014628', '1903035304610002', '0002202055323', 'Sitiyani', 'P', 'Delas,13/04/1961', '59', 'Delas', '081929205710'),
('e10104a4-939f-4017-9be1-694a1b1761d1', '00-11-48', '1903031504580001', '0002045883789', 'Ariya robani', 'L', 'Airgegas,15 april 1958', '62', 'Airgegas', '00'),
('e2817ebe-9155-4845-951e-146580579380', '00-64-84', '1903031301570001', '0000', 'Pahir', 'L', 'Bencah,13-01-1957', '63', 'Bencah', '0000'),
('e300b263-7a19-4d39-ac33-27648880f17f', '01-30-07', '1903034504660002', '000', 'Ampong', 'P', 'Bencah,05-04-1966', '54', 'Airgegas', '000'),
('e31e2d35-bef1-4898-bb9d-84486b87e8ea', '01-47-53', '0099999999', '000000', 'Hanum', 'P', 'Delas,25-11-2020', '0', 'Delas', '0000'),
('e3a77239-543e-48c7-a7c1-37dbb787aa86', '00-02-82', '1903032006960003', '00', 'Indra jaya', 'L', 'Bencah,11-04-1999', '21', 'Bencah', '00'),
('e44e5ac2-1f98-4880-b1d3-5472e234d735', '003709', '1903034808780006', '2698916804', 'Ny Rita', 'P', 'Delas', '42', 'Desa delas', '081995325771'),
('e4f31046-56d5-4ca4-93a4-183527b35237', '014796', '1903035107620001', '0001506666598', 'sunaini', 'P', '11-juli-1962', '58', 'airgegas', '083801011541'),
('e505660e-bc8f-4a71-bcf3-5fbb25be29fd', '00-12-82', '1903034208090002', '0000363868571', 'Suci santika', 'P', 'Nyelanding/2 agustus 2009', '11', 'Nyelanding', '082373726505'),
('e5d50c97-5d5e-4b45-b98c-a8a375e08b6a', '00-58-67', '1903036310630002', '1506677128', 'Kusuma', 'P', '23-10-1963', '57', 'Airgegas', '083169725434'),
('e622157c-3e3e-4843-8fa0-d1bdcac383fd', '01-47-04', '1903030512990002', '0000', 'Desi marwah', 'P', '05-12-1999', '21', 'Airgegas', '085380395792'),
('e7a01fc1-6e20-43ce-b838-8cc081ae65ba', '00-10-39', '1903035005550001', '00023464761', 'Jamun', 'P', 'Bencah,10-05-1955', '65', 'Bencah', '000000'),
('e9991e05-9c28-4bc4-9797-11f95ec3d710', '01.44.40', '1903034706840003', '052', 'Siti robiah', 'P', 'Sungai lilin 07.06.1984', '36', 'Delas', '085267'),
('ea531931-852c-4998-a764-a397f8808802', '01-47-88', '1903035207980004', '000000', 'Susi', 'P', 'Tepus,12-07-1998', '22', 'Tepus', '085273345598'),
('eaa36ebd-0e95-45ab-ad00-0103bd3183e7', '011256', '1903032106700003', '0001506784487', 'Asian', 'L', '21-06-1970', '50', 'Pergam', '0813'),
('eac6309e-8be3-449a-b514-5a2060b6eba8', '01-40-01', '1903035507730001', '000000', 'Megawati', 'P', '21-08-1973', '47', 'Airgegas', '081766945407'),
('ebf36ff1-1dfe-4eec-ae85-27973099081b', '005394', '19030356038100001', '0002501027919', 'Lilis suryani', 'P', 'Airgegas,16/03/198', '37', 'Airgegas', '083173245744'),
('ecd4ea4d-5e8f-4072-868c-7a22e1be1d1a', '01-21-50', '1903036111010002', '85236', 'Desi', 'P', 'Air gegas', '22', 'Air gegas', '081949064346'),
('ecdb6e4a-9258-482e-9c17-505b944d1dd9', '01-46-73', '1903031212610001', '00000', 'Asan sus', 'L', '12-12-1961', '59', 'Pergam', '081995510947'),
('ed1add1e-31e6-49e5-809f-3345f40205e2', '00-71-92', '1903035009780004', '0000', 'Rohmah', 'P', 'Airgegas,10-09-1978', '42', 'Airgegas', '0000'),
('edab6daa-7d7f-4843-bc01-1b45ae989033', '014803', '1903034502960002', '00', 'suzana', 'P', '5-2-1995', '25', 'nyelanding', '0821822082226'),
('ede668b6-e6d4-4a81-980b-89487d7e169b', '01-03-62', '1903035504650003', '0002380788639', 'ROSNIA', 'P', 'DELAS,15 APRIL 1965', '55', 'DELAS', '0'),
('edf0cd7c-b128-4436-a652-75abdd0e0a04', '01-46-49', '1903035004960002', '00000', 'Rina tania', 'P', 'Nyelanding,10-04-1996', '24', 'Nyelanding', '087896818742'),
('ee4eb434-a8dd-456f-80a1-87806e0bc52f', '01-41-89', '1903034307030002', '0002671377219', 'Rita', 'P', 'Bencah,03-07-2003', '17', 'Bencah', '083173247307'),
('f09880e7-5b3f-4abe-a012-5ba417bacfbd', '006794', '1903034503640002', '0002492327891', 'Sokiah', 'P', '05-03-1964', '56', 'Airgegas', '085609333849'),
('f1ed7cce-172a-4435-b4df-497a781f81b9', '01-44-75', '0048', '0000363165939', 'Usman', 'L', '14-04--1946', '75', 'Delas', '000'),
('f244fa58-90c6-4033-bff7-d01d9c3e0a72', '008712', '001', '0002425478207', 'Aurora shafana andika', 'P', '27-07-2012', '8', 'Airgegas', '081995345699'),
('f4331c92-1b69-4f5e-b970-ebe77e5fcd97', '01-46-75', '1903030801200001', '00000', 'Fatir al aqsa', 'L', '08-01-2020', '10', 'Aigegas', '087896379649'),
('f43793e3-03e3-44d7-bbd0-69ce0ba09e7b', '014827', '1904012709000001', '0000362262655', 'Agung', 'L', 'Simpang bemban', '20', 'Nibung', '083175424117'),
('f46221f2-0743-4643-b9ea-34507738c2ba', '00-30-56', '1903030102740001', '0002674608941', 'Abu hasan', 'L', 'Delas,01-02-1974', '46', 'Delas', '00000'),
('f54a45ac-4412-4eab-b981-38f691193105', '01-41-99', '1903035307960001', '0002269996154', 'Siti fatimah', 'P', 'Airgegas, 13-07-1996', '24', 'Airgegas', '082280082596'),
('f63ca389-36e4-40e1-8636-cee12f834097', '01-07-64', '1903034107640028', '0000', 'Lilik', 'P', 'Belitang,01-07-1964', '56', 'Airgegas', '190303410764002'),
('f69c6a60-20ef-4011-b76d-7aa623bc4a70', '00-98-28', '1903031705890002', '0002874725469', 'Kalasari', 'L', '17-05-1989', '31', 'Nyelanding', '0235952'),
('f6c25223-e023-4d3f-af86-2f17cd6f5871', '01-47-66', '1903034303880001', '0000', 'Wati', 'P', '03-03-1988', '32', 'Airgegas', '082110136020'),
('f6c5f92d-5ce7-4bde-b118-0e2706c5d507', '01-46-95', '1903030701560001', '0000997985957', 'Daud', 'L', '07-01-1956', '64', 'Desa nangka', '081335253969'),
('f6fe646c-039c-4a78-9951-a0a602ab0f04', '014664', '000456', '0002834768632', 'Dedeh kumaesih', 'P', 'suka banjar,16/08/2003', '17', 'Airgegas', '082269715986'),
('f73983e5-baf7-4aaa-8626-2c2ed02edee6', '01-46-37', '0000', '0000', 'rina', 'P', 'bencah,00-00-0000', '26', 'bencah', '0000'),
('f782b78d-97c8-41ce-8011-db00fed2f227', '000533', '1903032312450001', '0000997980579', 'Mad Jais', 'L', 'Airgegas,23-12-1945', '76', 'Desa Airgegas', '000000000000'),
('f8d12ac6-d972-4d5f-8408-4a63c91e4f2f', '00-94-78', '1903035507770005', '2674611562', 'Noryati', 'P', '15-07-1977', '43', 'Airgegas', '0000'),
('f92eb3b7-e83f-46ca-8b74-b84978e0681a', '01-46-60', '0046', '000', 'Fitriana', 'P', '01-07-1991', '29', 'Delas', '000'),
('f98bea04-e6f5-4ca7-943e-e6d322ff8af1', '01-23-68', '190303700890001', '0002743786269', 'Cici pramida', 'P', 'Nyelanding,30-08-1998', '22', 'Nyelanding', '083176045000'),
('f9b5a27b-16d2-4294-9782-6afe561c5716', '01-09-73', '1903035209950003', '27533370003', 'Mike andrian', 'P', 'Delas, 12-09-1995', '25', 'Delas', '087767275869'),
('fa228345-452a-4a4f-a23c-3153e878f9f3', '00-85-39', '1903034404890006', '00', 'Ernawati', 'P', 'Delas,04-04-1989', '31', 'Delas', '0'),
('fa8d8f0e-0b8e-412c-bb7e-b7b0402133fa', '01-47-36', '1903035410880002', '0002875498547', 'Misnawati', 'P', 'Nyelanding, 14-10-1989', '31', 'Nyelanding', '083175270478'),
('fac695a5-707d-441d-b8c2-a5fe662c27af', '002297', '1903034107610041', '0002087228744', 'Ny maryati', 'P', 'Sidoharjo,01/07/1961', '59', 'Desa sidoharjo', '085920053374'),
('fadc2c1b-9a51-4f86-8a9e-80924399a76d', '014759', '197103621230001', '00', 'devi sivia', 'P', '22-12-1993', '27', 'delas', '081274465951'),
('fba607e0-d71e-497e-bd01-cbb02dcb9dd3', '01-46-80', '1903035708190003', '0000', 'Avran Jovano', 'L', '17-08-2019', '1', 'Airgegas', '0000'),
('fce3a9ac-b0f7-4039-a978-53d2e7c54111', '00-57-24', '1903034811170002', '2296721463', 'Reiki Alfezza', 'L', '18-11-2017', '3', 'Airgegas', '087801776373'),
('fd60550f-9c56-4d8c-9103-69bc0d00e18c', '011698', '1903035501800001', '000', 'Ilya fitri', 'P', '15-01-1980', '40', 'Airgegas', '082374486603'),
('fe443fb3-1d27-4786-84a5-444bf848a694', '01-47-15', '0036', '0001506676252', 'Usman', 'L', '000', '00', 'Nyelanding', '000'),
('ff68d881-81e4-4051-91b1-414e5b951491', '01-39-13', '1903034107850042', '3050008222', 'Jemia', 'P', '04-07-1985', '35', 'Nyelanding', '082279142361'),
('ffcfbd84-2cda-4230-b18c-1b7119b54b9f', '01-48-35', '1903031206890003', '0000', 'Zaluri', 'L', '12-06-1987', '33', 'Bencah', '085273451457'),
('ffe7fc88-c245-467b-a6ce-efdefe784639', '014729', '1903035708670001', '363129614', 'Purwani', 'P', '17-8-1967', '53', 'Sidoharjo', '0813');

-- --------------------------------------------------------

--
-- Table structure for table `tb_pemasok`
--

CREATE TABLE `tb_pemasok` (
  `id_pemasok` varchar(50) NOT NULL,
  `nama_pemasok` varchar(50) NOT NULL
) ENGINE=InnoDB DEFAULT CHARSET=utf8mb4;

--
-- Dumping data for table `tb_pemasok`
--

INSERT INTO `tb_pemasok` (`id_pemasok`, `nama_pemasok`) VALUES
('b1daf183-2916-4b13-849e-6af71f314dff', 'Dinkes');

-- --------------------------------------------------------

--
-- Table structure for table `tb_penyakit`
--

CREATE TABLE `tb_penyakit` (
  `id_penyakit` varchar(50) NOT NULL,
  `nama_penyakit` varchar(80) NOT NULL,
  `kode_icd` varchar(30) NOT NULL
) ENGINE=InnoDB DEFAULT CHARSET=utf8mb4;

--
-- Dumping data for table `tb_penyakit`
--

INSERT INTO `tb_penyakit` (`id_penyakit`, `nama_penyakit`, `kode_icd`) VALUES
('0070f7e6-fd6c-45f6-b97a-ce280d51728a', 'Foreign body on external eye, part unspecified', 'T15.9'),
('00e4cdb4-9e59-434e-b2b4-5b98742a1bd8', 'Cutaneous abscess, furuncle and carbuncle, unspecified', 'L02.9'),
('04a9faeb-db25-4bb2-9699-4f1800c1b3b0', 'Twin pregnancy', 'O30.0'),
('055fdc8c-12d4-42f3-9256-0c87746996a0', 'Other specified bacterial agents as the cause of diseases classified to other ch', 'B96.8'),
('079290e5-dc88-4e59-8bd4-8243ea4275e4', 'Chronic gingivitis', 'K05.1'),
('09306313-5ece-4278-a65b-f2e4c6d2dda2', 'Vomiting of pregnancy, unspecified', 'O21.9'),
('0aeb9a89-999e-4247-a83e-1c87d05b2d76', 'Impetiginization of other dermatoses', 'L01.1'),
('0bac5bd9-b1e3-4717-aa40-f85fcd606696', 'Astigmatism', 'H52.2'),
('0d9aab27-2145-4210-ac2b-4b47abb1697e', 'Acute myocardial infarction, unspecified', 'I21.9'),
('0dfec346-8cd8-4f8e-8b52-cde5c2128ae4', 'Haemorrhoids in pregnancy', 'O22.4'),
('0f25dcb0-b911-4bee-a5ea-289f3c873d29', 'Myopia', 'H52.1'),
('0f7176fd-54d6-4008-86ca-8d372ddb120b', 'Acute laryngitis', 'J04.0'),
('0fce2a2f-ffbd-455c-8d1a-563b98780237', 'Attention to surgical dressings and sutures', 'Z48.0'),
('129aa840-d936-45ce-bfe6-6d6d75c0bc40', 'Hidradenitis suppurativa', 'L73.2'),
('129c0bc6-2c62-46ec-b4ea-a798f65a2d63', 'Supervision of high-risk pregnancy, unspecified', 'Z35.9'),
('12ca49f6-68e6-46b8-b3dd-060796123967', 'Gonococcal infection, unspecified', 'A54.9'),
('14d60c9d-5b93-46fa-aff7-504c5cfebb2a', 'Chronic periodontitis', 'K05.3'),
('16b9ce33-438e-452f-ad46-7ec6cb890ad4', 'Paranoid schizophrenia', 'F20.0'),
('17195c4e-c562-4cba-8aeb-c891b1ea6a1a', 'Essential (primary) hypertension', 'I10'),
('18d01b15-db48-4507-bb4e-328f0909cecc', 'Vertigo', 'R42'),
('1c0066f6-b299-4fb4-a6e4-64b03d3c8013', 'N18.9', 'N18.9'),
('1d48fe05-6c42-40d9-a0e7-50905f66fa19', 'INSOMNIA', 'G47.0'),
('1ddf4fb4-5498-4086-9c54-759e74e23b1c', 'Acute gingivitis', 'K05.0'),
('1f2eeaf5-feb9-4825-abc3-bbffd0c05b08', 'Besniers prurigo', 'L20.0'),
('2018f5f5-4ade-490e-9304-83ff17630395', 'Pediculosis due to Pediculus humanus corporis', 'B85.1'),
('20fa0172-dc3a-4614-8970-a463e47d6a6a', 'Acute sinusitis, unspecified', 'J01.9'),
('2356685d-d957-42bc-add4-28337f918d28', 'Constipation', 'K59.0'),
('23938d7e-0e29-45bb-b186-d2e582d6026f', 'Unspecified abdominal hernia without obstruction or gangrene', 'K46.9'),
('23e3b46c-1252-4d2b-9fa6-b1138efce134', 'TBC pernafasan tidak spesifik , tanpa adanya konfirmasi bakteriologis atau histo', 'A16.9'),
('243b6798-054d-499e-917b-a8e72e2c2161', 'Episkleritis', 'H15.1'),
('245dc1cb-ad54-4623-9ebf-b88acb1456a0', 'Dengue fever [classical dengue]', 'A90'),
('24de7242-368e-4aa2-a51c-fd9c2a600d60', 'Foreign body on external eye', 'T15'),
('25bca6e2-c034-454a-8669-9af6c8caae52', 'Injury of blood vessels of head, not elsewhere classified', 'S09.0'),
('285b2f12-c8f0-41a1-9304-95032a127a6f', 'Allergic rhinitis, unspecified', 'J30.4'),
('291155a7-1aea-4ec9-850f-8850484605a4', 'Acute amoebic dysentery', 'A06.0'),
('29effb69-07eb-4c4d-bd91-fe20c650b664', 'Secondary hypertension, unspecified', 'I15.9'),
('2a11fd04-3a94-42f7-9fdf-13450b2766ed', 'Senile incipient cataract', 'H25.0'),
('2b61c6f2-d487-4cf9-a95a-23886183fd2a', 'Kista folikel ovarium', 'N83.0'),
('2b9a956b-9afd-4e31-99d6-027cfffa94c1', 'Open wound of scalp', 'S01.0'),
('2c285898-b5e3-4206-9731-16f1edf29463', 'Typhoid fever', 'A01.0'),
('2c2c3a16-67af-4940-a880-8ac34f3af1ce', 'Prolonged first stage (of labour)/KALA I', 'O63.0'),
('2c6d0f23-7ba4-4da2-a8b4-3a72911d16ec', 'Other disorders of lacrimal gland', 'H04.1'),
('2de97084-5787-4fd9-b004-538849bf0237', 'Acute polymorphic psychotic disorder without symptoms of schizophrenia', 'F23.0'),
('2e4cf48b-2812-4c99-beb0-3ab4e59c4ec5', 'TBC pernafasan tidak spesifik , dikonfirmasi secara bakteriologis dan histologis', 'A15.9'),
('2f553032-ffae-4b05-8c88-7278287ad148', 'Gonarthrosis, unspecified', 'M17.9'),
('3085b996-2c4c-4c1e-b5f4-f3ad16cc5378', 'Other specified postsurgical states', 'Z98.8'),
('30b91917-9abf-47dd-bba8-8892958c37ff', 'Redundant prepuce, phimosis and paraphimosis', 'N47'),
('30fac4ce-bac3-488f-8af6-f9d7dacab1ba', 'Perdarahan konjungtiva', 'H11.3'),
('313d488e-26cc-422b-87ca-e9812bb5f0b9', 'Prolonged second stage (of labour)', 'O63.1'),
('31959052-cdd3-4374-94a5-df93180ec69e', 'Ileus, unspecified', 'K56.7'),
('33264f33-4aaf-4bdd-98ec-02ed653019f7', 'Acute bronchitis, unspecified', 'J20.9'),
('339ccae3-047c-4340-89bf-851f2f84e77d', 'Diaper [napkin] dermatitis', 'L22'),
('34a18b8b-559e-46df-bdc0-02f2ce699930', 'Other acute and transient psychotic disorders', 'F23.8'),
('357c76f3-8650-4e5f-9572-59adfa7fe912', 'KONJUNGTIVITIS', 'H10.9'),
('35e9235b-c29e-4129-8e12-615dd229b48d', 'Spontaneous abortion, incomplete, complicated by genital tract and pelvic infect', 'O03.0'),
('3617a4f5-1f33-4804-bc31-5752db68ff78', 'Arthrosis, unspecified', 'M19.9'),
('37849440-9ffd-4a9d-9fa8-0caca630764a', 'Chronic laryngitis', 'J37.0'),
('37b01619-6dac-445e-a291-8150886d5cb4', 'Hepatomegaly, not elsewhere classified', 'R16.0'),
('37d38efe-7ff3-4ad4-bcdd-24d7841b279c', 'NYCLALOPIA/RABUN SENJA', 'H53.6'),
('39f43167-0792-472f-9d40-312a94cc0e95', 'Penyakit cacing tambang , tidak spesifik', 'B76.9'),
('3a2c8c85-a098-4113-a380-5747f8409500', 'Diseases of the skin and subcutaneous tissue complicating pregnancy, childbirth ', 'O99.7'),
('3aa70a73-6d96-4713-b3aa-3bcd9fbfe129', 'General medical examination', 'Z00.0'),
('3ab1e404-1c0f-49ad-b0a6-43898825e0f4', 'Schistosomiasis, unspecified', 'B65.9'),
('3b16a4e0-b0a5-45f8-ab55-626ae298147a', 'Acute vulvitis', 'N76.2'),
('3b1dacc3-3b12-44e4-87b3-ce75c1b50fca', 'Otitis media, unspecified', 'H66.9'),
('3db977b9-2adc-41e4-994a-14010e14f5f3', 'Other and unspecified abdominal pain', 'R10.4'),
('3f38d0ec-b0b1-4e6b-8d5d-b332c7f5b3d8', 'Non-insulin-dependent diabetes mellitus with ketoacidosis', 'E11.1'),
('3f8fb00c-4ac5-488b-826c-b3251e926952', 'Ovarian pregnancy', 'O00.2'),
('3ff7b8ed-e373-469c-8d92-e5afb29e8934', 'Congestive heart failure', 'I50.0'),
('427eab43-51b0-41bb-8bca-97074668a550', 'Retention of urine', 'R33'),
('42d7d728-095e-45d8-ba35-f853555ab625', 'Other benign neoplasm of connective and other soft tissue of abdomen', 'D21.4'),
('43db27dd-3d05-4f1d-afe7-ea1430d5f562', 'Miliaria, unspecified', 'L74.3'),
('45fe4079-ab10-4844-b212-b212c165d25e', 'Hypoglycaemia, unspecified', 'E16.2'),
('46a9ea55-9724-44ff-87f3-c1acb86bdc33', 'Observation for suspected tuberculosis', 'Z03.0'),
('47631f99-9239-48c1-902d-95480b74b751', 'Bilateral inguinal hernia, without obstruction or gangrene', 'K40.2'),
('47b8e20e-d0a3-4263-8a1d-dc7968332741', 'Pulpitis', 'K04.0'),
('48600c29-3dda-4416-9edb-fb204d4710c3', 'BELLS PALSY', 'G51.0'),
('4b574d82-6b59-4d98-aed7-447f504ae533', 'Abscess, furuncle and carbuncle of nose', 'J34.0'),
('4bd458f0-c5e4-4a10-b10c-e93bb3cb319a', 'Taeniasis, unspecified', 'B68.9'),
('4c69efe7-1ce1-444e-b0fc-0bcaecb8c0b3', 'Idiopathic peripheral autonomic neuropathy', 'G90.0'),
('4d077cde-bbb6-4c0d-b4da-d38aeea25ef6', 'Tinea pedis', 'B35.3'),
('4e6e2914-ba5e-4fe7-97f4-1396a77af12b', 'Acute nasopharyngitis [common cold]', 'J00'),
('4f6c08d7-4d6f-4f3e-9cbd-000c1f94c9d0', 'disfagia', 'R13'),
('503823fa-4c8a-46fb-8258-a024533bcc2c', 'Hepatitis A without hepatic coma', 'B15.9'),
('52f7f100-9a27-49bb-b832-95ed1b167a98', 'Superficial injury of scalp / CEDERA DANGKAL KULIT KEPALA', 'S00.0'),
('54bb44dd-b685-45be-a92b-f1378f102f40', 'Gastro-oesophageal reflux disease without oesophagitis', 'K21.9'),
('555d0519-b985-4896-9e8c-5614599f9724', 'Oedema, unsfecified', 'R60.9'),
('55fa0b92-6c85-4a96-95a9-4a6862a19786', 'Ascariasis, unspecified', 'B77.9'),
('5651f5d6-032e-49e4-b0ea-e5f6381befcd', 'Acute abdomen', 'R10.0'),
('586cc792-aa84-4363-93e4-aa12ca0757be', 'Tinea manuum', 'B35.2'),
('588bd3bb-c480-462a-88c0-48cc2d1c1dce', 'Nausea and vomiting', 'R11'),
('59cf1406-4def-4c46-b8b2-fd0b446c45f3', 'Tinea barbae and tinea capitis', 'B35.0'),
('59d25d98-16bf-402d-af4f-533b8a9ca56f', 'Polyarthrosis, unspecified', 'M15.9'),
('5a54476d-8984-49f0-bcb3-f787a55ce843', 'Urticaria, unspecified', 'L50.9'),
('5afa7edc-de27-429a-9795-dbd13c645073', 'Surgical follow-up care, unspecified', 'Z48.9'),
('5ba9307c-3e60-4e87-8b11-cd5cc2c1a453', 'Eclampsia in pregnancy', 'O15.0'),
('5c42d053-fa34-40e9-bf66-e294e6bbc6d3', 'Taenia solium taeniasis', 'B68.0'),
('5c6b4ce7-5869-424f-8330-85097cf39ee9', 'Vasomotor rhinitis', 'J30.0'),
('5d76eb9e-42ad-4abc-8c50-c9af781ff52d', 'Entropion and trichiasis of eyelid', 'H02.0'),
('5d7d5b84-b8d7-4090-b622-7e8a794f2296', 'SERUMEN PROP', 'H61.2'),
('5e7e8426-868b-4acb-96b5-0548547b4158', 'Pruritus, unspecified', 'L29.9'),
('634889c9-dfac-420b-b062-55072712d2c0', 'MIGRAIN', 'G43.9'),
('6396b538-78cb-4d87-a1dd-ef3431c664b8', 'Other acute gastritis', 'K29.1'),
('63d5ae7f-ba47-4592-8073-d25045f44740', 'Benign neoplasm of stomach', 'D13.1'),
('63d94404-bfbe-4065-8c52-f525ca0593d1', 'Acute polymorphic psychotic disorder with symptoms of schizophrenia', 'F23.1'),
('646d7d5d-13c3-46e5-be4b-21f5bf17db6f', 'Acute vaginitis', 'N76.0'),
('66835064-29ed-4b70-a9b2-d50269c63725', 'Schizophrenia, unspecified', 'F20.9'),
('6713b680-b3b1-4c78-a902-ce448ad3bfe4', 'Other urticaria', 'L50.8'),
('674a812e-ab8b-44a9-9097-9d9205106975', 'Asthma, unspecified', 'J45.9'),
('69aa1bfc-a119-403f-b24f-b81bc0bf1e18', 'DISPEPSIA', 'K30'),
('6a774a61-a271-4d74-86a2-bab65531111c', 'Cough', 'R05'),
('6c4c5706-c55b-4c4e-ac18-53c63e2f0c67', 'Tinea cruris', 'B35.6'),
('6e06cd45-7c83-43bf-9bfb-f01cfeff3e76', 'Irritable bowel syndrome without diarrhoea', 'K58.9'),
('7097a6de-a6b0-4360-8e1a-f75c8eff8a22', 'Hordeolum and other deep inflammation of eyelid', 'H00.0'),
('724f917f-5126-4a86-b2c8-755a46796676', 'Radicular cyst', 'K04.8'),
('736e5475-b6bb-469e-8f32-01918660dab6', 'Lumbago with sciatica', 'M54.4'),
('73ae51df-1cb5-45be-b4f1-beb75de1d997', 'Dermatitis, unspecified', 'L30.9'),
('73eb45b7-8717-472a-bc7d-96971a69220b', 'Polyhydramnios', 'O40'),
('74ddfe4b-93d6-4920-be7d-11abaf834de5', 'Other chronic suppurative otitis media', 'H66.3'),
('75362447-3672-47ce-8046-b7ff53f93f2a', 'Fever, unspecified', 'R50.9'),
('7562450c-3b78-40f5-8688-0cedfce26b5b', 'Hypertensive heart disease without (congestive) heart failure', 'I11.9'),
('75c9a02b-b9f5-4987-992d-d4aef27a4143', 'Chronic obstructive pulmonary disease, unspecified /PPOK', 'J44.9'),
('75dd7bf6-0681-4c6e-9e03-7c1dd1484a06', 'Other maternal infectious and parasitic diseases complicating pregnancy, childbi', 'O98.8'),
('77913ce0-cb3f-453e-82f7-be61d7ebdc96', 'Suppurative otitis media, unspecified', 'H66.4'),
('77cbd74d-5d42-4001-948d-21d6bd19ef1a', 'Spontaneous abortion, complete or unspecified, with other and unspecified compli', 'O03.8'),
('78681334-7d4b-43f5-8a01-746a7db41cc3', 'Hypermetropia', 'H52.0'),
('78a3e169-0a42-4b43-89f7-b745d1645a4e', 'Pre-eclampsia, unspecified', 'O14.9'),
('78da3378-018d-4bdd-981d-a09ba7332804', 'Need for immunization against tetanus alone', 'Z23.5'),
('79dddf96-5a5b-4d28-858a-e090aebfc6ee', 'Leprosy, unspecified', 'A30.9'),
('7d3fba1a-d186-4117-bb9b-c2e38ebfce11', 'Acute suppurative otitis media', 'H66.0'),
('7deca898-bc0b-43f7-8ccc-c65f32ac6dc9', 'Non-insulin-dependent diabetes mellitus with neurological complications', 'E11.4'),
('7e50688e-0ba2-434c-aaee-8b7844d279a5', 'Strongyloidiasis, unspecified', 'B78.9'),
('7ec9916b-c3c4-4a2f-a1cf-9405440255fd', 'Open wound of unspecified body region/VULNUS LACERATUM', 'T14.1'),
('7f454599-2ebc-48df-b1e0-69f8ef745e2e', 'Varicella without complication', 'B01.9'),
('80cecf01-eec8-418f-b538-ff4e8f89978a', 'TETANUS', 'A35'),
('820e542a-fe61-417b-a963-eb1542ad9469', 'Haemorrhage in early pregnancy, unspecified', 'O20.9'),
('8262e888-fd1a-45cc-8263-116da6171c7a', 'Otitis externa, unspecified', 'H60.9'),
('82f4af51-16f1-4b84-8e65-d9a6511a1c62', 'Seborrhoeic dermatitis, unspecified', 'L21.9'),
('83d9c66a-ba72-4414-8848-2f054840165f', 'Premature rupture of membranes, unspecified', 'O42.9'),
('8514a797-46f7-4e23-9900-021c3b14ed52', 'Cholecystitis, unspecified', 'K81.9'),
('8557c64a-acd7-4cc2-b09a-30855b812213', 'Necrosis of pulp', 'K04.1'),
('8578c302-5cc5-462d-b6cd-6a69f80848c2', 'Hypertension secondary to endocrine disorders', 'I15.2'),
('86b4ee48-591a-4669-9e4f-bda4d9587279', 'Chronic tonsillitis', 'J35.0'),
('87160ce9-a927-46a1-9279-514f29489ad4', 'Unspecified haemorrhoids without complication', 'I84.9'),
('8d03535a-bba1-4398-b116-16d879e74525', 'Corns and callosities', 'L84'),
('8e9136b1-2895-4d3c-8b81-be5ac6bea2f0', 'Chronic pharyngitis', 'J31.2'),
('8fee424d-f9e1-4a5a-9d31-744cff9a11af', 'Single spontaneous delivery, unspecified', 'O80.9'),
('90dd9156-19fa-40d1-90b0-5f663c1c0a53', 'Acute upper respiratory infection, unspecified/ ISPA BAGIAN ATAS,TAK SFESIFIK', 'J06.9'),
('91fcc8a0-cf3a-4b61-8c5f-86a34fc6273c', 'Chronic rhinitis', 'J31.0'),
('921912b8-6f85-4f62-b806-9b9211ed0312', 'Hyperlipidaemia, unspecified', 'E78.5'),
('92dfbf77-0082-49a6-b01b-c98f4b1ec1de', 'Allergy, unspecified', 'T78.4'),
('955c9307-9723-419d-acf0-7df294b036e1', 'Epistaxis', 'R04.0'),
('95e97543-98c3-4a05-883a-a35a891c6954', 'Eclampsia, unspecified as to time period', 'O15.9'),
('95ed8157-2ff8-4ae5-8312-430b55886c2c', 'HIV AIDS TANPA KOMPLIKASI', 'B24'),
('972263a3-98d2-46c4-a33a-7cf9c76a9b10', 'Inflammatory disorders of breast', 'N61'),
('99af9f8d-d7cf-4648-a679-1cb196567cb5', 'Burn of unspecified body region, unspecified degree', 'T30.0'),
('9a28a06f-8cf9-4136-bb2a-af0cb728a6d5', 'Pityriasis rosea', 'L42'),
('9a7a4fa1-3b77-48d7-b22b-9d0ec26985c1', 'Diseases of the digestive system complicating pregnancy, childbirth and the puer', 'O99.6'),
('9cef0d5e-186c-4185-8430-094647e57ec5', 'Acute haemorrhagic gastritis', 'K29.0'),
('9d7b7e19-a9f1-4ab9-ac44-6b0b64ff8d82', 'Tubulo-interstitial nephritis, not specified as acute or chronic', 'N12'),
('9d99c10f-f170-439d-b662-f6237fc54021', 'Mumps without complication/PAROTITIS TAMPA KOMPLIKASI', 'B26.9'),
('9def0bba-4ead-4b48-bc8f-deaa45dd4cb4', 'Vaginitis, vulvitis and vulvovaginitis in infectious and parasitic diseases clas', 'N77.1'),
('9fbf1b00-08ae-4f69-8ae8-07f7e7a49c28', 'Pediculosis due to Pediculus humanus capitis', 'B85.0'),
('9fd228a3-c864-4b51-9cc6-3e2a95c82139', 'Contact with knife, sword or dagger causing accidental injury', 'W26'),
('a0d98c29-d5a3-4860-8a78-829fb704bdbd', 'Maternal care for transverse and oblique lie', 'O32.2'),
('a0e6c66b-d6ca-45a0-9b14-d61584b293f5', 'Impetigo [any organism] [any site]', 'L01.0'),
('a122c854-b1b5-44e4-b54f-dfda45496516', 'Benign neoplasm of eye, unspecified', 'D31.9'),
('a1675fa6-3c78-4533-92fc-b2f42796a88b', 'Unspecified abdominal hernia with gangrene', 'K46.1'),
('a19774ef-0c05-448e-ba74-523a68bfcba2', 'Whooping cough due to Bordetella pertussis', 'A37.0'),
('a2bb333d-0c05-4a5f-8fd6-c0b263551a8a', 'Glaucoma, unspecified', 'H40.9'),
('a3cbae11-d596-4bbe-9c50-54cc2d620d0f', 'Multiple open wounds of head', 'S01.7'),
('a3d5c177-2e05-42fb-98a4-25232369c666', 'Acute salpingitis and oophoritis', 'N70.0'),
('a4207dc2-7c16-4791-9fee-b5a715203f6f', 'Syphilis, unspecified', 'A53.9'),
('a4ef74ac-9d16-4a27-8ff0-d48e7951e819', 'Filariasis, unspecified', 'B74.9'),
('a6757429-6997-44a3-8efa-18713193df50', 'Nummular dermatitis', 'L30.0'),
('a79cdf54-7440-4634-af1e-cc010693ce41', 'Burn of second degree, body region unspecified', 'T30.2'),
('a8342daa-7554-471d-a5c2-2e7bb76de677', 'Periodontosis', 'K05.4'),
('aa43c0ac-95b3-4943-af07-d4b4d428a70c', 'Rheumatism, unspecified', 'M79.0'),
('aa94f7ad-b4d1-4539-af83-a35c6c2311cc', 'Ulkus dekubitus', 'L89'),
('aa990735-3db1-4a46-8e79-73ef73244ee2', 'Ankylosing spondylitis', 'M45'),
('ab06ca2c-4188-451a-b043-1ee48581611e', 'Malignant neoplasm of breast, unspecified', 'C50.9'),
('ab300b03-f85b-4938-9c98-7b6f8ad81d42', 'Concussion /GEGAR', 'S06.0'),
('ab7ad6be-b305-4b1a-86b9-576609a40711', 'Unspecified infection of urinary tract in pregnancy', 'O23.4'),
('ac98156b-f4d7-4a35-8896-31db27a8088b', 'Retensi urin', 'R33'),
('accdc6dd-e11e-435b-8b4f-ceb4238e4a3f', 'Influenza with other respiratory manifestations, virus not identified', 'J11.1'),
('ad13b58a-e8cb-4b7a-88cc-0cde5d4127b7', 'Non-insulin-dependent diabetes mellitus with unspecified complications', 'E11.8'),
('ad206cd9-653c-4916-a796-7a39f8440e1b', 'Other post-traumatic gonarthrosis', 'M17.3'),
('ad4ffbc7-8258-4780-b509-21004a14bd13', 'SCABIES', 'B86'),
('adc91de7-c0aa-4898-8a0d-2d5e95a0127e', 'Cellulitis and abscess of mouth/ULKUS MULUT', 'K12.2'),
('aeddd43e-17fd-4eb8-b41f-6a2e1b497868', 'Malnutrition in pregnancy', 'O25'),
('b0fb0ade-f9be-40c4-91ab-4792687f9d1b', 'Urinary tract infection, site not specified/ISK', 'N39.0'),
('b2d47178-904e-4dae-bca1-a978ca222c9a', 'Generalized skin eruption due to drugs and medicaments', 'L27.0'),
('b2ec73a3-b941-407d-a16a-b46fbc56709d', 'Presbiopia', 'H52.4'),
('b381cd19-fecf-4982-87e4-e42ba27defbb', 'TENSION HEADACHE', 'G44.2'),
('b3e84227-bcd8-4c9d-9ef9-43a43efbd5f2', 'Pneumonia, unspecified', 'J18.9'),
('b81e925c-6944-49f9-992b-fe0d2f383775', 'Foreign body in mouth', 'T18.0'),
('b83d206f-3141-42a7-be1b-7c4dcd5d8730', 'Pre-existing diabetes mellitus, insulin-dependent', 'O24.0'),
('ba2c8037-8d48-497d-9e4f-2cd400c4063d', 'Chronic nasopharyngitis', 'J31.1'),
('ba7ba43f-869e-4cd9-bcbf-72b245cda842', 'Acute vaginitis', 'N76.0'),
('bb43a343-1b11-45fa-8315-5f79fe91491d', 'Anal fissure, unspecified', 'K60.2'),
('bb75da83-4ba6-4790-baea-bea6d7565c07', 'Cardiovascular disease, unspecified', 'I51.6'),
('bc71c75e-66e2-4482-ad8e-3793e2f7324c', 'Nasal polyp, unspecified', 'J33.9'),
('bce358b5-23bd-4c8c-a9b8-9af4a4d0a361', 'Laboratory examination', 'Z01.7'),
('bd3b1b08-148d-449c-bee8-0a9a56d3e296', 'KEHAMILAN NORMAL', 'Z34.9'),
('bdd42a79-9e23-4de0-af81-29cf31cc2c14', 'Heart disease, unspecified', 'I51.9'),
('bde1e8a1-9d89-45f8-9d07-d02fb7eb5679', 'Atopic dermatitis, unspecified', 'L20.9'),
('beee01df-9ecb-4638-845c-fce6b99ce8bf', 'Acute and transient psychotic disorder, unspecified', 'F23.9'),
('c075c30b-9bbf-40e9-a060-22a26f6fbcf9', 'Chronic nasopharyngitis', 'J31.1'),
('c27581ad-18e8-4390-8c35-a15cb7c3261e', 'Burn of first degree, body region unspecified', 'T30.1'),
('c40c5051-6caa-4d3e-901e-b54e63ea4d6a', 'Gastritis, unspecified', 'K29.7'),
('c430255a-f584-427c-974f-7ef25fad264e', 'M54.5', 'Low back pain'),
('c44a43fb-e586-44d0-a038-fcc531d6b289', 'Abdominal pregnancy', 'O00.0'),
('c69bb1ae-3729-4a40-9803-b00dacde06f1', 'GANGGUAN SOMATOFPRM', 'F45'),
('c71705b7-d467-4c66-aef6-ad65fd806929', 'Stroke, not specified as haemorrhage or infarction', 'I64'),
('c78aa7a9-4e7c-4dac-a55b-62e41e6a102c', 'Other atopic dermatitis', 'L20.8'),
('c7a3ef74-ef39-4d90-b3dc-24c5aa4661fb', 'Pityriasis versicolor', 'B36.0'),
('c95a4330-8898-4e8c-9138-c1699309d79a', 'Gout, unspecified', 'M10.9'),
('c960dd2f-fa9c-452a-87b7-9eae04706546', 'epilepsy, unspecified', 'G40.9'),
('c978479f-33a0-45d8-b6fb-88a93e10ecc6', 'Thalassaemia, unspecified', 'D56.9'),
('c98753af-670e-401a-a39b-b986a582679e', 'Perioral dermatitis', 'L71.0'),
('ca11ea08-4565-45ef-a8ba-ea1598a4c26d', 'Other specified injuries of head', 'S09.8'),
('ca5da33e-bb8e-40e6-a42e-94c75e4d4603', 'Diabetes mellitus in pregnancy, unspecified', 'O24.9'),
('cbe14d02-4171-41f4-b08a-67ec00ba3bef', 'Maternal care for breech presentation', 'O32.1'),
('cc97a3af-8370-4560-ac41-cfe4e274a1ff', 'Unspecified maternal hypertension', 'O16'),
('ced4a707-84da-4a95-8901-c2c189b146eb', 'Pyoderma', 'L08.0'),
('d174199d-4bb3-40f5-aa5a-95329a1a4fbd', 'Anal fistula', 'K60.3'),
('d179959c-45ab-4d83-884c-1b987105ffa2', 'Other specified abdominal hernia without obstruction or gangrene', 'K45.8'),
('d17fb84c-0726-47b5-82a2-ab3b064c3793', 'Pre-existing diabetes mellitus, non-insulin-dependent', 'O24.1'),
('d34154c9-59c1-4557-afa6-760bbd74f692', 'Chronic sinusitis, unspecified', 'J32.9'),
('d39cb6e9-4921-4987-94f9-5c83b47b7c6e', 'Oligohydramnios', 'O41.0'),
('d3a26ffa-c00f-4f63-a81f-fad78fd34826', 'Hypertensive heart disease with (congestive) heart failure', 'I11.0'),
('d6f6b917-239c-447f-a9ac-333744fc4953', 'Acne, unspecified', 'L70.9'),
('d8163832-3368-4e80-84e1-78c15a63a58d', 'Diarrhoea and gastroenteritis of presumed infectious origin/DIARE', 'A09'),
('d8c4fa1d-d25b-48fe-832d-55f9c91e21a4', 'Dermatitis kontak iritan , penyebab tidak spesifik', 'L24.9'),
('d924a6fb-5fda-4db9-8555-8f16033327c9', 'Irritable bowel syndrome with diarrhoea', 'K58.0'),
('d9ab6050-a63f-458d-a577-5a3beac493be', 'Malignant neoplasm of abdomen', 'C76.2'),
('db11dbd1-e857-432e-a78c-0035c2a8242f', 'Ectopic pregnancy, unspecified', 'O00.9'),
('dc14227e-8ff9-433f-8669-5caa9fa4635f', 'Motion sickness/MABUK', 'T75.3'),
('de98ba0c-0d70-4b6a-9c52-c9e1b7bb948e', 'Primary generalized (osteo)arthrosis', 'M15.0'),
('dea726dc-c1e0-4474-819b-f8a407a275f5', 'Dermatitis due to ingested food', 'L27.2'),
('df1f3f20-13fe-4e42-8930-3b6a015b0d26', 'KEJANG DEMAM', 'R56.0'),
('e56b61df-3c98-422c-a952-04b98903b555', 'Observation for suspected malignant neoplasm', 'Z03.1'),
('e5aa4348-609b-422f-a57a-aa8403bc393f', 'Acute tonsillitis, unspecified', 'J03.9'),
('e600b289-9b5a-4b44-9414-a403008466ed', 'Benign paroxysmal vertigo', 'H81.1'),
('e678eec3-4a3c-45e5-ac18-e5b50329bea2', 'Mild hyperemesis gravidarum', 'O21.0'),
('e69a4ca3-ea9b-49b2-bca8-e1d59dbad337', 'Obesity due to excess calories', 'E66.0'),
('e7d26a66-40ad-416f-a846-ec315b5222a0', 'Foreign body in nostril / BENDA ASING DIHIDUNG', 'T17.1'),
('e7d664b2-2790-47b7-958a-efcc2efc0bf7', 'Anaemia complicating pregnancy, childbirth and the puerperium', 'O99.0'),
('ea6db39f-ccb5-42d4-a67f-feea80d7d0f3', 'DM TIPE II', 'E11'),
('ea7396a8-c573-4780-974b-71282b083f81', 'Candida stomatitis', 'B37.0'),
('ead57b64-1de3-4efb-be13-103bda07938d', 'Tinea unguium', 'B35.1'),
('ebe7038f-cf71-4446-98a6-44f6e95e8886', 'Contraceptive management, unspecified', 'Z30.9'),
('edc7c023-52cc-4065-b797-7ab863e3861f', 'Anaemia, unspecified', 'D64.9'),
('f2183a6a-62d1-43fd-b915-b93d8fd2df3c', 'Foreign body in ear', 'T16'),
('f58dec35-f411-4b59-bf68-449de5253d10', 'Toxic effect of noxious substance eaten as food, unspecified/KERACUNAN MAKANAN', 'T62.9'),
('f7584aff-3c6b-4905-8b5b-eea8d714dc7f', 'Other specified arthrosis', 'M19.8'),
('f79acf2f-e423-4697-94c2-d9a205db9394', 'Myalgia', 'M79.1'),
('f8aa70e7-cbc3-400e-bca2-d8d8bbe022e8', 'Perioral dermatitis', 'L71.0'),
('f8dd79d6-49d6-4fe4-9a2a-b995dd32c6e8', 'Placenta praevia specified as without haemorrhage', 'O44.0'),
('f8ebb524-c7e1-4cd2-adc6-d3bdea0cd0d8', 'Nontoxic goitre, unspecified', 'E04.9'),
('f9320b5d-759c-42a6-9731-68ba53a6f2cd', 'Intoleransi laktosa , tidak spesifik', 'E73.9'),
('fbe20603-7173-42d3-b857-b1c61cfff8d8', 'Blepharitis', 'H01.0'),
('fcf775fb-0ab5-4ce6-a779-76a7fd8e476f', 'Dental examination', 'Z01.2'),
('fd313e36-52a1-48d7-ae0f-aa59316ca5e4', 'Spontaneous abortion, complete or unspecified, without complication', 'O03.9'),
('fd581485-80ea-4526-813a-53ca33ad6253', 'DM TIPE I', 'E10');

-- --------------------------------------------------------

--
-- Table structure for table `tb_poliklinik`
--

CREATE TABLE `tb_poliklinik` (
  `id_poli` varchar(50) NOT NULL,
  `nama_poli` varchar(50) NOT NULL,
  `ruangan` varchar(50) NOT NULL
) ENGINE=InnoDB DEFAULT CHARSET=utf8mb4;

--
-- Dumping data for table `tb_poliklinik`
--

INSERT INTO `tb_poliklinik` (`id_poli`, `nama_poli`, `ruangan`) VALUES
('0c4e688e-f0bf-4acb-af36-9dd51742e290', 'POLI UMUM', '-'),
('5dcec834-9602-4b00-8a51-8ed5d4c7ca3d', 'UGD', '-'),
('60346660-2d9e-47c2-a3c2-e29716291b7f', 'POLI GIGI', '-'),
('7d78c75c-7d8e-44f8-b4e2-cab1b8a6c0ce', 'POLI AKUPUNTUR DAN AKUPRESUR', '-'),
('806e5116-69fc-4e24-95d0-10b57300b060', 'POLI TB DAN KUSTA', '-'),
('8100946b-da48-402d-8d9f-278b9282dad1', 'POLI MTBS', '-'),
('8204aadd-e60e-46cb-905f-87093907fcc8', 'POLI BEKAWAN', '-'),
('8ac98f19-6cb4-4af0-92f2-5086feca4e1d', 'POLI KIA DAN IMUNISASI', '-'),
('94a7c338-b9d1-4171-bfb1-80c8ae37a0f7', 'POLI TERPADU', '-'),
('9727a249-0944-4852-9801-5d66a93b5151', 'RAWAT INAP', '-'),
('aba01a02-ed00-43ba-be7b-f3516c3da26b', 'POLI KB', '-'),
('f9cfc838-0aa5-47b5-814b-01306b1d1068', 'PONED/PERSALINAN', '-');

-- --------------------------------------------------------

--
-- Table structure for table `tb_tandavital`
--

CREATE TABLE `tb_tandavital` (
  `id_vital` varchar(50) NOT NULL,
  `id_kunjungan` varchar(50) NOT NULL,
  `berat` varchar(3) NOT NULL,
  `tinggi` varchar(3) NOT NULL,
  `lingkar_perut` varchar(3) NOT NULL,
  `suhu` varchar(3) NOT NULL,
  `tensi` varchar(15) NOT NULL,
  `nadi` varchar(7) NOT NULL,
  `pernafasan` varchar(7) NOT NULL
) ENGINE=InnoDB DEFAULT CHARSET=utf8mb4;

--
-- Dumping data for table `tb_tandavital`
--

INSERT INTO `tb_tandavital` (`id_vital`, `id_kunjungan`, `berat`, `tinggi`, `lingkar_perut`, `suhu`, `tensi`, `nadi`, `pernafasan`) VALUES
('01478f98-268d-40b6-93b0-a45d69226e88', '0c563248-26f4-444d-ae08-c3c5f60621a9', '64', '158', '100', '36,', '110/70', '78', '21'),
('023303ef-9dd9-4afa-87e1-7b3d7c2aa125', '929d5ebf-5c30-4ff6-98a1-792dee20280a', '62', '150', '76', '36', '120/80', '80', '20'),
('03526376-a612-400e-9db7-f7dcaa2f1787', '2aaa2e99-6352-482d-9ce1-190b87359c76', '64', '149', '112', '36,', '100/70', '70', '21'),
('03b43682-61d8-4113-bfde-3eecf07a86a2', '4523221c-9319-47b2-9cf9-d9a2923387b1', '46', '132', '95', '35,', '140/80', '78', '24'),
('0452509a-ac85-4ca3-a735-1b12c4a1249e', '6b2ee34f-6d1b-4efa-9381-5038dbc2f4f4', '51', '141', '74', '36,', '107/63', '79', '20'),
('045e0f9a-958f-4d81-9914-a1c11d4217b5', 'af62aeb5-ca1a-4a1b-afa8-fd111a8baaef', '38', '159', '60', '36,', '110/80', '58', '22'),
('05569344-8b38-4fd7-b118-4b38ca482a69', '789ca853-b892-41bb-bd9e-6ecc98e3e4ba', '58', '163', '70', '36', '107/70', '100', '20'),
('057ad14c-866a-49cd-8b10-33394f4d5eb6', '033775b8-4d12-4d49-8757-d9598a30b82d', '72', '155', '92', '36,', '100/70', '78', '20'),
('05be86b0-963d-4bca-9048-44d66b9a69e6', 'd702d398-7d41-4ca9-ae52-e60a8eb8d755', '36', '146', '60', '36', '125/60', '69', '22'),
('05d8315b-5826-4ec1-b752-817907a0f032', '9aaacb15-370c-4ad7-a195-7c201734c762', '72', '163', '80', '36,', '120/80', '80', '20'),
('060335e3-9c88-4084-b0e8-028f216145e4', 'fbe36ff3-a4bc-4018-8215-bac61edf9957', '82', '176', '80', '36,', '91/60', '110', '20'),
('066705fa-e7f0-4432-8173-97bd432765b1', '26b07dd7-ea1a-4834-bd38-81a168b3f4f3', '82', '155', '76', '36,', '106/73', '74', '20'),
('0782ac7d-5d80-4b04-8d37-b18b92180d14', '9e8a5581-122c-4090-8022-57fc59015ae2', '41', '153', '65', '36,', '120/80', '79', '20'),
('0827a8e5-d7ea-48a2-be82-28d4b27935c1', '38785eae-1d38-468b-88ea-1ce4af4e84e2', '47', '154', '80', '36', '120/80', '80', '20'),
('0a4b8fa9-f471-4f51-9374-628240a0e937', 'b58a5103-df79-4aa9-862e-f861096f34ae', '45', '152', '81', '36,', '90/50', '81', '21'),
('0bbb4260-bfed-4417-bbb5-d3ed99a6a608', '7b69fb56-7b0f-4151-8e1f-2ee616799f75', '70', '152', '86', '36,', '160/90', '70', '24'),
('0cfac30b-8dd7-48d4-ae84-f23fc81fea2e', 'a78c84dd-cacc-4435-a281-c3f1eb60814b', '41', '145', '70', '36,', '106/58', '86', '20'),
('0d269b63-b421-4b7b-a58a-d11ce3abca39', 'ad545479-0aea-497c-91f9-025f76c00745', '38', '153', '73', '36,', '95/77', '108', '20'),
('0d7b591c-03b0-4ae2-a822-a9869dd8f224', '0842f1d0-fb09-4388-b456-16b84d8bfb3e', '53', '163', '76', '36,', '170/102', '104', '20'),
('0e67c5d8-4aec-4564-bcc3-8ebcf6bc6626', 'b7ca481b-e267-42e9-a297-4738bb276ce0', '62', '155', '92', '36.', '110/60', '80', '20'),
('0ef0d38e-b4f2-4fbe-bd5e-08c079f48f71', 'e3e658ed-427c-44af-a502-3c63a26901be', '28', '134', '52', '36', '', '84', '20'),
('0f47b962-10bf-4bc6-8329-dea2d6655324', '9dc3f670-e5b0-4ae5-a068-9b61441f839d', '48', '153', '100', '36.', '100/70', '82', '24'),
('0faefb08-5656-4219-bfb4-3721589e9d44', 'b3f520b1-56e5-4f92-9bf9-5d64d2445838', '38', '146', '80', '36,', '90/80', '84', '20'),
('0ff53b41-ad56-4f28-a2c8-20ce80be29d5', '20fac8bb-0884-4a64-b37a-1912a3c7f4bc', '50', '149', '74', '36,', '160/73', '114', '20'),
('10144ea1-562d-4cb1-9ef4-048e208d113e', 'daa2c795-c962-4223-a548-8ba5e63f7757', '58', '160', '85', '36,', '120/88', '78', '20'),
('101eeff6-cfc8-4897-bcca-11d0adb22420', '29b9d3e4-233a-4381-a1c5-bb08b080130e', '48', '153', '100', '36,', '110/80', '80', '22'),
('10e4d155-733f-46ea-af09-34added5c644', '12049308-e1af-4e42-b217-a97c9e75a66a', '62', '150', '80', '36,', '100/60', '80', '20'),
('1214d5db-3396-44fb-b5cd-0995aa9fe28f', 'cdd87121-5aa6-4462-b088-bc214edf609a', '64', '161', '80', '36,', '146/99', '81', '20'),
('122f68e0-862e-4e81-b427-4163b781a6ae', 'f907bf22-a825-475d-8bda-c104380a08eb', '50', '161', '84', '36', '137/85', '111', '20'),
('12500789-fee5-49fb-beab-7b9a7abb9cc4', 'fcdcb5e2-6b3a-4206-91ec-569c7f8fc3dd', '13', '100', '25', '35.', '90/60mmhg', '105', '35'),
('125cc3c8-18ec-4afb-9ea5-f4b27438ca63', 'a3233296-a50d-4f38-bb43-13a46ae6886d', '83', '159', '80', '36,', '120/93', '115', '20'),
('1287c41b-fadb-40bf-a8d8-79298cc5acb7', '6611066a-3d77-4425-9957-0d23f909569d', '35', '142', '70', '36', '125/60', '105', '20'),
('139231c8-5dac-4ab9-b9cf-9d90a7781126', 'b9a5a448-58f3-4e2a-8463-031a17148d77', '30', '118', '58', '35,', '', '78', '20'),
('14a54cfd-b015-4068-8ecc-787d43395c08', 'da8b17f9-a359-4ccd-95cf-8688e3e11ec1', '115', '174', '106', '36,', '130/70', '77', '20'),
('14c51373-b007-4384-9fc1-8afa3c6df725', 'ce651212-758c-4e4e-934e-39c88ea901fd', '51', '142', '85', '36', '140/80', '80', '20'),
('155d8a38-d10a-467c-9772-1ad74d7ada3a', '94703481-b76c-48bc-88ad-51f296b5c747', '65', '163', '86', '36,', '147/80', '83', '20'),
('1581555e-54bf-476f-a3d1-969c3e3e5e6f', 'e2466bd3-cdb6-4fb4-bce2-500d888e8cf2', '55', '158', '78', '35.', '100/60', '80', '22'),
('16c9ca14-773e-48bb-ab20-edc5d53065a9', '959c059a-70d2-4709-800b-491c2946d5c3', '53c', '155', '83c', '36.', '110/70mmhg', '80x/m', '20x/m'),
('1d1db60b-015c-4981-8185-1336bbc0d07b', 'd04e8527-c76c-48c1-85b0-67ed827ebe9f', '48', '142', '73', '36', '144/80', '84', '20'),
('1ddc8ad3-a6bb-47aa-bb6c-68c3f8457847', '9170f5cc-ba0c-4938-90b5-0b266e47b006', '149', '50', '86', '36', '163/91', '105', '20'),
('20ead3e3-0d2c-4150-989c-c438be15443a', '96a0a234-0c6f-4ca4-a0f3-ef5f6798f235', '52', '154', '76', '36', '130/90', '88', '16'),
('22f905b6-4f70-4bd6-a274-91ee9b88f772', '144cb8b6-9607-4181-b88e-0c992f5ef8e9', '66', '146', '76', '36', '153/110', '97', '20'),
('235492d5-e14b-406e-80c2-0c71dac7cf46', '3a6ccc30-e2b0-46dd-a084-60d6af2a04d1', '38', '141', '87', '36,', '90/60', '80', '22'),
('236f5c2a-6f4c-4ddf-acca-e89e095f6231', 'c29d3db5-4c9b-410b-b505-cef32636e667', '64', '162', '95', '36,', '119/80', '75', '20'),
('23e0d862-e860-4471-a40c-1e051f3349fb', 'b74ffeb4-6c74-4324-80d3-cdc5461c0cc9', '11', '96', '50', '36,', '-', '105', '20'),
('243bf250-a05e-42b4-83bc-36e4f26aeac5', '0cc4e0a3-67bb-4b79-8a5a-48e7ec475669', '55', '148', '86', '36,', '105/83', '102', '20'),
('24929ab5-c41b-4f84-a94c-f90a980f0a14', '1c20185f-24b8-41b1-a744-e4491787fee6', '55', '149', '94', '6,6', '110/60', '81', '18'),
('24b0962c-cfb9-4fe4-95b0-d1581fd726f4', '93ca9ff6-4239-4c16-be2a-08a5f2999fe3', '70,', '164', '98', '36,', '100/70', '80', '20'),
('25ec882e-8dd7-4501-b7b0-2ca3a13c368b', '7b0d22fd-556e-456c-be67-2a2955cc6e0d', '54', '148', '75', '36', '153/85', '92', '20'),
('26de7b02-fb59-43b6-ab9d-51c5bf168b81', '7b69fb56-7b0f-4151-8e1f-2ee616799f75', '70', '152', '94', '36,', '167/98', '62', '20'),
('2701f1fc-844e-452d-a0f5-31a046ec44c0', 'edc729df-74d2-4e6d-97e4-59f7da61102c', '67', '162', '*74', '37,', '110/81', '77', '18'),
('2744b4e6-9ff9-4e05-81ca-f7de0bd7e91a', '715bf460-72bd-44c6-9abb-3a3552e72f75', '28', '136', '53', '36', '93/61', '97', '22'),
('285c7d09-664d-4ef0-8c83-594e0534ed4f', 'e895f7ac-d3e8-4461-9d9f-6536c47eb235', '95', '159', '100', '36,', '117/95', '98', '20'),
('2b50f90d-06c2-4199-9cc6-f4a8409fae0e', 'd1e586d7-0fc3-4b83-89e6-864623314239', '50', '149', '84', '36,', '174/76', '58', '16'),
('2c485b83-1680-4feb-98ed-ec9a6fd38fda', '58ba0b69-3dd7-4743-8d1d-101b0b8b3995', '48', '138', '72', '36', '180/100', '108', '20'),
('2ca5fa17-83c7-437c-b605-768b44fa227f', 'b60acf4c-4cd8-4bb0-aa7f-d62c0b44976c', '53', '155', '102', '36,', '110/70', '80', '20'),
('2d0ae98d-d88e-492a-9a08-567da5ade15f', 'eaa0b808-4901-404f-8fc5-aa930e5e592c', '60', '162', '20', '36', '119/98', '94', '28'),
('2df0ed7c-9aa9-4127-8231-ae981ede1c8e', '4816e9c4-2869-435f-ad07-26cf737c7b68', '63', '145', '93', '35,', '120/80', '74', '20'),
('2e0a6361-4239-4760-80d7-fecb6dbc4316', '959c059a-70d2-4709-800b-491c2946d5c3', '53', '155', '75', '36,', '110/70', '80', '20'),
('2e13748d-4c48-49b4-8417-4cf569eb2061', 'e289f4b7-ed6e-4e02-b383-289d00a30054', '70', '149', '85', '36,', '171/106', '89', '18'),
('2ecf61f6-4cf7-42d0-b1dd-21d865460711', 'b094208a-a870-4f3b-9984-41b2b375dd51', '52', '162', '85', '36,', '101/73', '125', '20'),
('3065db4e-7c83-4782-860e-b3534f7955b8', '7ace8a88-2429-488d-baf5-fbf44024c701', '30', '138', '60', '36,', '120/58', '63', '20'),
('3097b00f-3916-46f7-b43e-043f5b829a1c', '8249dd4c-f471-4d20-bee3-cc7582760799', '159', '58', '73', '36', '145/92', '81', '20'),
('30f90903-4123-4c0b-be6d-4909c3d39d25', '4aeafe54-b6dd-4ed6-887f-3774da7b76f3', '46', '140', '75', '36,', '140/84', '97', '20'),
('3137c023-1f1f-4d1a-a22f-92f0c306a646', '27450a68-e317-483d-80ab-27de90450ff1', '60', '158', '88', '36.', '100/60', '78', '20'),
('314616bd-f892-45ff-bc55-721f24867e18', '0b0ad808-f0de-4bd5-985f-07f6241b2b9a', '61', '160', '73', '37,', '127/90', '72', '20'),
('3176e3f5-d4fb-47d3-92ae-aa38d7fc1b2d', '39404fbd-9433-4d08-9165-46e4663b49f6', '45', '150', '78 ', '36.', '90/60mmhg', '76 x/m', '21x/m'),
('324e320a-5e3b-4221-88a6-6a2d52be640f', 'f907bf22-a825-475d-8bda-c104380a08eb', '16', '105', '40', '36,', '00', '100', '20'),
('33b4c9eb-8bd5-4127-ad93-6d63ffaf5d10', '1919b7af-232d-4ae0-b560-c5b61a48f569', '25', '121', '61', '37,', '100/70', '112', '22'),
('343b77ec-857b-4729-bb04-b0c0c8be82ac', '0bca9f6b-b1bf-4be3-81b9-5f63d99216c0', '57', '147', '76', '36,', '110/80', '84', '20'),
('3530405b-3180-474e-8045-770aaee6fdd1', '4303bbc2-0231-413b-a211-a3055494181d', '88', '175', '80', '36', '120/90', '80', '20'),
('35b78e73-a85e-4edd-9a19-7d97cf67100d', '54bd14a3-515a-4555-b3f9-d40285ce7b42', '66', '160', '83', '36,', '106/64', '79', '16'),
('35cb2b01-ee35-4702-9eeb-e307aa10fd75', '8b713be9-2fc4-4581-bf15-0877e3964c18', '49', '150', '84', '36,', '119/56', '73', '20'),
('3667c2d2-b0ed-4ed9-899a-0cee3425ae3b', '87f3dfd8-5566-4d6f-a2e2-3fb0ff380b53', '47', '148', '75', '36,', '133/86', '72', '24'),
('36b098ac-1773-4ef4-ae23-4bad1db09aef', 'ad4b30e4-4ec5-419b-9f1a-b1ecc1d5572a', '68', '158', '85', '36,', '135/79', '72', '20'),
('37248913-acb2-4e05-b9c8-9b70abc978e0', '758c5176-4db7-4c37-b11d-6b8fe9088711', '23', '114', '56', '36,', '', '88', '20'),
('38a8ae91-c6e4-4cab-af1d-0554ebcbac50', '70a9cb25-cee0-4de6-b3f4-a236923b9d48', '66', '153', '98', '36.', '130/100', '80', '24'),
('38c07016-591c-48fb-bb2b-936b20d12f70', 'd06d1522-c0d2-4034-8b98-2d69e4d4bdd1', '47', '144', '72', '36,', '120/70', '104', '20'),
('38cb2a1f-dbb8-4d6b-b99b-10ddf96d6b63', 'bcd2e590-e214-44db-8bfd-9ba7d8be09c3', '45', '152', '89', '36,', '90/70', '82', '22'),
('39b198bf-6d13-4476-86f4-8fdd13eee485', '1544f7bb-96e5-4839-9318-17a3cf0ee19b', '10,', '90', '21', '36,', '', '110', '22'),
('3a205fcb-ba99-4d31-84a3-2913824f724d', '39c616fc-f68b-4bb6-a781-770783b50e18', '59', '163', '75', '37', '140/90', '88', '16'),
('3a8e9aac-fef0-45f4-b3c0-ca4ace6f6da9', '3f9c782a-a7fe-4ac6-8e24-904611f2f4f7', '43', '147', '95', '36,', '94/60', '82', '24'),
('3aba2ccc-d067-46a8-882d-ebaac9675659', '60ea78fa-d4ae-44a4-857c-30177c0e57e3', '47', '145', '18', '36', '116/75', '70', '20'),
('3b5b94c8-2457-4892-8e7d-f40cd23c0271', '00a16932-0e97-424d-ad11-e3267950418d', '54', '154', '80', '35,', '160/70', '79', '20'),
('3b5e6de3-7f93-49d0-866b-70c81c232364', 'b1d18c08-1544-4057-856d-855ca7f81b41', '49', '147', '75', '36,', '101/75', '84', '20'),
('3b91f5fe-3763-4288-88ab-e4dbf98142fa', 'df52aa0a-671b-4b73-a500-24382ef09034', '59', '150', '102', '36,', '100/70', '84', '22'),
('3cfd8f6d-7661-4fe1-a59c-ef559d4d8c27', 'd58cd971-b3a9-4b42-ba6a-dfdef8d6c043', '44', '143', '75', '36', '168/80', '80', '20'),
('3d6ed5ab-feec-422d-b392-692d8ecef631', 'c1786bd5-6e39-484f-991d-73eacbf6c258', '56', '139', '75', '36', '120/80', '80', '22'),
('3e80f890-aae2-40a7-9088-ef0040959152', '623bd3d6-628a-4a32-af88-7dff9504296b', '54', '158', '80', '36.', '100/70', '80', '20'),
('3f622ccf-202f-47c5-8e9a-dba0bbdf1269', 'f3d6f6b5-4976-4bb9-a4c1-d10c4c07a6d2', '70', '162', '86', '36', '166/104', '86', '24'),
('41268940-00c1-40bc-a417-3829c82e08e3', '250a010a-f618-45f7-85f8-fd272d8743cd', '60', '152', '87', '36,', '170/69', '46', '20'),
('41f12515-9e76-4427-88ba-e1fb70dc85a2', 'bb5f8fc5-fb3f-4b11-b4c9-fd68ea543178', '52', '145', '85', '36,', '130/80', '94', '20'),
('424740bd-2f7e-4504-bc8f-3814f73bff9d', '0d491273-cf9c-4543-a410-936c6c26f054', '57', '152', '76', '36', '100/70', '85', '20'),
('4254acd8-4d3d-4058-bbb8-59c9725ccdcf', '30063996-1a2c-432a-a3db-259e70db223e', '72', '154', '80', '36', '91/56', '87', '20'),
('42696e8a-f0b1-439f-9518-ac2d447595b1', '904a6a7b-c234-4064-9a72-a6d1f007b5e9', '69', '150', '100', '36,', '160/80', '105', '20'),
('433430cb-092c-42ca-a36e-c0aa11722c72', '5b075579-4c3c-47cc-8978-656a3f1f7160', '45', '158', '84', '36,', '90/60', '80', '20'),
('442c1bfd-6f40-476b-a57d-970583316bb8', 'cc5028a8-b637-4671-81cd-eb30399e2e08', '67', '160', '85', '36', '102/84', '73', '20'),
('443cd2b9-f61c-4ba5-84c6-67b9347a05fc', '1544f7bb-96e5-4839-9318-17a3cf0ee19b', '10,', '90', '21', '36,', '', '110', '22'),
('4441f415-3262-406c-b219-5a7f029a1584', '7cf4df5b-4ed7-4b91-86a8-15bad480b902', '70', '154', '80', '36', '170/125', '55', '16'),
('4662426a-ca81-4984-93a7-2391e848746e', 'da73743a-b91e-41ca-b936-6d2b3f70fe40', '47', '150', '86', '36,', '180/100', '66', '20'),
('46c71cda-f130-487e-8312-c7fc50a5ea6d', '5f0d307f-5a69-48a5-914a-83d21d16ec19', '55', '151', '75', '36,', '195/150', '76', '20'),
('49c12777-6581-4d4d-bd08-0a1b55482c0d', '2f7c5630-bdd8-432d-9876-78ef5be20f51', '66', '145', '98', '36,', '130/92', '94', '20'),
('49e605ba-2930-4e7f-9848-cb0a3c571598', 'a82bd02b-856b-41c0-956d-38796962679f', '59', '161', '100', '36,', '110/70', '80', '24'),
('4af211aa-98e0-443d-a4c6-d2c7ed3977e4', '669ed9fc-a5b5-4705-a75d-d3952cf1c54c', '66', '149', '80', '36,', '180/98', '105', '20'),
('4c584014-a14f-43f2-9bb6-6f002c3e14c5', '144eb722-b0b6-4142-a6af-8228c41553dd', '37', '148', '65', '36,', '120/70', '80', '22'),
('4c6a42b3-9c80-459b-a1ef-f85d3a9a7ae9', '789ca853-b892-41bb-bd9e-6ecc98e3e4ba', '58', '163', '75', '36,', '108/71', '98', '20'),
('4cb0c3cf-117e-403c-895b-daf4d8da5bf7', '1d33daa3-fd9b-4914-8a66-9dd51dcd888b', '78', '155', '105', '36,', '90/60', '80', '20'),
('4cc063d5-705c-41a0-be1a-83f17ac1b6f9', '58dafedd-2dd0-4c48-a1ac-f3d5afac514b', '52', '146', '87', '36,', '90/60', '104', '20'),
('4d6eaa6d-c1fc-4958-b240-0a800fe8902c', 'f2e50f28-cf7f-46c0-bfc6-71bec952bca2', '49', '147', '84', '36,', '140/83', '84', '20'),
('4e4a0d36-0943-41fc-ae18-78e175763c7b', 'a5e14c80-8e55-445d-88a3-bb8fb609c333', '52', '141', '99', '36,', '120/80', '81', '21'),
('4e854b9d-9eba-4624-b435-2869a6092efd', '4a328c6d-8896-42d4-bb8d-1a094bb49d82', '52', '162', '76', '36,', '125/83', '72', '20'),
('4e9ce9b4-9f66-44d4-ade1-204d03c56975', '35d5df14-02c2-43e9-95de-d0b03ceaee4c', '51', '162', '80', '36', '132/92', '93', '20'),
('4f3685bd-d631-4bab-a32f-401a473e8f99', 'a22e1c8b-0e04-4fc4-827b-ec70a7f7268e', '58', '163', '85', '36,', '120/80', '80', '20'),
('4f38824f-4749-40eb-bcda-b45a17bf4a84', '0ef5a367-5a58-4cb6-a193-624ce1605681', '62', '150', '86', '36,', '100/80', '84', '24'),
('50ac74ee-86bc-4bd1-a50e-ef703661d359', 'bce1e62f-d744-499a-80a3-f5497df0a68f', '51', '151', '80', '36', '124/80', '80', '20'),
('50bd5e05-fd9b-4c64-b419-831ac5aa83d8', 'fc0fcee4-24e0-452c-8d96-bdca4fd8f0ee', '62', '145', '84', '36,', '114/79', '78', '20'),
('5127c8fa-aac8-49dc-a311-25eaab939a0c', 'e30118dd-18f2-4f71-bd4f-5c588ec285e4', '56', '139', '92', '36,', '110/80', '116', '24'),
('51ffd470-b840-436d-b093-f1a5b5c24792', 'eeb46d71-85f3-47bf-9d96-36e50cca2904', '43', '144', '76', '36', '117/70', '80', '20'),
('52a42f4c-ea7f-4ba6-b468-b9834efc9990', 'b210c6c0-9248-4f3b-97c2-deef5d01a6ad', '42', '150', '83', '36,', '120/79', '97', '24'),
('53295c22-2db4-4e4d-b3aa-029f9e9a2377', '196f92db-086f-4ec3-b47d-c3af3dacc14b', '50', '155', '90', '36,', '100/70', '82', '21'),
('541a2445-5dbf-414d-a811-6a654d3418e7', 'db40a915-84b0-40ed-8ad1-fba67c46fcd9', '62', '149', '76', '36,', '123/78', '101', '18'),
('5444de1e-6575-4a58-b79e-70f83792e1d4', '1a75c536-a059-4b2c-961e-b9ed39a65efa', '57', '140', '100', '36,', '121/82', '77', '22'),
('554881e1-15e0-4876-b3bf-74c9e8d708e6', '7da92d14-ebde-4416-bd4e-19f43ff3412f', '47', '154', '79', '36,', '159/90', '111', '20'),
('55acd0e1-0c3c-403f-ace1-f2b8aca44e9e', '406f44e2-6705-48c2-a1f4-0e7375ec047e', '57', '158', '75', '36,', '134/100', '92', '20'),
('56203c5e-6b79-48d1-beb0-882a6c03abe9', '465b3a57-17d4-4150-a37d-c8d22473eded', '61', '160', '75', '36', '120/80', '80', '20'),
('566bb1f2-d094-4a4c-be62-cbcefe6cac76', 'bce66293-7c5e-4527-bfd4-cf4a53a34f45', '56,', '150', '82', '36,', '150/100', '94', '20'),
('582b1d52-9fb2-499b-ac1d-663388bcfce8', '6b2ee34f-6d1b-4efa-9381-5038dbc2f4f4', '51', '141', '76', '36,', '107/63', '65', '20'),
('59803998-77d2-459b-ba92-ff0657642af4', 'c7af6c6b-8dff-4fa4-9f2a-b6910f13068b', '40', '151', '70', '36,', '120/51', '83', '20'),
('5a28e508-c851-4dd1-86a0-4eff86ced590', '9b482773-d6e9-465c-affb-088b23589be2', '55', '156', '92', '34,', '138/90', '68', '20'),
('5edaa96f-74c5-4583-a40a-fbc79d819418', 'b0870753-2b11-495b-a008-a04a3aa74e62', '70', '160', '80', '36.', '94/68', '70', '24'),
('5f98929d-ac83-42a5-ba8b-e331a108f82c', '70dc801e-4c9c-4a4a-8ac7-7fe5cf1f0373', '20', '117', '50', '36', '100/60', '80', '20'),
('60330b8e-1178-49ad-9396-536a25c19a22', '74f2e4d7-a13e-4424-840d-05052893d1c0', '43', '157', '76', '36,', '116/86', '97', '20'),
('6139ea84-4813-4f73-a862-34ef4e8d32ed', '113d5893-0b5d-4513-8d4f-d83068faa69e', '62', '162', '83', '36,', '110/80', '80', '20'),
('61a6d9ac-a866-443c-8ecb-cb020881f98c', '278f0cc2-7748-4f26-8215-36a31eebcf80', '53', '143', '88', '36,', '150/98', '94', '20'),
('61add65f-6fd7-4706-8bfe-0d6effcc184a', '46db70ca-6f00-4230-9b7f-5e3c39101a42', '49', '160', '62', '36,', '100/70', '82', '26'),
('6229e2f5-0a96-4103-bf27-c01b05ae39c2', '03fee2b6-1670-4bd2-a7b0-baeb5b75174a', '53', '159', '79', '36', '120/80', '80', '22'),
('6254b8f8-dafb-4ee8-b819-bc144ed2d4e5', 'f295634d-a2b8-4a4a-95a0-39b10680e21d', '48', '156', '89', '36,', '100/65', '80', '22'),
('62e15eb4-138e-42e9-b578-3eaf50a2b422', '6f9f0476-f892-48c2-a85d-62c721d554a2', '60', '160', '86', '36,', '110/63', '76', '20'),
('639be902-be97-4150-822b-caa7d90eaa8d', '0cdac0c8-8d52-4f00-a063-0398af1aa35c', '60', '148', '90', '36.', '100/70', '80', '20'),
('64e61a9d-e14b-40f7-a518-221235f6afe5', '8228bf8f-d8f8-476d-a9b6-c5158e85e729', '43', '152', '20', '36', '120/80', '82', '24'),
('65559ab4-dae7-422c-8fec-8c4ed535118d', '32950b4a-ca74-4ecd-8623-11776f1031a8', '59', '158', '75', '36,', '120/80', '80', '20'),
('65c8925e-2f34-4d21-bca1-90917aae6d51', 'daf8ab06-a1a6-4a67-9c38-9359c58b10c8', '60', '155', '70', '37', '170/90', '73', '20'),
('65f0647a-a47c-4ebe-8144-7810479da8f8', '863f6461-4fde-45ae-8659-b4133d31b4d8', '59', '149', '75', '36', '150/99', '80', '20'),
('6677bf63-5c82-4a13-a6fa-e9d5c4621883', '474bb433-d33c-40b6-a1b2-9ec90d850e90', '52', '169', '75', '36,', '146/106', '86', '22'),
('668f06d2-0098-49f1-9130-842d5ed2fbf1', '7869e8f2-6fa4-4a46-8e66-2615f09a00c9', '10,', '110', '50', '36,', '-', '110', '29'),
('674cd649-1cb1-4787-a44f-96130c1b232e', '4e498fb9-1abc-42d2-8647-5ca2ce0f3457', '67', '173', '94', '36', '125/84', '76', '20'),
('6768ac08-0ef2-48cd-bd60-1ddb6d2cf9c6', 'b62c933f-575d-4f5c-90fe-b4685e4b02ec', '49', '148', '75', '36,', '166/97', '76', '20'),
('68337310-9aba-4847-be3c-d08b769aac15', 'ff109b49-b118-4676-ba51-d2b1838c22f6', '9', '74', '40', '36,', '', '120', '22'),
('6b6175a3-73db-42d0-8cc9-f90e00d4ff34', 'b210c6c0-9248-4f3b-97c2-deef5d01a6ad', '42', '150', '79', '36,', '120/79', '97', '24'),
('6d6bdb07-cadc-44b4-b284-7c3b2259c77d', 'd48af2d4-6fce-44a5-bec7-772f83ffc958', '86', '142', '83', '36', '163/100', '86', '16'),
('6f6f5182-b7cb-4486-b863-31d55089ce61', '8b713be9-2fc4-4581-bf15-0877e3964c18', '48', '152', '76', '36,', '152/89', '58', '20'),
('6fa49e25-64dd-4013-9ef7-94051878f097', '9b9d23b2-d4fe-4eed-ac42-80f1e5959965', '57', '156', '78', '36,', '135/79', '76', '20'),
('6fa81721-94e6-4172-9234-d0c55731a7a4', 'e7cd3ba4-64fb-4f9b-ab1a-d250eafcdfd9', '35', '143', '70', '36', '108/60', '80', '20'),
('6fe04e97-4eaf-4460-a4a1-ab203d4cc893', '49b14864-af87-430a-8219-f1e34fe59f54', '51', '145', '75', '36,', '165/90', '88', '20'),
('709e3ee3-5819-486d-9372-8e419f3361c6', '6143c2b8-8e6d-4295-bdcc-05477d82acb7', '65', '160', '85', '36.', '130/90mmhg', '80x/m', '20x/m'),
('7134216b-f096-499b-a1e6-5b06a36ea975', '9e37cb88-1c67-4384-9c75-f2c2a6b2eaa4', '58', '156', '86', '3,6', '100/80', '84', '24'),
('72c4c6cd-974e-4678-b81b-f2c4a3800897', '794f0343-d6aa-45c7-a71d-b69bd20ff96c', '60', '165', '80', '36,', '80/60', '80', '20'),
('74e38bfe-0cbe-4d8e-a8e0-64fa3b49c616', 'ae76f052-2700-481f-9ca7-692e639754f8', '43', '163', '72', '36', '140/90', '100', '22'),
('76bcabb9-9569-42da-8baa-5f265170a1d5', '76f1c98e-1067-48fc-ac30-e1c112d6fbf3', '54', '150', '83', '36,', '132/77', '83', '20'),
('7726c934-07f7-47c6-8c0b-1ff979daa5c6', 'ea3b6c77-f97f-4a03-95b0-4a4b2d690d0e', '53', '150', '65', '36,', '150/90', '80', '24'),
('7794d03e-a1be-44d2-bbed-e0dfb57f42a2', 'a01d7de2-c2b0-4b61-ba74-188fadcd2e42', '51', '156', '72', '36,', '172/105', '71', '20'),
('783eb8f9-5b00-436d-a2e1-6446198bbb3a', '65786124-ad65-49b7-8800-4c6db1123963', '42', '150', '78', '35,', '100/80', '120', '20'),
('78666f91-b3af-428d-bfc4-789567ad8f73', '78500363-8f3a-4315-926c-1c57a19d99f9', '49', '150', '76', '36,', '134/83', '60', '20'),
('78a74e94-a848-4ded-a7a4-ca62b71470d4', '7e7a43f5-e613-48d3-bbb8-17cf2745d7c7', '44,', '147', '60', '36,', '90/60', '78', '21'),
('79da02de-3c71-4f7b-a437-6d044b3d84fd', '817d5585-f06f-4588-a5fa-4fd2e915e7dc', '60', '157', '90', '36,', 'Q20/80', '80', '20'),
('7aea83bc-bad7-4f48-8b91-c3e431ab8516', 'f64215bb-443c-4b1c-8deb-c31c24f9cb21', '39', '155', '69', '36,', '118/67', '88', '20'),
('7af460a2-b484-403e-ad24-198dadaf2776', 'c5b89670-e265-4bdd-8941-9f98b5009caa', '52', '149', '89', '36,', '110/70', '80', '20'),
('7cc83990-462c-4193-a469-3e1cfc6dd5af', 'aec38e4b-7698-468a-aadc-9260226ab23f', '62', '758', '85', '36,', '110/70', '80', '20'),
('7d16f5ad-3f2b-41a9-9a79-386bab45171c', 'a04b515a-9d08-4160-8d7f-8dc9d6dcc40e', '55', '164', '95', '36,', '130/80', '60', '20'),
('7d42ae35-7cf2-4309-82b1-57be5666fe21', 'bda75f92-9567-49a2-adf5-c5047e4d08e1', '73', '165', '79', '36,', '120/79', '62', '20'),
('7ea33c9d-8086-4fd3-bd57-07c6cacd61aa', '8853ec6d-910b-4245-9b02-488ec6beab0d', '49', '152', '77', '36,', '145/92', '61', '20'),
('8055c7fc-2d2a-470b-94a8-8ebab31c606e', 'b1889a2d-11a5-4976-9221-d1e8d27d7ba3', '77', '165', '85', '36,', '140/81', '83', '85'),
('820b0059-54d4-418c-bef8-7913d8ccc57c', 'dad5d95d-466d-4391-a1fe-9c8a7ab675c9', '51', '165', '72', '36,', '119/75', '90', '20'),
('83dd5c7d-c4c7-479f-8394-d88d7b432c46', '87a5222b-aeae-487c-aaaf-6ad7d7700bd8', '65', '166', '80', '36,', '128/77', '85', '20'),
('841856cd-9dc5-43d3-b902-626f721ac363', 'b210c6c0-9248-4f3b-97c2-deef5d01a6ad', '42', '150', '79', '36,', '120/79', '97', '24'),
('8541a3c5-9ec6-49df-b2ab-7a699b008562', '461f03bb-94c3-40b2-91f6-8180d17ff18c', '35', '148', '75', '36.', '80/60', '78', '20'),
('85d8cb07-90af-4392-8c32-74c5099a2f12', '01189744-d1a6-4613-8e42-457d2a65ac60', '72', '145', '110', '36.', '110/70', '80', '20'),
('86c54fd8-8d59-414c-a806-d9cee3410f19', '8b713be9-2fc4-4581-bf15-0877e3964c18', '48', '159', '73', '36', '130/90', '80', '20'),
('87276f9c-3253-4bea-8a4b-aa518a440576', '2e7b3270-8242-449d-9012-67349ca17563', '62', '150', '73', '36', '138/90', '78', '20'),
('883b274f-f7a4-42de-a510-6911a97ff067', 'e6787434-9471-43c4-b257-fe48f003747c', '58', '157', '97', '36,', '100/60', '80', '24'),
('88840592-bffb-4344-b457-0ca3e9e9309f', '1bd4989b-74ac-40a8-8a55-33275b05093c', '41', '142', '67', '36,', '141/73', '69', '20'),
('8893e782-cdf1-4e9f-8894-9d3b0880ca05', 'cc5028a8-b637-4671-81cd-eb30399e2e08', '67', '160', '73', '36', '102/84', '73', '20'),
('88c2659d-152e-4e41-ae09-08064ab16fa3', '2a000f8b-44de-4c42-95b9-2c4dd32f4ce6', '45', '150', '72', '36,', '155/99', '116', '20'),
('89db0d2b-c0be-4e18-b9dd-a7b06e8c337e', '0703a0f4-6f73-4456-bf8d-0326985fce23', '81', '149', '122', '36,', '146/81', '81', '20'),
('8a499eb4-121c-4bd5-b18c-80342cb0fae6', '35e086f7-926d-48cf-bf67-75acf9cced25', '56', '155', '89', '36.', '110/70', '78', '20'),
('8a70a294-209b-421c-bccd-b2d56bf89539', 'de447635-6d7e-4a23-8d6f-2bb652b00d36', '70', '150', '98', '36,', '110/70', '80', '22'),
('8b0196fd-72a1-4ff4-842c-ad0a9fc14d9d', '46d255e9-7554-48eb-9335-131aefbf2d06', '43', '150', '99', '36,', '110/70', '80', '20'),
('8bff6ff7-7ffd-49b6-a4de-c5039d8255e4', '9f2de68f-dc97-4266-aadd-661ebb8c6e6d', '49', '156', '74', '36', '104/69', '97', '20'),
('9110d979-e0e2-4fe2-b562-2e3587e42bdb', '758c5176-4db7-4c37-b11d-6b8fe9088711', '39', '155', '70', '36', '120/70', '77', '22'),
('91b07948-38a5-4104-9833-737b5f34ec0c', '7607a452-bd21-491c-8adf-0e43fec9b44e', '55', '155', '86', '36.', '80/60', '80', '20'),
('929a7222-da8b-4274-bf0d-012f8ca0047d', '821700b5-8fbb-4054-bb57-35421de901ee', '45', '136', '89', '36,', '100/60', '82', '22'),
('92d93865-0c4a-4110-8888-a255ede0fe75', 'a510036b-b4c4-45bd-aa87-362ab9326b1a', '52', '154', '75', '36,', '112/84', '75', '20'),
('936ccd4f-dfa4-487b-b6be-2c0f90ae992e', '0e1dc62d-66d2-413d-9df1-8afbf3f0a1b2', '50', '154', '88', '35,', '150/90', '88', '20'),
('956d5715-e837-42cd-a9ff-ce360ec4f875', 'f4ef574c-f648-45c4-b768-5cbd49af515e', '58', '158', '75', '36,', '181/98', '56', '20'),
('95e5e924-2942-4af4-9333-63fcbf5e7bca', '434eb40c-c2b9-4ae1-97f3-1dea67108a0f', '44', '150', '78', '36,', '133/92', '82', '22'),
('9613651d-352e-4da6-9db3-3276a251624a', 'e55ea94e-6473-402f-9b9b-c5b137118cee', '58', '144', '75', '36', '130/85', '78', '20'),
('96544c04-cc2f-4a86-83fd-9d26bcd64cc8', '259f2d49-296e-4830-8e03-ffa366b6d0c5', '42', '146', '73', '36', '144/89', '105', '20'),
('97e4a072-0b7a-4752-8d5c-275a203cc07f', '0cd6f4cf-6850-4dba-98af-d92222e85646', '64', '145', '97', '36,', '110/60', '82', '20'),
('99492831-3d5f-4f4d-af94-cca449d70cab', '56616999-28a7-4969-aae7-ff61f6e0090f', '24', '88', '61', '36,', '', '110', '30'),
('9aba81b5-894b-4603-b8a6-4121b6f663bc', 'fa366ba5-29b1-49b5-9e0f-adaeae8d0df4', '66', '142', '80', '36', '130/80', '65', '20'),
('9ad3d402-471c-471a-bec3-1a6420d979ef', 'b1892b9f-2da2-4697-b990-956fa917d9a2', '56', '140', '75', '36,', '170/80', '91', '20'),
('9b06d726-495e-4578-885b-53b065a7836e', 'ef8a38da-00c5-4f06-9ea0-c55eaf6c2d23', '55', '155', '82', '36,', '90/70', '80', '20'),
('9b51cad9-d3c2-4102-ae9c-b5f30bed6a62', 'ccf8a717-07ed-4025-ab4c-24d1a752d6af', '51', '149', '76', '36,', '170/95', '100', '18'),
('9b96d653-3c59-4e31-b03b-c80070bd4648', '500b0a8c-bfd5-4e69-9720-8cbfabb28bcf', '46', '143', '98', '36,', '110/70', '80', '24'),
('9ba3d684-6525-441d-a174-f96b35726556', '3403f45f-1345-473e-b371-f9d28453cf3a', '65', '151', '98', '36,', '100/80', '80', '20'),
('9c6ca925-d309-48ae-9488-b9df1eda5306', '54f2b6f7-37b0-45d0-b3af-fc439b9d0bca', '11', '91', '40', '36,', '-', '95', '23'),
('9d8c4c37-a159-46fb-b31a-a717df73bd1f', 'a68120be-c2c3-4b28-a0e2-6f084c8b16a8', '59', '142', '90', '36.', '110/70', '78', '21'),
('9e3f29e8-aef7-45f2-9194-144ab90eb6c2', '2d0fb111-79ca-48ea-a387-d738fb29ddfa', '69', '154', '102', '36.', '110/70', '80', '20'),
('9e6ccb8c-40b0-4e96-b3d7-1b58b51f1b2b', '711a2319-f180-4a59-992d-d28585315fbf', '6,2', '60', '38', '36,', '-', '130', '47'),
('9e9f4171-7034-4cb4-b2d1-99e48f285ced', '77124d1c-1c53-4be8-aac8-30865bc859c2', '64', '155', '78', '36,', '90/70', '78', '21'),
('a07d14ae-dbbe-49ba-802c-bedbfb5622f9', '7291670b-73b7-4acb-982e-0eb4d7687dae', '46', '143', '20', '36,', '110/90', '89', '20'),
('a2ca783c-eda4-43de-82fe-84a563a252d3', '26cef1ca-9d10-40eb-9868-a291e35d18d0', '52', '149', '92', '36,', '85/60', '78', '22'),
('a2f44b34-e335-445d-892a-10de70777ab7', '9246153c-fa50-4779-b51c-bd8344b195ad', '52', '135', '82', '36,', '164/77', '70', '20'),
('a31e246b-0290-4334-9c77-8aa070a68f3e', 'b16c368b-024e-439b-b577-93597d4171fb', '53', '150', '80', '36,', '120/86', '94', '20'),
('a3b5f880-5830-4b8c-91b2-02eac22c412e', '37ff9959-41f2-4c9c-9e82-a5b0688cacd2', '65', '172', '83', '36,', '110/80', '78', '20'),
('a4824646-b3ab-4302-a42a-52b574216034', '9b97c467-1e0f-4cfc-ac9e-fad8cf12dc82', '54', '148', '86', '36,', '100/70', '80', '20'),
('a4956a98-6f07-4c05-bfe2-2e1cfbad2350', 'd4d3215d-6014-492c-bb52-d76bc9d2d297', '39', '155', '70', '36,', '100/60', '102', '20'),
('a509110f-6394-4e22-bdba-6c688dc5a4a2', 'd48af2d4-6fce-44a5-bec7-772f83ffc958', '86', '160', '80', '36', '163/100', '86', '20'),
('a68df5ba-6602-4a90-8161-b571800dde4d', '35fc0682-e371-4fc0-bdf0-1560c3a1973a', '49', '154', '89', '35,', '130/80', '106', '20'),
('a6e607ba-cd66-4578-85e3-1014c02a71e5', 'ac099617-1c0d-4972-b4ea-73ad004a3929', '56', '148', '78', '36,', '139/90', '80', '20'),
('a6fd8073-6582-4f9a-a014-9f94aec0b71b', '8d72dd00-b831-4583-995d-679b9dce2f0f', '62', '168', '78', '36,', '136/78', '88', '20'),
('a73e910f-1fdb-459d-b18b-05c9dd0807b7', '26cef1ca-9d10-40eb-9868-a291e35d18d0', '52', '149', '82', '36,', '85/60', '78', '22'),
('a77866a3-7d4c-4ad4-b67c-2bfe4f9af79e', '89729577-c777-47c0-91fd-df6083ed0cd3', '23.', '87.', '60', '36.', '', '105', '22'),
('a85f58df-575e-4d39-a449-3fb191cc899a', '4691fab6-f4e5-42de-9c62-9971fe91d403', '63', '165', '86', '36,', '100/70', '78', '20'),
('a88f633b-c3a5-46ad-845e-a013c08b4fec', '4d3f9a00-c629-4b62-8e6a-45fba9123def', '46', '152', '73', '36,', '204/131', '56', '22'),
('a8b31718-7da7-45b9-b88f-386e2d8b2d76', '94210525-deb2-47b8-936d-f27ad622aa56', '67', '145', '85', '36', '148/100', '101', '20'),
('a99a9016-83e3-431d-964b-991a86a3a10e', '195e996c-72db-4e2c-bde2-93a76bfe3940', '22', '120', '50', '36,', '', '100', '24'),
('a9eee5ce-7c8b-4337-9a5b-c1d94355f818', 'a198abb1-bbb7-4118-b75a-384dba9a0f40', '59', '151', '102', '36,', '110/70', '80', '22'),
('aa56b6aa-a956-4e82-b32a-4a86978a66e6', 'aee66a30-0573-4daa-aaeb-2d16c5f18178', '40', '155', '70', '36', '140/80', '78', '20'),
('ab61ee3b-7c6b-41f8-b471-527a204f98cc', 'd2efbddf-d370-448e-b144-7cc1b805a464', '71', '156', '82', '36,', '90/60', '80', '22'),
('ab9f6805-9801-4b7c-b465-82fe7138039a', '67580206-fe73-4760-b0e0-bde04f4c42b9', '62', '152', '90', '35,', '106/70', '72', '20'),
('accc3ef1-5d69-4571-90cf-6ff20d0eef9b', '7e5a0370-f331-4739-8f45-1c16009bf0cd', '50', '133', '65', '36.', '', '84', '24'),
('adced746-1d0f-46f6-8486-f43943bec0f2', '1e0df408-6038-43b0-9817-ddd868ec58ff', '58', '165', '88', '36,', '130/80', '60', '20'),
('adee7074-257e-41da-b0d9-c7131d6b1ba1', '744ecd66-05e1-4bed-9a1b-8bd8c1e9a833', '52', '146', '82', '36,', '90/70', '96', '20'),
('b418b340-5e3a-4a99-a922-ed92696e7744', '1e0ff1e8-dd8d-40f2-a868-134a96bbeef9', '35', '142', '70', '36', '118/80', '72', '20'),
('b42062c7-9d64-4fd6-a9c6-a73c6df860f6', '45d08560-22d4-443c-ae53-bb72c3cd1e07', '42', '151', '65', '36,', '125/65', '86', '16'),
('b7012115-6190-4d48-a2e5-829e34b3c352', '0d491273-cf9c-4543-a410-936c6c26f054', '57', '152', '76', '36', '100/70', '85', '20'),
('b74778fb-28ab-42a1-94de-7d0061a46a81', '3cafeb45-1b4d-478a-8826-0df0d28b932f', '76', '155', '85', '36,', '140/100', '79', '20'),
('b8e04c38-d95f-4cc6-b94e-08bb8a0dc80a', '24830726-8cc2-45f4-be7d-d9e41c851766', '55', '158', '89', '36,', '110/80', '80', '20'),
('b9b4f088-a9dd-49f6-9b8b-fbf1f9b4d700', 'd58cd971-b3a9-4b42-ba6a-dfdef8d6c043', '52', '159', '74', '36,', '120/89', '113', '20'),
('ba85e4df-27a8-4171-b6b3-a32fbd43ad84', '59cfe1ad-3034-4c17-bbb9-35aeaa61f840', '59', '155', '75', '36,', '117/75', '78', '20'),
('bb218b99-65c1-4358-ad70-dd1c761fe3f9', 'f54cacf8-6898-4566-87ca-4ee973ca3f9e', '62', '158', '92', '36,', '120/70', '82', '24'),
('bb7c8e77-de93-4098-99ba-387ce090c685', '2106b8f0-d43b-4fba-a4c4-560ec99d65c7', '58', '157', '83', '36.', '100/60', '68', '20'),
('bb850622-2ed5-4f10-9163-6b68271172bf', 'de441708-e3d9-4bc5-a25f-9a32c1286b32', '56', '153', '82', '36,', '100/70', '80', '22'),
('bcb74ec5-aa86-4a88-bace-c8cb33f031ae', '0d6d4f42-57d9-41b3-9aa9-afc9733d26a4', '46', '146', '89', '36', '110/80', '84', '20'),
('bd592c3d-d324-46a5-885f-959846d15934', '4d56920a-5db2-4c1a-bb7a-972f3f1dd853', '43', '150', '70', '36,', '110/80', '102', '20'),
('be3b9624-2f38-485e-ac6c-4306ba347b92', '4303bbc2-0231-413b-a211-a3055494181d', '89', '177', '80', '36,', '114/87', '80', '20'),
('bf0e3fe1-715e-4d07-a140-ffa0d49a07c8', '263c98fe-86df-4914-a9b9-0136f2f39848', '45', '145', '70', '35,', '100/60', '80', '20'),
('c0026c59-e619-41df-b392-e92c53730b94', '1347a05b-5b58-4b8c-a97f-1eae3fbe207a', '43', '157', '66', '36,', '160/100', '100', '24'),
('c01c24d4-a7ca-4b92-88ca-b0c3b9aa22fc', '43327e84-4ac5-446a-84ee-e2e60c60664d', '57', '159', '83c', '36.', '100/80', '76 x/m', '21x/m'),
('c366a8b3-5f0f-4e4a-b4c5-87e08365327e', 'fe794d00-9ac7-457e-9f6f-93c4bbc90bb4', '58', '152', '92', '36,', '110/70', '82', '22'),
('c36f4dc6-4596-4fe8-9aa1-4279354fcbd8', '89c861b5-3952-4f4c-8a81-638796bf99af', '145', '46', '73', '36', '150/86', '70', '20'),
('c39108bf-efd3-40cf-9164-aef0194dd995', '911b3ebf-2da8-43ed-8181-dc018f0d7ab5', '54', '159', '89', '36,', '120/70', '82', '24'),
('c462025d-380e-45c5-98bd-2620507e8ab3', '1e7d2803-c0c7-4fd2-985c-5a03f9c56a79', '63', '148', '88', '36,', '140/80', '81', '20'),
('c4ec7d2c-730f-4ab8-b1f0-f0004539a428', '4c14d3f5-af12-4928-a9d8-33765f0cab93', '50', '149', '82', '36,', '100/70', '81', '21'),
('c68f2ae2-39a0-4285-bd35-387297b368a5', '19155d5b-1cf7-4f9f-99cd-8223b49e5b94', '47', '151', '79', '36,', '127/74', '120', '22'),
('c76872b4-04eb-4e04-abe3-881e180d53b9', '1775c4a4-3fed-4817-bb4d-5c53ed938d44', '82', '159', '92', '36,', '130/90', '120', '20'),
('c81602da-d0ea-4e05-a346-558fdb3291c2', '2c24d852-294b-43d7-84c3-7ad52515ffc2', '47', '154', '78', '36', '110/70', '97', '20'),
('c8e85a02-8251-410c-b38e-9a08c7e438b8', '33099346-0d9c-4724-9917-5b052afcf4d1', '57,', '165', '82', '36,', '128/66', '60', '20'),
('cb0c0ccd-cef8-4798-95c1-5b77dc138895', '4c8e9b82-b776-429d-bb9a-12724f66511e', '54', '167', '70', '36,', '110/70', '80', '20'),
('cb5d28ad-b436-4883-91a3-d547310439c9', '982ab44c-f9bd-4402-9c57-beda556324b2', '40', '155', '70', '37', '115/70', '80', '20'),
('cb88b6c8-2540-4059-87b7-b615c17d87c7', 'eb441095-c9ba-4f85-88c5-54fcc0a3413e', '50', '142', '73', '36,', '171/77', '84', '20'),
('ccfffe70-3a4a-42b5-beed-e77c16089627', 'c88d7222-bb8e-4866-a327-81effb758c72', '48', '150', '83', '36', '136/89', '61', '20'),
('cd693da6-3173-4498-a468-e9f354b31f19', 'cdf50607-e801-45bc-bf48-a8d2cf590fab', '51', '151', '75', '36', '100/70', '92', '20'),
('ce112856-0641-46de-8ffa-c23a39b98cfb', '0d479553-3e68-4520-abe9-9a640a761739', '50', '160', '85', '36,', '115/77', '72', '16'),
('ce2f88d5-95de-4d41-9bac-fe253b992df5', 'f3be84f6-c0c4-42f6-8140-f05b79042d33', '37', '142', '70', '36,', '166/92', '81', '20'),
('cef74214-1409-40ef-9af6-9b572fc6b73a', '61dc6b90-ea3c-42bc-a5fb-4185f24c2fd3', '2,6', '47', '16', '36.', '', '', '45'),
('cf5e8986-1318-49c4-b4f2-fc7998499518', '47b29f7e-4541-4274-8a66-e903701bf677', '47', '150', '82', '36,', '100/60', '78', '21'),
('cf8f3141-258e-4ce6-b18c-5e92d22d9171', '5b79aece-8f06-4e2e-a8cb-7eb2753c4489', '58', '169', '79', '36,', '140/80', '84', '24'),
('cfdfe712-d375-43df-9571-5512b8211363', 'b7a0ba22-1fa7-4a48-ad32-95169e73a702', '69', '150', '94', '36,', '175/90', '105', '20'),
('d033677f-04ea-47d6-9c2e-170952e83e2f', 'fec07949-5d3c-4b02-9db8-2c764bc4b364', '45', '148', '70', '36,', '95/70', '83', '20'),
('d643f205-9c6a-4924-8d23-25efb3a10a09', '86f1638d-1503-42b8-b121-27b68ea55ac7', '53', '155', '65', '36,', '147/83', '65', '16'),
('d6d9d2a8-9a0b-43ae-9213-30475c00ecf5', '35c5f001-db75-4e23-a8af-2e8036a70ef5', '81', '147', '92', '36,', '128/74', '84', '16'),
('d6edbd9b-3b56-4834-96c1-2201cc524105', '4e4eee16-4a0e-4aa7-8070-8b04a35e8b72', '55', '140', '86', '36,', '140/77', '96', '20'),
('d8fe6a58-79fd-49b5-b894-922a2538776d', '8d67cf2f-ff16-436c-87e2-53b22f9da81b', '33', '135', '69', '36', '100/60', '74', '24'),
('db876b48-03f5-4804-8da0-b4a456355214', 'ae9b0302-0a5a-4450-9aea-5c8b768332a9', '33', '145', '66', '36,', '', '84', '20'),
('dc2471e6-0513-4cfe-b43b-4997f9d92b37', '1f8aa3f4-defe-4f60-a77b-6a7b418c9cff', '39', '150', '70', '36.', '100/70', '80x/m', '20x/m'),
('e0b0b3b3-ea1c-4c0c-a313-eb664407ab5e', '5598bb95-7828-4617-853a-19e84c45c69a', '66', '145', '78', '36', '150/90', '78', '20'),
('e1dc8dee-afee-4eb1-afee-6bde0f946239', 'efb36c94-ad7e-47c0-9567-5bacd3fc1efb', '9', '69', '40', '36', '100/70', '110', '42'),
('e203a90e-330e-426d-b778-6a799c176a47', 'e5abf20f-63c1-4354-912a-4f7ce80d9519', '80', '167', '80', '36', '120/80', '67', '20'),
('e428e4a7-34ea-42ca-9354-2cbb0e9f4028', 'f5469614-ff45-4122-84e3-7bc43ecf3ce9', '70', '155', '68', '36,', '100/70', '80', '21'),
('e440b544-f676-48ed-90a7-356ec0d7b2da', '7b0c2f52-c4a2-4158-87bb-fb7bb5647e31', '50', '154', '86', '35,', '120/80', '60', '20'),
('e4bc21f5-58b7-442c-9109-2b3cca3c979d', 'abc9f71f-1193-49ae-8dac-1089872597ce', '79', '148', '92', '36.', '110/70', '80', '20'),
('e4e9358f-2141-429e-b8c8-75f677242314', '7d60020d-57bf-4243-89d1-aaf0f36c2c2b', '51', '156', '72', '36,', '172/105', '71', '20'),
('e63fae76-3044-442e-986a-5ff79cdf05a1', '8d1fcf3f-e4bb-4ea0-8d97-f563e3131529', '44,', '145', '86', '36,', '120/80', '84', '20'),
('e716381d-c1b9-4978-8f96-d6de083c1c06', 'a78c84dd-cacc-4435-a281-c3f1eb60814b', '50', '146', '82', '36,', '90/80', '84', '24'),
('e770cc82-590b-427a-b82d-9dbc8ff5be18', 'decd6c58-9b3b-45d8-80d6-13e649551542', '58', '163', '80', '35,', '160/100', '88', '20'),
('e779fa88-8326-4d6c-b1c4-b458e659d30e', '0b0ad808-f0de-4bd5-985f-07f6241b2b9a', '60', '160', '75', '36,', '170/90', '85', '20'),
('e954fb0b-2460-4e32-8d40-c49a4932048b', '10157419-084d-4bb8-a1fc-82a40c91d544', '67', '155', '98', '36,', '90/60', '80', '20'),
('e96c15ef-1c1b-4a09-870f-f183725c0405', 'fcdcb5e2-6b3a-4206-91ec-569c7f8fc3dd', '13', '100', '25', '35.', '90/60mmhg', '105', '35'),
('e9bc97e7-8e05-47e9-8916-4fd39790bd9e', 'a3af9ba3-8c48-4955-a8bb-087322239089', '63', '162', '89', '36,', '130/80', '74', '20'),
('e9ce769d-0279-4407-8372-7891f11aad92', '7bc120af-a141-4d74-8596-55e89fb4eab1', '48', '151', '70', '36,', '130/80', '80', '20'),
('ebe0b5b4-494b-4e46-bbed-67e4933589e1', 'd48af2d4-6fce-44a5-bec7-772f83ffc958', '86', '160', '92', '36,', '163/100', '80', '20'),
('ee590617-0799-4b08-ae07-95b5fde0fdc9', '61d41c5c-eb6e-4653-80c7-f2ae9177743b', '65', '150', '', '101', '110/70', '82', '21'),
('ee6f2f85-ff6d-47cb-bb00-fcd29acd58a3', '70c386de-8419-417d-84a2-179143ba489f', '70', '153', '102', '36,', '110/70', '82', '22'),
('ef3c1007-3796-441a-b88f-e2f9cd9aa332', '1e0df408-6038-43b0-9817-ddd868ec58ff', '58,', '165', '88', '36,', '120/90', '104', '20'),
('f06a7824-d8d9-41b1-afff-ff9b286d807c', 'bd97fb3a-1781-4c4a-adf5-ef9f247f7976', '53', '153', '80', '36,', '106/73', '87', '20'),
('f227a074-cf06-478c-b102-2443464d10ec', '35f72a49-74a2-456f-a996-6be64adf5e8e', '65', '152', '104', '36.', '130/80', '80', '20'),
('f2d124a6-a2a0-4efe-9695-0c3e30043463', 'f25125f1-57f2-43a0-bd95-cfe6e8262074', '15', '102', '45', '36,', '-', '110', '29'),
('f373e929-059e-4b77-936d-f2c745761d6c', 'bea1f457-06c7-4fc0-8d10-ad7d9390e1c7', '75', '144', '102', '36,', '159/113', '87', '20'),
('f4e2fd69-fccd-4a4a-b669-9197d6fadb62', '834926df-15bb-403c-ad73-6e9fba9aa832', '51', '140', '88', '36,', '128/89', '110', '18'),
('f4f18230-3904-408c-a941-d8db1d5ee064', '4814e3b7-50c1-4482-8f22-28bacac69f7c', '49', '146', '76', '36', '156/90', '71', '20'),
('f563a5d7-52cb-4f5c-b1ca-813ecfa1f9b2', '276fb0e1-af27-4a39-9b8b-341e83376f39', '58', '149', '80', '36', '112/77', '77', '20'),
('f695175d-3db4-42d1-8362-3074a69a0ba6', '26ebc0c0-1346-41c3-9766-8227987d67b3', '76', '140', '119', '36,', '120/70', '80', '20'),
('f6caa07e-bebc-4126-bc09-e026f7f8ba02', 'f8638e99-c8ec-4938-8774-692ee2d54be6', '37', '150', '70', '37', '134/75', '95', '24'),
('f779f3d1-dd6c-4078-bfa7-23050b24b56b', 'f3fda51b-b3c0-4e75-a8d3-6c4aae6161d9', '63', '148', '75', '35,', '120/80', '80', '20'),
('f804b735-cf6d-431b-a7ec-67ff3c582cb4', '6220027b-cd46-4556-bf0c-85925b72e368', '27', '121', '54', '36,', '-', '102', '22'),
('f80fdb96-5a43-438c-aeb4-6f7fce1d7a03', '3546b918-44ca-4558-9587-407d63448a85', '55', '148', '98', '36,', '110/70', '82', '24'),
('fa3674da-d872-46de-8288-413db307168b', 'a1d68796-8bef-45ae-aada-cfa5f70274dc', '13', '87', '36', '36,', '90/60', '110', '38'),
('fa7f5b8e-f33a-4fb9-9858-ca2ea73fc950', '0303ced1-f188-4eb0-b9ea-61e617ff1396', '60', '158', '86', '36,', '100/80', '80', '20'),
('faf8dbea-1e9c-4c18-a12e-2bf5b7484c0a', 'd134ba63-a230-457d-805d-c78acc066b7a', '51', '150', '84', '36,', '100/80', '80', '24'),
('fe05eda1-68de-40d0-90e7-06a404fe6cf8', '6f725e7b-359c-40fb-b033-e60941971f41', '22', '125', '50', '36,', '90/60', '100', '26'),
('fe60519f-ffa6-49c7-b98c-beb6dc454aa2', '24cd6df7-1bd8-420c-a8dc-ea1e7d929be4', '50', '144', '78', '36,', '124/75', '98', '20'),
('feac5c46-8e69-4c92-a742-a42330118082', '91374344-826f-4393-9756-9c2141d70725', '11', '83', '50', '35,', '', '90', '30');

-- --------------------------------------------------------

--
-- Table structure for table `tb_tindakan`
--

CREATE TABLE `tb_tindakan` (
  `id_tindakan` varchar(50) NOT NULL,
  `rincian_pelayanan` varchar(80) NOT NULL,
  `perda` int(9) NOT NULL,
  `satuan` varchar(30) NOT NULL
) ENGINE=InnoDB DEFAULT CHARSET=utf8mb4;

--
-- Dumping data for table `tb_tindakan`
--

INSERT INTO `tb_tindakan` (`id_tindakan`, `rincian_pelayanan`, `perda`, `satuan`) VALUES
('0517939a-e66a-41be-9a06-c165d3f3da39', 'Pemeriksaan dan Perawatan Mata', 10000, '/ Tindakan'),
('0eb28dff-213b-4d8c-8e8d-91bc30a532e4', 'Pemasangan Implant', 50000, '/ Tindakan'),
('203542f5-799d-4219-b190-7c1604964db3', 'Oksigen Besar', 95000, '/ Tabung'),
('2161f72c-b503-437b-bd83-2b9ebbe0558b', 'Pemeriksaan Anti Hbs Ag ( HA)', 5000, '/ Pemeriksaan'),
('27a7bcaa-cfe1-484d-bc64-f99221967103', 'Pemasangan Kateter', 30000, '/ Tindakan'),
('295fcd7d-6940-4e8c-811a-dc229fa679c7', 'Insisi Abses', 30000, '/ Tindakan'),
('29844140-8eaa-47cd-88a8-280bb476f8b7', 'Pemeriksaan Laju Endap Darah', 10000, '/ Pemeriksaan'),
('2c88a68a-6c77-41d3-b5d9-f2dbb842d694', 'Pemeriksaan Cholestrol Total', 8500, '/ Pemeriksaan'),
('3557c3f5-8cf6-4ce2-b0c7-8abf885011cb', 'Suntikan', 5000, '/ Tindakan'),
('36d423ac-b5de-4f79-9ac1-601d6ea42a4e', 'Pemeriksaan Kesehatan Pelajar / Mahasiswa', 10000, '/ Pemeriksaan'),
('3961b2b7-3e24-4b45-97ff-9f75565ceeac', 'Pemeriksaan Golongan Darah', 10000, '/ Pemeriksaan'),
('3d173741-d89c-4a75-817e-5318185250d5', 'Pemeriksaan Rhesus', 6000, '/ Pemeriksaan'),
('3d3aa903-ee8c-4149-a087-f674d5ed73ea', 'Perawatan Luka Bakar 6 - 10%', 20000, '/ Tindakan'),
('41cbef64-9f3a-4368-8d8e-ddd8ce7e6f97', 'Konsultasi Dokter Umum', 15000, '/ Hari'),
('4249ee77-4847-4daa-8348-4cbeab534941', 'Pencabutan Gigi', 12500, '/ Gigi'),
('45d47a04-cc6a-4b49-9818-71fe7a438e75', 'Pemasangan Infus', 10000, '/ Tindakan'),
('49ae6295-2153-48f9-b002-f2489aac4a50', 'Perawatan Luka Tanpa Jahitan', 5000, '/ Tindakan'),
('4bd7dca0-4f14-44b1-9aef-36529404dd8f', 'Pemeriksaan Asam Urat', 6000, '/ Pemeriksaan'),
('4d125931-8fe1-4b7e-9d4e-40e66aca1bd2', 'Pil KB', 1000, '/ Tindakan'),
('5189fd8d-7f28-4f0b-99fc-ebfd9d88fa20', 'Retribusi', 9000, '/ kunjungan'),
('56902eda-9f5e-45b0-901e-38ef2a4aee3b', 'Pelayanan Asuhan Keperawatan / Kebidanan', 25000, '/ Hari'),
('5c861dae-3c5d-42e4-9e5b-56599eaa319e', 'Cabut Kateter', 20000, '/ Tindakan'),
('5d6662f7-399c-4ce8-af54-e148be064954', 'Pemeriksaan Hemoglobin ( HB )', 5000, '/ Pemeriksaan'),
('5eed4bb1-9ff4-4366-bc29-541d008db71e', 'Persalinan Normal', 600000, '/ Salinan'),
('63fad08a-8afe-4c64-9b12-de920f0766fd', 'Angkat Jahitan 1-10', 10000, '/ Tindakan'),
('712dc2b4-4f30-4890-8793-6d336e1bed86', 'Ekstraksi benda asing', 20000, '/ Tindakan'),
('73e650f2-c4ef-4f7f-bcb9-108e67285b10', 'Pemasangan / Pengangkatan IUD Oleh Bidan', 50000, '/ Tindakan'),
('746d4b0f-6139-46b5-a051-2aba393def50', 'Pengobatan Saraf Gigi', 5000, '/ Gigi'),
('7ad8f5f2-bedc-4fe0-af0b-bffd9498eb98', 'Insici Abses Gigi', 10000, '/ Gigi'),
('7bf79293-9a73-464a-9708-492eefad0d8f', 'Angkat Jahitan ke 11 dst', 1000, '/ Tindakan'),
('7cafb3dc-7769-4f17-ab98-c4b5cc74cfe3', 'Pemeriksaan Leukosit', 5000, '/ Pemeriksaan'),
('7e53fe10-4913-4990-8a9d-3b76a30efe63', 'Biaya Transportasi Ambulance', 5000, '/ KM'),
('7e8cae52-e54a-426b-895f-48e1abd2d3a6', 'Perawatan Luka gigitan Binantang', 15000, '/ Tindakan'),
('7fbab4da-0ea0-47a8-8d4e-e229732b585a', 'Pemeriksaan EKG', 10000, '/ Pemeriksaan'),
('8d10c61f-5228-4f9e-93dc-06f8a2eed36d', 'Tambalan Sementara', 5000, '/ Gigi'),
('9304e51c-886b-4789-86d7-e3a27d9124f2', 'Bedah Mulut Kecil', 12000, '/ Gigi'),
('9a35cd1c-d2a1-412f-a8eb-01ab9523e0ec', 'USG', 45000, '/ Pemeriksaan'),
('a0fea0bb-7c5b-455e-a9c3-ee933ff5601a', 'Observasi 3 - 6 jam', 20000, '/ kunjungan'),
('a765799a-fec8-4d61-95bc-8bc26510063b', 'Pemeriksaan Visum Sederhana', 40000, '/ Pemeriksaan'),
('adb1081e-fb69-477e-b20d-a54fb47b55f5', 'Pengangkatan Implant', 50000, '/ Tindakan'),
('b70f2f3e-c00f-4cb4-82ee-81d84f301059', 'Pemakaian Ruangan Perawatan', 40000, '/ Hari'),
('bb77177b-1072-4e2e-b6b7-e04397495e52', 'RETRIBUSI', 9000, 'PERPASIEN'),
('bf117fec-0e86-4d4d-95fa-26de14d3bf5a', 'Perawatan Luka Bakar 10 - 50%', 30000, '/ Tindakan'),
('bf2a24c4-5cf0-4295-8b95-5b8a5dddadce', 'Pemeriksaan Hbs Ag', 5000, '/ Pemeriksaan'),
('c10dd8c8-0e9f-4266-bbcc-655fb9d90236', 'Pemeriksaan Kesehatan Bagi Pekerja / Calon Pekerja', 10000, '/ Pemeriksaan'),
('c2cff4eb-401a-40dd-9865-f96242790704', 'Pemeriksaan Gula Darah Puasa', 8500, '/ Pemeriksaan'),
('c40f0d52-9299-4013-929d-f2a4893f1b22', 'Pemeriksaan Malaria', 5000, '/ Pemeriksaan'),
('c4c8310c-b862-4c79-9a59-1ba837fcd94d', 'Oksigen Kecil', 60000, '/ Tabung'),
('c74d2337-e281-4a30-9515-9dd52503138a', 'Pemeriksaan Urine Lengkap', 5000, '/ Pemeriksaan'),
('c8a0edaf-9fd5-4a87-b892-2d7cd21cd2bf', 'Observasi Lebih Dari 6 Jam', 40000, '/ kunjungan'),
('c9dbe0ac-171b-4d63-844a-92e1f2dbdb6c', 'Pemeriksaan Labotorium  CalonJemaah Haji', 5000, '/ Pemeriksaan'),
('ccfb8be5-3b29-4255-8161-f90af18fa9e7', 'Pemeriksaan Fisik dan Kejiwaan Calon Jemaah Haji', 5000, '/ Pemeriksaan'),
('ccfc1594-7980-41e6-96b8-f82e7b02e692', 'Perawatan Luka Plus jahitan ke 4 dst', 10000, '/ Tindakan'),
('ce2f8773-c303-47db-a999-d4113437eec6', 'Penyediaan Makanan Pasien', 15000, '/ Hari'),
('d0cb3b2d-ee76-4134-b7cc-9b97c81a60d7', 'Perawatan Luka Bakar Kurang Dari 5%', 10000, '/ Tindakan'),
('d3756561-9c6f-4267-b76b-1cb49a903795', 'Cleaning Servis', 15000, '/ Pasien'),
('d991937c-9eeb-4740-be3e-7d37d3c67db7', 'Pemeriksaan Buta Warna', 5000, '/ Pemeriksaan'),
('e64c9d22-f1ab-493c-9e55-0bf8cb92b47e', 'Injeksi KB', 10000, '/ Tindakan'),
('e6d52ef9-51d5-4b9c-bdf8-e457141a9880', 'Skin Test', 5000, '/ Tindakan'),
('e8c98bb7-c09c-4281-a6ab-35c34fcde6c5', 'Perawatan Luka Plus jahitan 1-3 jahitan', 10000, '/ Tindakan'),
('e95c406e-0df0-4557-92fb-b552983a6fd0', 'Pemeriksaan Test Kahamilan', 10000, '/ Pemeriksaan'),
('f4c5f44f-663e-4399-8614-fce82a7e2740', 'Pemeriksaan Darurat Medik ( blm termasuk tarif tindakan )', 40000, '/ kunjungan'),
('ff31a504-18f7-425c-a009-61224bb47fda', 'Laundry', 15000, '/ Hari');

-- --------------------------------------------------------

--
-- Table structure for table `tb_user`
--

CREATE TABLE `tb_user` (
  `id_user` varchar(50) NOT NULL,
  `nama_user` varchar(80) NOT NULL,
  `username` varchar(40) NOT NULL,
  `password` varchar(50) NOT NULL,
  `level` enum('admin','dokter','apoteker','pendaftaran','perawat','kasir') NOT NULL
) ENGINE=InnoDB DEFAULT CHARSET=utf8mb4;

--
-- Dumping data for table `tb_user`
--

INSERT INTO `tb_user` (`id_user`, `nama_user`, `username`, `password`, `level`) VALUES
('1e549a3a-18d7-11eb-98c1-bc97e1129b04', 'apoteker', 'apoteker100', '1ed87cf10dcae908c308e3f63c07713dc3e33a56', 'apoteker'),
('577a9a82-18d6-11eb-98c1-bc97e1129b04', 'perawat', 'perawat77', '9fcc3a412ca9d4d9a6a08c890109a4b2454ad53e', 'perawat'),
('8fa89a9a-18d7-11eb-98c1-bc97e1129b04', 'kasir', 'kasir99', '22640fb88c6b33ba21ca32bec3424e5ccbaf3fbd', 'kasir'),
('a64babed-18d5-11eb-98c1-bc97e1129b04', 'SUPERUSER', 'superuser123', 'fc9f04cf4aaa2bf375e20c7e68db031c84a3f2ab', 'admin'),
('c616bb98-18d6-11eb-98c1-bc97e1129b04', 'dokter', 'dokter444', 'f3ea233c501e777e6df016369c7bbd1a56b792b5', 'dokter'),
('f657b172-18d5-11eb-98c1-bc97e1129b04', 'pendaftaran', 'pendaftaran321', 'b12c45cb55c052ecc10cba70a889dd723fb289b5', 'pendaftaran');

--
-- Indexes for dumped tables
--

--
-- Indexes for table `tb_diagnosa`
--
ALTER TABLE `tb_diagnosa`
  ADD PRIMARY KEY (`id_diagnosa`),
  ADD KEY `id_dokter` (`id_dokter`),
  ADD KEY `id_kunjungan` (`id_kunjungan`);

--
-- Indexes for table `tb_diagnosa_obat`
--
ALTER TABLE `tb_diagnosa_obat`
  ADD PRIMARY KEY (`id`),
  ADD KEY `id_diagnosa` (`id_diagnosa`),
  ADD KEY `id_obat` (`id_obat`);

--
-- Indexes for table `tb_diagnosa_penyakit`
--
ALTER TABLE `tb_diagnosa_penyakit`
  ADD PRIMARY KEY (`id`),
  ADD KEY `id_diagnosa` (`id_diagnosa`),
  ADD KEY `id_penyakit` (`id_penyakit`);

--
-- Indexes for table `tb_diagnosa_tindakan`
--
ALTER TABLE `tb_diagnosa_tindakan`
  ADD PRIMARY KEY (`id`),
  ADD KEY `id_diagnosa` (`id_diagnosa`),
  ADD KEY `id_tindakan` (`id_tindakan`);

--
-- Indexes for table `tb_dokter`
--
ALTER TABLE `tb_dokter`
  ADD PRIMARY KEY (`id_dokter`);

--
-- Indexes for table `tb_kasir`
--
ALTER TABLE `tb_kasir`
  ADD PRIMARY KEY (`id_kasir`),
  ADD KEY `id_diagnosa` (`id_diagnosa`),
  ADD KEY `id_kunjungan` (`id_kunjungan`);

--
-- Indexes for table `tb_kunjungan`
--
ALTER TABLE `tb_kunjungan`
  ADD PRIMARY KEY (`id_kunjungan`),
  ADD KEY `id_pasien` (`id_pasien`),
  ADD KEY `id_poli` (`id_poli`);

--
-- Indexes for table `tb_obat`
--
ALTER TABLE `tb_obat`
  ADD PRIMARY KEY (`id_obat`);

--
-- Indexes for table `tb_obat_pemasok`
--
ALTER TABLE `tb_obat_pemasok`
  ADD PRIMARY KEY (`id_op`),
  ADD KEY `id_obat` (`id_obat`),
  ADD KEY `id_pemasok` (`id_pemasok`);

--
-- Indexes for table `tb_pasien`
--
ALTER TABLE `tb_pasien`
  ADD PRIMARY KEY (`id_pasien`);

--
-- Indexes for table `tb_pemasok`
--
ALTER TABLE `tb_pemasok`
  ADD PRIMARY KEY (`id_pemasok`);

--
-- Indexes for table `tb_penyakit`
--
ALTER TABLE `tb_penyakit`
  ADD PRIMARY KEY (`id_penyakit`);

--
-- Indexes for table `tb_poliklinik`
--
ALTER TABLE `tb_poliklinik`
  ADD PRIMARY KEY (`id_poli`);

--
-- Indexes for table `tb_tandavital`
--
ALTER TABLE `tb_tandavital`
  ADD PRIMARY KEY (`id_vital`),
  ADD KEY `id_kunjungan` (`id_kunjungan`);

--
-- Indexes for table `tb_tindakan`
--
ALTER TABLE `tb_tindakan`
  ADD PRIMARY KEY (`id_tindakan`);

--
-- Indexes for table `tb_user`
--
ALTER TABLE `tb_user`
  ADD PRIMARY KEY (`id_user`);

--
-- AUTO_INCREMENT for dumped tables
--

--
-- AUTO_INCREMENT for table `tb_diagnosa_obat`
--
ALTER TABLE `tb_diagnosa_obat`
  MODIFY `id` int(8) NOT NULL AUTO_INCREMENT, AUTO_INCREMENT=104;

--
-- AUTO_INCREMENT for table `tb_diagnosa_penyakit`
--
ALTER TABLE `tb_diagnosa_penyakit`
  MODIFY `id` int(8) NOT NULL AUTO_INCREMENT, AUTO_INCREMENT=95;

--
-- AUTO_INCREMENT for table `tb_diagnosa_tindakan`
--
ALTER TABLE `tb_diagnosa_tindakan`
  MODIFY `id` int(8) NOT NULL AUTO_INCREMENT, AUTO_INCREMENT=69;

--
-- Constraints for dumped tables
--

--
-- Constraints for table `tb_diagnosa`
--
ALTER TABLE `tb_diagnosa`
  ADD CONSTRAINT `tb_diagnosa_ibfk_1` FOREIGN KEY (`id_dokter`) REFERENCES `tb_dokter` (`id_dokter`),
  ADD CONSTRAINT `tb_diagnosa_ibfk_2` FOREIGN KEY (`id_kunjungan`) REFERENCES `tb_kunjungan` (`id_kunjungan`);

--
-- Constraints for table `tb_diagnosa_obat`
--
ALTER TABLE `tb_diagnosa_obat`
  ADD CONSTRAINT `tb_diagnosa_obat_ibfk_1` FOREIGN KEY (`id_diagnosa`) REFERENCES `tb_diagnosa` (`id_diagnosa`),
  ADD CONSTRAINT `tb_diagnosa_obat_ibfk_2` FOREIGN KEY (`id_obat`) REFERENCES `tb_obat` (`id_obat`);

--
-- Constraints for table `tb_diagnosa_penyakit`
--
ALTER TABLE `tb_diagnosa_penyakit`
  ADD CONSTRAINT `tb_diagnosa_penyakit_ibfk_1` FOREIGN KEY (`id_diagnosa`) REFERENCES `tb_diagnosa` (`id_diagnosa`),
  ADD CONSTRAINT `tb_diagnosa_penyakit_ibfk_2` FOREIGN KEY (`id_penyakit`) REFERENCES `tb_penyakit` (`id_penyakit`);

--
-- Constraints for table `tb_diagnosa_tindakan`
--
ALTER TABLE `tb_diagnosa_tindakan`
  ADD CONSTRAINT `tb_diagnosa_tindakan_ibfk_1` FOREIGN KEY (`id_diagnosa`) REFERENCES `tb_diagnosa` (`id_diagnosa`),
  ADD CONSTRAINT `tb_diagnosa_tindakan_ibfk_2` FOREIGN KEY (`id_tindakan`) REFERENCES `tb_tindakan` (`id_tindakan`);

--
-- Constraints for table `tb_kasir`
--
ALTER TABLE `tb_kasir`
  ADD CONSTRAINT `tb_kasir_ibfk_1` FOREIGN KEY (`id_diagnosa`) REFERENCES `tb_diagnosa` (`id_diagnosa`),
  ADD CONSTRAINT `tb_kasir_ibfk_2` FOREIGN KEY (`id_kunjungan`) REFERENCES `tb_kunjungan` (`id_kunjungan`);

--
-- Constraints for table `tb_kunjungan`
--
ALTER TABLE `tb_kunjungan`
  ADD CONSTRAINT `tb_kunjungan_ibfk_1` FOREIGN KEY (`id_pasien`) REFERENCES `tb_pasien` (`id_pasien`),
  ADD CONSTRAINT `tb_kunjungan_ibfk_2` FOREIGN KEY (`id_poli`) REFERENCES `tb_poliklinik` (`id_poli`);

--
-- Constraints for table `tb_obat_pemasok`
--
ALTER TABLE `tb_obat_pemasok`
  ADD CONSTRAINT `tb_obat_pemasok_ibfk_1` FOREIGN KEY (`id_obat`) REFERENCES `tb_obat` (`id_obat`),
  ADD CONSTRAINT `tb_obat_pemasok_ibfk_2` FOREIGN KEY (`id_pemasok`) REFERENCES `tb_pemasok` (`id_pemasok`);

--
-- Constraints for table `tb_tandavital`
--
ALTER TABLE `tb_tandavital`
  ADD CONSTRAINT `tb_tandavital_ibfk_1` FOREIGN KEY (`id_kunjungan`) REFERENCES `tb_kunjungan` (`id_kunjungan`);
COMMIT;

/*!40101 SET CHARACTER_SET_CLIENT=@OLD_CHARACTER_SET_CLIENT */;
/*!40101 SET CHARACTER_SET_RESULTS=@OLD_CHARACTER_SET_RESULTS */;
/*!40101 SET COLLATION_CONNECTION=@OLD_COLLATION_CONNECTION */;
